ID,Target
ID_AAOODF,Bato ya masano ya basket ba zali kobeta baskete na terrain ya basket bai bongo bilenge mibali ba lati bilamba cilote na basengle na langi ya lilala mosusu langi ya bozenga.
ID_AAPBIE,Chikwata chavanhurume vomutambo webhasiketi bho chiri munhandare umo mune vanhu vakawanda varikuona mutambo uyu. Vatambi ava vakapfeka hembe tsvuku vamwe zvichena. pane bhora riri mudenga. Vose vari kurwira kuti vabate bhora iri.
ID_AATKGX,Pane ndege iri kumhara kana kuti kusimuka yakanzi Car. Ndege iyi inotaridza mavhiri mana matema pozouya bapiro rimwe chete rinoonekwa.
ID_AAYKBF,Na foto oyo nali komona balakisinga awa eza carton moko ya almede batie ango likolo ya libanga moko ya monene karton oyo eza na ba langi ya motane ya pembe pe ya mosaka na moyindu.
ID_ABPNFQ,E awa na moni ba lakisi biso bana mibale mibale oyo ba telemi na kati ya ndako na moni eza bana mibale oyo ba salaka sport oyo ya karate.
ID_ABXLTD,Mama kasi azotambola na mwana na ye mama wana alati elamba ya milai kasi yango eza na langi ya pembe eza na kasi na langi ya mbwe pe na langi ya mwindo kasi azosimba mwana na ye na loboko batambola.
ID_ACXWNX,Safu ya kotokisa na likayabu ya kotumba boekabweni sani ya mbele na pilipili ya kotuta pilipi batuta.
ID_ACZEVJ,Iyi imhando yehuku ine manhenga akawanda ebhurawuni ane machena. musoro wayo muduku kupfuura muviri wayo. makumbo ayo akatsika pasi panoratidza kuti pane masora ebhurawuni matema. Maziso haasi kuoneka nekuda kwekufushirika nemambava akawanda. Muromo wayo wakanongedza mberi. Kumashure kune fenzi yegireyi.
ID_ADOMPT,Shiri hombe yakachenuruka yakamhara padanda rakaoma rakapinda mumvura iri kuongorora mumvura kuona kana ingagona kuzviwanira hove yokudya.
ID_ADUOVN,Madomasi akawanda akatsvuka rikuratidzirwa ari kutengeswa kuti avo vanoda kuwana zvekurungisa usavi vazvitengere vonobika kudzimba dzavo.
ID_AEYASK,Esika to komi awa nazo mona na miso na nga ba lakisi ngai ba mabanga mabanga ya monene mpe nza balaba minene pe na sima mabanga minene oyo na omona bato ebele baotala ba mabanga wana.
ID_AFAKEG,Photo elakisi pano publicitaire ya aviation moko ba bengaka yango lengo espresse.
ID_AFXWKR,Vanhu vechirume vakawanda vakamira panzvimbo inotambirwa mutambo wechirume webhora. Pane huswa huri kuonekwa hweruvara rwegirini kuita mitsetse yakadhirowewa pasi yeruvara ruchena. Nechekumusoro kune macheya panogara vanhu ane ruvara rwakachena nerudzvuku.
ID_AGTPRM,Awa toza komona mesa na ba kiti mibale tozo mona bati yango esika moko bazo lakisa biso ndenge ezali kitoko to moni likola mesa kamwa kopo moko ezali ezali kitoko mpenza ezali kitoko ndenge baza kolakisa biso yango awa.
ID_AICQQG,Na moni kisi oyo esungaka mpona malali ya libumu na kati na ndako na yango.
ID_AJLYXZ,Mberi kwemba kune french dhoo ine mabhara machena uye mahwindo arikuoneka. Mukati mune masofa eorenji nemeti iripadhoo yekaki ine zvitema. Panze pefurenchidho pane mataira ari pasi.
ID_AJXJQK,Awa ezali buku oyo ba komi jebukinetomoni ba komi evenement seigneur desanoa yango wana ba komi baza kolokisa biso awa soko okoti na kati okotanga okoyeba biloko nini ba zali koloba na kati kuna ngo.
ID_AKEEIU,"Munhukadzi akagadzira kumeso kwake, akadhirowa tsiyo dzake akapenda muromo munzeve dzake muna mhete dzakarembera musoro wakarukwa namabhureidzi akasungwa padivi napadivi."
ID_AKEKCT,Awa na moni eza na kati ya bilanga liboso na ngai nazo mona mbuma moko ya kitoko pe ya elengi mingi.
ID_ALYEKY,Rokesheni rune dzimba dzakawanda. Pane iri padivi ine denga rine mataira matema. Pamberi payo pane motokari chena imwe ine denga rine marata egirini. Parutivi pedzimba pane marambi emumugwagwa.
ID_AMCCBI,Simbi inodaidzwa kuti shoko iyo inoshandiswa pamotokari yakagadzirwa nesimbi inoita basa rekuti motikari isanzwika mabhambi kana ichifamba.
ID_ANCBYL,Kisi ya bokoko eza kisi ya bokoko.
ID_ANEMZF,Moto aza na makolo azotambola na nzela liboso na ye nzete ebende ezali na nsima na ye motuka moko pe etelemi alati ba sapato ya pembe na likolo alati elamba eza na ba langi mingi.
ID_ANHQMY,Esika na komi awa nazo mona eza pembeni ya balabala na balabala yango nazo mona ba mituka ba mituka ya ndenge na ndenge na moni koza ba mituka mibale ya moke ya ba voiture eza langi ya vere epui pembeni na ngo na moni koza camion moko ya pembe ya carosserie ya ble vrema liboso na ngo na moni pe koamwa ndako moko ya etage ya kitoko ndako ya monene.
ID_ANZHBV,Bilenge mibali ya mibale ba zali bongo kobunda ba zali bongo bato ya ndembo oyo babetanaka makofi ndembo na bango ezali ya kobunda na bamakofi.
ID_AOHRVC,Awa nazo mona liboso na ngai mwana mwasi atelemi kitoko bauti kobongisa ye suki na kati ya salon de quafire.
ID_AORESO,Awa nazo mona basi bana basi misatu eza neti oyo mwasi na katikati nde mama na bango bao mibale baza bana na ye ba kangi bango pe suki ya meshe ya kitoko baza basi kitoko na mama na bango.
ID_ARBIRT,Awa na moni ba lakisi biso mwa lipapa ya jaune yakonzuluka na moni eza lipapa oyo ya bana mibali ba tiango na se na kati ya ndako.
ID_ARHAXW,Awa nazo mona ambalage ya kisi eza na kisi na kati kasi kisi yango eyebani te soki pe ebikisaka malade nini na yebi te.
ID_ARVDNP,Foto elakisi biso mwa loboko esimbi mwa kisi kisi oyo eza kisi ya kitoko kisi oyo ebomaka ba mwa nyama oyo ezalaka na libumu ya bato oyo etindaka bato babeli na mwa libumu pe bayoki pasikioyo ya kombo na ngo na kilo ezalaka makasi.
ID_ASBDUP,Eloko na zali komona awa na zali komona na milangi mibale to misatu na zali milangi ya ba fruit koki kozala ya ba fruit pana na zali komona na molangi moko badesinaki anana ekoki kozala molangi ba jus ya fruit ya ananas.
ID_ASIPKU,Camion eza na kati ya wenze elingi koniata biloko na se camion eza na kati ya wenze to moni bato baza na kati ya wenze camion eza koleka na kati ya wenze.
ID_ATIDGP,Kapuka kasiri kunyatsooneka kumashure kwacho. Kapuka kacho kane ruvara rwegirini makumbo maviri arikuoneka matete asi ane zvekubatira. Kumberi panewo kamwe kakada kuita kunge kahuswa kakareba. kane ruvara rutema kakakwira mudenga kachibva pachipuka chacho.
ID_ATIYKD,Na elili oyo ba zali kolakisa biso to moni ezali bongo na kati ya ndako soki nalobi na kati a ndako pona se to moni ba tandi tapi likolo ya tapi yango to moni lokolo ya sapato moko yabandeko mibale.
ID_ATTFDF,Boye kasi nde nazo mona liboso na ngai eza na babwate moko boye babwate yango eza en plastiqe kasi nazo mona eza na langi moko ya mosaka mosusu pe eza na langi ya bozinga boye kasi nazo mona eza na ba langi mosusu ya lilala pe na langi moko ya pondo.
ID_AVMULW,Motuka ya kitoko ya mwindo mpona ba konzi to pe libota.
ID_AWJYKX,Awa na moni tata moko alati kitoko aza na suki ya pembe aza na kati ya ndako bazo solola makambo ya politike.
ID_AYAUMX,Midziyo yekubatanidza mapepa inodanwa nezita rekuti sitepura yakasiyana siyana. Imwe ihombe imwe midiki. Pamuhombe pane une ruvara rutema iri nechekumusoro koita dzidiki dzine mavara machena koita imwe ine ruvara ruchena yoita ruvara rutema nechepamusoro.
ID_AYEGYT,Michero yakatemhwa kubva mumuti ikaunganidzwa. Ine ruvara rwakaita rutsvuku uye imwe yakada kuita sepepuru yakawanda iri pasi ipapo imwe yacho ine tutanda twakabatira pairi tuchiri girini. Michero inodyiwa nevanhu nekuti inobatsira kusimbisa miviri yavo zvekuti kana vazorwara havanetseki kukurumidza kupora.
ID_AYRYPF,Liboso na nga awa nazo komona sapato moko yango eza ya a grie batie yango na likolo ya kitambala moko ya bozenga.
ID_AYSLAJ,Nzvimbo inoitwa zvekubika bika. Pane nyama yakawanda iyo iri kugochwa pamazimbe ayo ane murazvo unoonekera kubva mumasimbi.
ID_BBQWLS,Elili eza liboso na ngai na moni mwa voitire ya kitoko etelemi pe eza na se ya nzete moko ya kitoko na balabala pe na moni motuka mosusu ezotambola ya moindo.
ID_BBUQAC,Mureza une ruvara rwebhuruu Une chiratidzo chiri kuruboshwe kwawo nechekumusoro chine ruvara rutsvuku uye ruchena zvakare. Kurudyi kuri nechekuzasi kune nyeredzi dzine ruvara ruchena.
ID_BCOIMC,"Mishina miviri inoshandiswa nevanoita zvekugadzira magetsi, uyezve padivi pachina pane michina ine tambo inoshandiswa pamwe chete nemimwe michina iripo."
ID_BDLDQK,Vatambo vebhora vakamira munhandare vakapfeka hanzu dzakafanana neshangu mumakumbo avo Vakamira vakatarisa zvichiratidza kuti varikutorwa mupikicha zvekare vari kuimba nziyo yekusimudza mureza wenyika yavo.
ID_BEAXGU,Muti wakanatsokupfumvutira une mashizha akasvibira uyezve unoratidza kuti une mumvuri wakanaka. Muti uyu une mapazi akawandisa.
ID_BEBWRK,"Tsangamidzi yakagadzikwa patafura yakachekwa mapisi, chimwe chidimbu chakasiiwa chakadaro inogona kudyiwa yakadaro kana kuita zvekubikwa."
ID_BHMOUC,Awa bolakisi biso photo oyo bana misatu bazo seka moko amonani te mibale bazo seka.
ID_BMAMTU,Shangu imwe chete yemunhukadzi yekurutivi rweruboshwe yakavhurika ine pekukochekera ine zvitambo ine ruvara rwebhurauni pamusoro nepingi kumativi.
ID_BMRJMV,Likolo ya mesa eza na eleko oyo banakelasi ba salisaka yango eza neti libende libende yango eza na langi ya bozinga esalisaka banakelasi mpona kosalisa ngo na kelasi na bango.
ID_BNABME,Na bilili oyo nali komona ba lakisi nga awa eza sapato moko ya bana basi batie likolo ya mesa sapato oyo eza na ba langi mibale ya motani pe ya mosaka.
ID_BNBXHO,Vana vaviri vari kuratidzwa mufananidzo uyu varikuita sevari kuda kutenga zvinhu pamusika. Vana ava vakapfeka nhumbi dzechikoro uyezve vana ava vakabereka mabhegi emabhuku. Mutengesi ari pamusika uyu akagara pachigubhu cheyero.
ID_BNWLVQ,To moni papa na bana na ye aza kokata mwana na ye suki pembeni na bango eza bana mibale baza kosakana toza komona kuna mosika baza neti bala na piscine.
ID_BNYYWA,Chanete ya kingo na loboko ya wolo.
ID_BODVLJ,Awa na moni eza na bana mibale moko oyo ba telemi liboso ya stade na moni pe eza na ba misusu oyo ba fukami na moni eza bana mibale oyo ba betaka ndembo ya maboko.
ID_BOVFVV,Na bilili oyo nali komona balakisinga eza ba tomate oyo ba kati yango pe ebeli te eza kaka na ba langi ya pondu na kati na moni ba langi ya pembe.
ID_BPMRMX,"Zvuma zviri mukati mechitoro zvakaitwa maputu-maputu. Zvimwe zvine ruvara rweyero, zvimwe zvine ruvara ruchena neruvara rutsvuku neruvara rweyero uyezve nezvimwe zvine ruvara rwepepuro neruvara rwebhuruu."
ID_BQTUGO,Bhatafurai rakamhara pasi rinoratidza kuti rine mavara mavara. Nechekumusoro kwemapapiro aro rinoratidza kuti rine ruvara rutema robva raita ruvara ruchena. Nechemuzasi tichienda kumutumbi rinoratidza kuti rine ruvara rutsvuku. Kumutumbi waro rinoratidza kuti rine mavara machena nemavara matsvuku.
ID_BRLAKJ,Awa ezali lisanga ya ba konzi ezali na reunion akosolola makambo ya mboka.
ID_BRRHVM,Esika to komi awa ba ndeko eza na kati ya balabala na balabala oyo na moni eza mwa motamotuka ya langi ya mai ya pondu epi libanda motuka oyo nazo mona eza mwa mama moko aotekisa ba mikate.
ID_BRZJGE,Mukomana akamira pamberi pechidziro akabata bhachi mumaoko make ane shangu dzekufambisa dzitema uye akapfeka hembe nhema imwe yakanzi naiti.
ID_BSBTOV,Foto eza liboso na ngai na moni mwa bilei likolo ya mesa pe na ba mwa sani ya kitoko biloko oyo eza penza ya bandele oyo na moni eza ba misuni oyo basalaki yango na kati ya blete pe na kati ya bulete oyo na moni batie m make pe kuna amoni ba sani mosusu basalade eza na kati pe na ba mwa kwanga na kati eza kitoko mpenza.
ID_BSCHXE,Liboso na nga na moni mwana mwasi mwana mwasi kitoko ya pembe naloboko na ye na moni asopi o ya ba bengaka na monoko ya poto sac a main alati pantalon ya bozinga na moni batongiye suki na ye malamu asuki na ye eza na ba langi ya motani nde na moni yango liboso na nga.
ID_BUPBKJ,Loboko esimbi nzeta fufu.
ID_BVLOQR,Mapushi aneruvara rwakasiyana runoti yero tema nechena ebhurawuni neekirimu. anopfekwa nevanhukadzi akagadzirwa nemachira pamusoro akasimba.
ID_BVRWJF,"Zvuma zvakapfekedzwa pazvidhori zvitema. Zvuma izvi zvakafanana mhando asi zvinozosiyana ruvara. Zvimwe zvuma zvine ruvara rwebhuruu namavara mavara, Zvimwewo zvuma ndozvine ruvara rweyero namavara mavara, zvimwewo zvine ruvara ruchena namavara mavara."
ID_BVVWIJ,Nzvimbo ine miti uye huswa. Huswa hwacho hauna kunyanya kukura. Huri kuwanikwa kunze kwerusvingo runodzivirira imba. Huswa hwacho hwakatsvukuruka huri kuita sekuti hauna mvura. Mukati mune miti yakakura. miti yacho ine ruvara rwegirini.
ID_BVYDAO,Kasora kanokura kachitambarara. Kanowanzotambarara pamusoro pemvura. Kane mashizha akanakisa akada kuita kakutenderera. Ane ruvara rwegirinhi nemamwe ane ruvara rwakaita kayero.
ID_BWBLLL,Na bilili oyo tozali komona awa liboso na biso tozali komona bango ba sabuni siki to tali makambo ba komi na ba carton yaba sabuni yango ezali bongo oyo motu yoasokesaka yango nzoto.
ID_BYLITH,Muchina wezvinwiwa une zvigaba pamusoro zvegirazi. Mukati mazvo mune zvinwiwa zvakasiyana. Chimwe chine chinwiwa chitsvuku chimwe chinwiwa cheyero.
ID_BZCOAH,Shangu mbiri chena dzakagarana dzine mukati mebhuruu. Pamusoro peshangu pane mabhadhi maviri.
ID_BZZNTU,Nhandare yemutambo yokunzana namasimba kana kuti wetsiva. Mune ruvara rwebhuruu pasi neruvara kaita bhurauni. Mune zvigaro zvine ruvara rweyero rwegirini nerutsvuku. Mune maraiti anopfuta. Pamusoro mune vanhu vakagara nevakamira.
ID_CAEBSB,Liboso na ngayi awa naa komona photo yasapato sapato yango ndenge ezomonana eza na bosoto mingi pe sapato yango ba tia yango likolo ya tapis eza ba carreaux te eza ba tapis.
ID_CBBJNH,Vanhu vatatu varikufamba mumugwagwa unoita seuri mudhorobha. Pavanhu vatatu ava pane vakadzi vaviri nemurume mumwechete. Murume uyu akapfeka mudhebhe mutema uye hembe tsvuku nekepesi. Madzimai akapfeka hembe nhema.
ID_CBWTCL,Awa nazo komona baflaco ya mafuta ya kopakola eza mine yango nyonso eza marque moko dexeril eza mafuta ya kopakola.
ID_CCEJUY,Awa na moni liboso na ngai ba lakisi ngai eza bijouterie esika ba tekaka ba biju nde yango baolakisa biso ba channete na ba grumette bato alataka.
ID_CCJUEN,Ringi dzakapfekedzwa mumaoko maviri emunhukadzi. Rumwe ruoko rweruboshwe runoratidza kuti rwakapfekedzwa maringi maviri akandocheneruka anoratidza kuti ndeesirivheri uye rimwe ringi rakapfekedzwa kuchikumwe chekuruoko rworudyi.
ID_CCMSCC,Motuka oyo eza motuka ba bengaka camion eza camion eza motuka oyo ememaka ba biloko ememaka ba zelo ememaka ba mabanga tango bato bazo tonga balabala tango bato bazo tonga ba ndako mituka oyo nde ememaka ba zelo po bato ba tonga eza na langi ya pembe na ba pine ya langi ya moyindo na pembeni wana eza na langi ya motane.
ID_CDDYTT,Vatambi vemutambo wetsiva vakamira vachiratidza unyanzvi rwavo. havana kupfeka hembe kumusoro kuzasi vakapfeka zvikadubura vese havana shangu.
ID_CDKWBW,Mwanasikana akamira akabata amburera yakavhurika kutsoka. Akapfeka mapatapata eruvara rweyero nebhurugwa pfupi nechekumusoro akapfeka hembe ine mavara mavara anoverengera yero ebhuruu nepingi isina maoko mumusoro make akaruka netambo chena.
ID_CDRINL,Ruoko rwakabata goka nhema yakabatidzwa kuti ipe chaedza murima.
ID_CEHWTB,Motuka ya minene oyo ekumba essence kasi eza na balabala eza motuka moko pembeni eza na balabala.
ID_CFSWOV,"Tafura ine ruvara rutema. Yakawaridzwa zvuma zvemuruoko nendarera dzemuruoko dziri kutengeswa uye dzakawanda. Dzina mavara matsvuku. Mamwe ane ruvara rutema, mamwe ane ruvara ruchena, mamwe ane ruvara rwebhuruu."
ID_CGBLNL,Mukomana akapfeka shangu nhema. akamira pamwe chete nebhurukwa dema. Muhuro make mune chuma uye mumaziso make munemagirazi Kuruoko rwake rweruboshwe kunewo chiringazuva icho chaakatarisa.
ID_CHAYJC,Munhukadzi akarukwa madhiredzi. Madhiredzi aya ane ruvara rwebhurauni Akapfeka nhumbi yekumusoro ine ruvara rwe kirimu uye ruvara rutema.
ID_CHDRNT,Liboso na nga na moni mayi mayi moni pe na mayi wana na moni likolo na yango eza nzela nzela ya mabele pe pe nzela oyo ba bengaka na monoko ya lopoto eza po nde na moni pe na moni ba mituka mingi mituka ya pembe pe mituka ya mwindo na bato mingi pe na ba matiti na penepene na yango.
ID_CIXTAN,Kapuka kadiki kakamhara pasi. Kapuka kacho kakaita senyuchi kane musoro wakakura uyewo kane mapapiro. Kapuka kacho kanogona kubhururuka.
ID_CJZEYO,He na bilili oyo batyeli biso molangi moko liboso na biso soki to tali molangi yango batye yango na se molangi yango na moni ezali bongo na langi ya pembe na langi pe ya bonzinga soki to tali malamu molangi oyo ekozala molangi ya malasi.
ID_CJZHQR,Pachiteshi chamabhazi pane makombi maviri akamira ane mavara akasiyana. Parutivi pawo pane bhaziwo rimwe chete rakamira rinoratidza kumberi kwaro kuchena. Nechemberi kune rimwe bhazi rakamira reyero.
ID_CKQPRT,Vanhu vari pakati pedhorobha vakarongereramo misika yavo pamakadhibhokisi. Vakawaridza jira rine ruvara rwebhuruu. Vamwe vakapfeka mabhibhi ane ruvara rwegirini.
ID_CLCVQW,Eloko nazo mona awa na moni eza obele mama moko boye mama ya kokola vrema totelemi awa liboso na ngai na moni mama yango alati mwa bubu bubu mpenza mwoko ya kitoko atelemi na kati ya ndako na ye.
ID_CLUUGI,Zvipanera zvakaturikwa kumadziro zvine mizera yakasiyana siyana. Zviri pamusoro zvakasvibirira nekucheneruka zviri pazasi zvakasvibira zvose.
ID_CMWEOJ,Munhurume nemunhukadzi ari kufamba padivi pemugwaga vari pasi pechivakwa chiri mudhorobha. Munhurume akapfeka mbatya rine ruvara rwebhuruu nemaoko marefu nebhuruu riri kuzasi rine ruvara rutema. Munhukadzi akapfeka siketi pfupi inosvika pamabva akatakura nebhegi recikadzi.
ID_CNAAPA,Vatambi vebhora vaviri vakamira vachiratidza kuti vagadzirira kutorwa mufananidzo. mumwe mupfupi mumwe murefu zvakare vane bvudzi rakachekererwa zvakanaka kwazvo.
ID_CNEWVO,Mafuta ya kopakola ya bana.
ID_CNHGQK,Esika bana ba vandi awa na moni eza neti baza na classe na moni bazo koma na kati ya cahier bango nyonso ba lati ba elamba ya classe ba bengaka uniforme.
ID_CNMTHU,Vanhu vakagara vari kutengesa mbatatisi. Mai vakapfeka zvichena Ane dhuku rine ruvara ruchena. Pane mbatatisi dzavarikutengesa mirwi nemirwi. Pamberi pane murume arikufamba zvekare arikuratidza kui arikuvaga mbatatisi idzi. Kumberi kune vakawanda varikuuya varikutsvaga zvekutenga uye pane mukomana ane chingoro akamirira vanhu vanotenga mbatatisi kuti agovabatsira kuvaisira mungoro achivaperekedza kuenda kwavanoda kunokwirira mabhazi.
ID_COIPSP,Vatambi venhabvu vari munhandare ekutambira nhabvu vari vana vechikuru.
ID_COKZFV,Mbudzi mbiri dzakamira imwe iri hombe inemwunga dzakatarisa kumusoro. Nechekumusana ine ruvara ruchena kumberi ine ruvara rwemambava akatsvuka. Chimwana chayo chiri pazasi chine ruvara rwakafanana namai kasi hachina mwanga.
ID_COUUAA,"Zvigaro zvekugarira zvisina cwekuzembera, izvo zvakagadzirwa nemapuranga uye zvine zvigariro zvazvo zvipfumbu zvakagadzirwa nepurasitiki."
ID_CQDCXT,Mombe ine musoro une ruvara rwebhurauni nepamuromo patema. Mombe iyi ine nyanga dzakaenda kumativi iri kuratidza kuti iri kutsenga nekuburitsa mazino akaenda padivi ine kahuswa pamuromo zvekare.
ID_CSUPIY,Nzvimbo ina maruva emhando dzakasiyana siyana ayo akaisirwa mavhu muzvipepa zvitema. Nzvimbo iyi ingangova inotengeswa maruva.
ID_CTDWOV,Motokari hombe yerori regonyeti yakatakura mabhero ekotoni mukati. Motokari dzinoshandiswa kutakura zvinorema uye zvinhu zvizhinji zvakadai se mabhero iwaya kubva kuminda kuenda kunzvimbo dzekunotengesera donje.
ID_CUDWBK,Munhukadzi akachena akapfeka hembe ine ruvara ruchena runotsvedzerera muhuro make Akapfeka mhete. musoro wakagadzirwa zvinonwisa mvura. Mumaoko mune mhete muzvigunwe mune mhetewo zvakare.
ID_CUHHNH,Ona kati ya ndako esika ba bongisi yango bien pona koyamba bapaya pona kofanda ya mosalo esika ya kopena.
ID_CUNQQV,Chipuka chakamhara pamusoro pematombo chinoratidza kunge gwavava. Rine makumbo mana okufambisa nemuswe wakareba uye rine musoro wakandotsvukuruka nemuviri uri muruvara rwakasvibiruka nemuswe wakatsvukuruka zvakafanana nemusoro. Rinoratidza kuti riri kudziya mushana. riri pamusoro pematombo akakombwa nebundo rakasvibira.
ID_CUPYSP,Na esika oyo nazo mona ba nkumu bazo signe na ba buku ya leta pe to moni eza batu misatu mibali mibale na ndeko mwasi moko.
ID_CURVSX,Na elili oyo nazo mona esika bazo lakisa biso mutu asimbi ndambo ya elei ba bengi chu.
ID_CUSTOO,"Mhete idzi dzakasiyana siyana uye nengetani dzekuisa muhuro dzezegoridhe. dzimwe dzidiki, dzimwe dzihombe dzimwe dzine mavara akasiyana. dzakaiswa patafura yebhureki dzakawanda."
ID_CUXBJJ,Ruoko rwemunhu rwakapfeka bhuresiketi nechuma dzine ruvara rwesirivha rwepepuro nerwe bhuruu. Pane maruva ari kuwonekwa esimbi ane ruvara rwebhuruu nerwesirivha. Pazasi pane mucheka uri kubudikira une mitsetse yeruvara rwakachena nezvitema.
ID_CVLFSK,Eh awa na moni eza sapatu ya bana mibali.
ID_CWTEDX,Foto elakisi biso mwa zamba zamba oyo eza zamba moko ya monene mpenza pe na kati ya zamba oyo na moni mwa mwasi avandi na ye emonani aza koluka ba mwa biteni ya nzete po akende kolamba mwa bileyi na ye.
ID_CXBMDD,Tambo irikuonekwa yemagetsi yakagadzikwa pasi pamatairasi arikukwakwamuka ane ruvara rutsvuku neruvara rwebhurauni nemitsetse. Nechekumberi tambo yakabatanidzwa nemudziyo une ruvara ruchena.
ID_CXDLKZ,Awa nazo mona polisie na ye awa alati elamba alati elambanaye ya mosala na ekotine ya mosala na moni pe bapolisie mosusu bazokebazokende baza ebele.
ID_CXIQEJ,Shangu inopfekwa kurutivi rwekurudyi. Yakagadzikwa pasi ine ruvara rutsvuku uye imhando yematenesi. Kumberi kwayo kuchena payakagadzikwa pane mavara matema nepamwe pane madodzi Uyewo shangu yakadai inopfekwa vanhu vachiita zvemutambo kana kuti kuchitonhora. yakanakira kuti hainetsi kufamba nayo sezvo ine chitsitsinho chipfupi.
ID_CYCTUN,Varume vari munhandare yebhora varikuratidza kuti vari pamutambo wavo webhora uye bhora rakatsvetwa pasi pachiratidza kuti pane mumwe arikurikava vamwe varikuzama kurivharira kuti risandopinda mugedhe mavo. Vose vakapfeka zvikabudura.
ID_DAOMCB,Komichi yerudzi ruchena ine mubato mune derere riri mumvura riri mukati mekomichi iyi sipunu yakabatwa ikabudisa rimwe derere shoma. mvura yederere inoshandiswa nevamwe pakomwa uye derere rinobikwa rodyiswa sadza.
ID_DAXLAS,Kasi na liboso na ngana azomona eza mwasi mama ya mwasi alati bamateriel moko ondire ba bengaka tablier kasi ye mama yango alati tablie eza na lange ya bozinga asimbi mashine moko oyo mashine ya sudure.
ID_DCUADZ,Shangu dzechidzimai dzinonzi mabamusi ine dzitema uye dzine mukati muchena dzakanyorwa nezvichena mukati.
ID_DCXYVX,Photo na moni liboso na ngai eza photo y oyo banga na munoko ya poto logo logo wana eza bato ba komi chidepi et batima adrese telephonique awa bato ba salaka batongaka ba ndako nde na moni liboso na nga awa.
ID_DDGBXH,Motikari nhatu dzakamiswa pamberi pechivakwa uyezve dzakaiswa mukati memumvuri une denga rine ruvara rwebhuruu uyezve chivakwa chiripo chine ruvara rwemeruni nezvitinha rwekirimu.
ID_DDOTPI,Bato mibale ba fandi na kati ya ndako mwasi na mobali baza na katikati ya mafuta ya komipakola malasi mafuta ya nzoto na mafuta ya motu nyonso ya komi pakola biloko ya nzoto.
ID_DECRKT,Varume navakadzi vakamira vatatu vakachonjomara pasi. Vose vakapfeka zvakafanana. Vakapfeka zvichena kumusoro nemasiketi ejira rine mavara akasiyana anoti bhuruu namatsvuku. Varume vakaisa machira muhuro.
ID_DFEGFZ,Nzvimbo inoratidzika kuti mudhorobha. Parutivi pane misika umo mune vanhu vakawanda vari kuita mabasa avo okutengesa. Panewo munhurume mumwechete ari pachingoro chake amenozvari kubata bata mumabhokisi ake.
ID_DFKJAI,Ivhu rine makomba akacherwa. Makomba acho haana kunyanya kudzama. akacherwa achiitwa tumitsetse. Makomba aya anogona kushandiswa kusimiwa zvirimwa.
ID_DFSMMS,Liboso na biso to moni awa bazo lakisa biso eza mannequin ba latisi ye ba liputa bazo lakisa motindo nini liputa oyo batongaki yango.
ID_DGRVJT,Shangu dzine ruvara rwebhuruu Dzakagadzirwa nejira rejini. Dzine hiri yegireyi dzinopfekwa nevanhukadzi kana vanhurume. Dzakagadzikwa pamusoro pemataera ekirimu.
ID_DHVQIV,Nzvimbo iri muguta reharare. iyo ine migwagwa yakawanda mikuru ine dzimotokari dziri kufamba. Munewo vanhu vakawanda vamwe vakagara vamwewo vari kufamba vachienda pakatsaukana.
ID_DMJNOW,Shangu dzechikadzi mbiri dzakaita gogo dzigere panzvimbo ine mataira machena. Imwe yacho yakagara pamusoro peimwe. Dzine mabhande akasiyana akatenderedza shangu.
ID_DNCKDJ,Liboso na nga awa na moni mwana moko ya mobali atelemi amemi mwa eleko ya libende nsima na ye na moni ba biloko moko ya salite salite na mwa ndako oyo ya kala.
ID_DNJYJQ,Ba soda ba soda ba telemi ba lati elamba na bango ya kitoko mpenza elamba ya kisoda ba lati pe ba sapato ya moyindo ba lati pe ba mikaba ezali na langi ya shokola pe na ekoti ezali na langi ya motane ba mosusu baza na ekoti ya langi ya pondu mosusu moko ezali na ekoti ya langi ya moyindo.
ID_DNOWAN,Awa tozali komona baza kolakisa biso elamba moko ezali monene ezali lokola kitenge moko ya monene kasi ezali kitoko eza na ba lange ya bululu na mayi ya pondu tozali komona ezali kitoko.
ID_DPCENG,Musoro momunhu muduku mune vhudzi rakatsvukuruka iro rakati nyangarara. Mumativi makagerwa kusiya vhudzi rose rapera uyewo ganda richionekera.
ID_DPORVV,Na photo oyo nalikomona balakisinga eza sani ya pembe batiye yango likolo ya mesa sani oyo na moni mbisinamoni fufu pe na moni pondu na moni na pilipili.
ID_DQKDOH,Motokari inotakura zvinhu zvinorema. Pane mavhiri arikuoneka akakura ane ruvara rutema. Motokari yacho ine ruvara ruchena ruri kubudirira kumberi. Musoro wacho hausi kunyatsa kuoneka.
ID_DQNKGM,Na elili oyo nazo mona bazo lakisa biso moto na balabala azopusa brouet esika azoleka na balabala ezali na elili na mur ba komi soni labutanti.
ID_DRGIQX,Poto inobika yakabairirwa kumagetsi uye yakavharwa pamusoro payo ndeye sirivheri uye ihuru ine mubato mutema.
ID_DRMIBV,Na bilili oyo nali komona loboko ya ndeko moko asimbi kamwa bido na kati eza mafuta ya motuka wana ba bengi yango toyota.
ID_DRQDHR,Awa nazo mona bisi ezomema bato ya bis ya monene ya transport asi kuna nazo mona nzete ya monene ezali na matiti mingi.
ID_DTAXKI,"Zvishongedzo zvevanhukadzi zvakarongedzwa kuti zvitengeswe uyewo zvine ruvara rwesirivheri. Marebero azvakaita anoratidza kuti zvinokwana mumaoko kwete muhuro uyewo zvine ruvara rwesirivheri. Zvine tubhora twakazvitenderedza twumwe tunosanganisira mavara ebhuruu, zvakanaka uye zvinotora maziso."
ID_DTWMNJ,Hwiza inozivikanwa nezita rekuti mbiya mugogoda. Hwiza iyi ine ruvara rwakachenerukira Nechepamberi payo pane ruvara rutema mumazisoayona ine ruvara rweyero yoita makumbo arikumberi ane ruvara rweyero zvakare.
ID_DUCAYT,Bato mingi ba vandi mibale na basi ba simbi mikanda bazo koma bazo landa bango nyonso makambo bazoteya bango.
ID_DVOOKJ,Na bilili oyo nali komona balakisinga awa eza kiti moko ya biro na kamwa meza na yango kiti oyo eza na ba langi ya bozinga na mesa eza na langi ya moindo pe na moni kamwa sache na se ya langi ya bozinga.
ID_DVUHKU,Awa tozali komona ebale tozali komona ebale ekoki kozala rivar nkongo to moni na kati to moni ba bwato ba bwato etelemi na kati ya mai to moni ebale yango kuna na kati to moni mwa ba matiti ezali na kati ya ebale na kati kati ya ebale to moni ba mwa matiti yango wana to moni ezali ebale ezali ebale ekoki kozala nkongo river.
ID_DYHFNJ,"Munharaunda munogara vanhu zvinoratidza kuti ichangotanga kugara nekuti dzimwe dzimba dzichiri kuvakwa uyezve hadzisati dzapera, izvo zvinoita kuti vanhu vange vachiwana mabasa akaita sekuvaka."
ID_DZSHEQ,Logo ya benoi garmier azali specialiste asalaka biloko ya mabaya ya nzete bazo sala piblisite na ye po bato baya kotala ye baluka biloko asalaka ba somba yango.
ID_EALPPR,Amai vakamira vakabata mwana parutivi pavo. Nechekurudyi mwana ane hembe nezvebhuruu zvitema nezvitsvuku. Ivo vakabereka bhegi rine bhurauni. Parutivi pavo pane macheya matsvuku nemachena akagadzikirwa kireti yechingwa. Mberi kune varume vakabereka masechero uye vane makepisi vose.
ID_EAXNCQ,Bhutsu tsvuku kana kuti ine ruvara rweredhi regumbo rekurudyi iri yechinhukadzi.
ID_EBIVAA,Motuka komema bato epai na epai etelemi pembeni ya bala bala.
ID_ECOUKU,Ee awa na moni eza na mibali mibale oyo ba fandi na mwana mwasi moko oyo alati ba bilamba ya maputa e na moni ba fandi na kati ya ndako na sima na bango na moni eza na ba biloko mpema ebele oyo batiye na mur.
ID_ECTELE,Mudhorobha mune mugwagwa une tara. Pane vanhu varikufamba vamwe vari kudarika. mugwagwa. Panewo motokari dzirimo dzakaita semakombi nemarori nemota diki Zvekare mune midhuri yakavakwa ichienda mudenga.
ID_ECYWVS,Awa na moni eza alimentation na kati ya alimentation na moni ba milangi ya masanga ebele eza awa bazo teka nde yangoyo ba lakisi biso awa.
ID_EDVJNY,Panze pane sofa rakagadzikwa mhuvhu. Sofa iri rine ruvara rwakaita rutema. pamusoro. Pesofa iri pakagadzikwa makusheni ane ruvara rwakati chenerukei.
ID_EGBJZM,Awa esika naza komona na zali komona eza lokola na lisamba nazo mona ba nzete mingi ndaku moko to mibale nazo mona pe bangumba moko alalirlai.
ID_EHELCY,Na elilio ozo mona esika bazo lakisa biso tracteur motuka monene esungaka kobongisa nzela nazo mona esika bazo lakisa biso tracteur ezali kobongisa nzela.
ID_EIDXID,Liboso na ngai nazo mona mesa moko ya kitoko likolo na yango nazo mona ba fololo mibale.
ID_EJKPKL,Elili ono nazo mona bazo lakisa biso motu azopusa pusu esika nazo mona eza na babido ebele mabido ya velitre eza lokol azokende koluka koluka mai.
ID_EJUKLB,Mureza wekunyika yejapan uyo wakasungirirwa padanda resimbi mudenga une ruvara ruchena rwakautenderedza. Pakati pawo pane chiratidzo chedenderedzwa chine ruvara rutsvuku.
ID_EJXBUL,Esika oyo ba lakisi biso bato baza mingimingimingi mpenza ba telemi baza kolanda soki baza kolanda nini toyebi te to moni kaka ba telemi to moni batika mwa tapi moko ya langi ya bululu na se soki ba lingi basambela soki ba lingi ba sala nini toyebi te bango moko nde bayebi kasi bato yango ba zali mingi to moni ngambo kuna ezali zamba ezali na ba nzete mingi ezali na ba matiti mingi soki ba zali kosambela soki ba zali kosala nini toyebi te bango mboko nde bayebi.
ID_ELYVBC,Matomatisi akawanda achiri mumunda asi akura zvino uye aibva akatsvukirira asvika panguva yekuti achikohwewa.
ID_EOGJIP,Vanhu vakapfeka nhumbi dzinoratidza kuti ihembe dzemutambo. Vakapfeka hembe dzine ruvara ruchena nemabhandi. Vamwe vane mabhande matema. Vamwe vane mabhandi ebhurauni mumwe akapfeka chitema kumusoro nebhande nepasi kune zvichena. Vanhu ava varikuratidza kuti vanhu varikuita mutambo wekarati. Pane munhukadzi mumwe chete werudzi rwechivanhu nemunhukadzi mumwechete werudzi rwechichena.
ID_EOQIYP,Vasikana vanoita zvemutambo we bhora remaoko. Vaviri vakapfeka zvakafanana. Vaviri vakapfekawo zvakafanana. Vaviri vekuruboshwe vakapfeka hembe dzine ruvara rwebhuruu dzakanyorwa pamberi neruvara ruchena. Koitawo vamwe vaviri vakapfeka hembe dzine ruvara rwepingi yakachenerukira kumusoro yakanyorwa neruvara rwepingi nechivamberi kuzasi vakapfeka zvikabudura zvine ruvara rutema.
ID_EORGOX,Oyo batiye liboso na biso awa kaha muke aza molangi ya malasi oyo ba tiaka na nzoto.
ID_EPQEMO,Na bilili oyo nali komona ba lakisi nga awa eza wenze na moni bazo tekisa biloko ya kolia ba tomate ba birai pe na moni ba milangi misusu kuna.
ID_EPSMXE,Furegi iri rakagadzirwa nemavara anoti: Kudenga kwekutanga kune ruvara rutema ruchitevedzerwa nekamutsara kane ruvara ruchena kuchiteverwa nerumwe ruvara rutsvuku rune tiraianguru yebhuruu mukati pachitevera zvekare kamukaraini kana kuti kamutsara kachena kuchiteverwa zvekare neruvara rwekupedzesera rinova ruvara rwegirini.
ID_EROPVG,Miti yemijakaranda mihombe ine trangi yakakura Ine makwande ebhurawuni nestiriti raiti ririkuoneka rakanamirwa maposta. Mberi kune juraho nemiti yemi paini uye yejacaranda ine maruva epepuro. Pasi pane chigubhu chakadonha nehuswa hwakaoma nejecha.
ID_ERPYFF,Mapoto ayo anoshandiswa pakubikira ane mizera yakasiyana siyana. mamwe mahombe mamwe madiki ane mivharo yakagadzirwa negirazi uye mibato iyo yakagadzirwa zvine ruvara rutsvuku.
ID_ERVOTT,Awa nali komona biloko oyo ba lambaka na moni babirai bacarote batungulu ba pome ba mbuma nyonso batu ba liaka mpona sante na bango.
ID_ESDDEB,Motokari huru inodanwa nezita rekuti eksikavheta. Ine ruvara rweyero namavhiri makuru ane ruvara rutema neyero. Kumberi kwayo ine foshoro yakasungirirwako yashakara ine ruvara rwebhurauni.
ID_ESVWGG,Awa na moni ba lakisi biso mwa carton moko eza na kisi na kati kasi na yebi te soki eza kisi ya bokono nini ba tiango likolo ya mesa.
ID_ETBDET,Vakomana vari munhandare inotambirwa bhora.
ID_ETCPAZ,Nzvimbo inowanikwa muguta Ine motokari dzakanaka. Inewo zvipangwari zvinoshandiswa nevanhu vaya vanoda kushambadza. Pane migwagwa yakaiswa tara. Kumberi kuri kubudira zvivakwa zvakakwira mudenga.
ID_ETGYHN,Panobuda chirimwa chebarwe chatobereka hupi yebarwe isati yasvika yabudisa rebvu namamwe mabarwe ari mumunda anoratidza kuti akawondoroka.
ID_EUGOLJ,Chitoro chinotengesa nhumbi dzechidzimai nedzechirume uye mune mukadzi arimo ari kuona zvinhu akabata bheke tsvuku nehembe dzakaiswa pazvidhori dzine maruva maruva nedzimwe dziinamaruva.
ID_EUQEQC,Elili oyo bali kolakisa biso awa to moni ezali bongo na kati ya ndako songolo akati ya ndako yango tozo mona lokolo moko ya sapatu yaba ndeko mibali batie yango na se.
ID_EXRHDG,Vana vechidiki vari mukati menhandare yekutambira mitambo yebhora uyezve neyegomhanya. vamwe vasikana vamwe vakomana vamwe vakagara pasi vamwe vakamira uyezve kudivi kune vamwewo vari kutamba vari ikoko.
ID_EYKBKF,Na balabala oyo na moni motuka moko ezoleka eza na langi ya mbwe eza na bato baza na kati motu mosusu afandi na nsima alati bilamba ya bosinga na moni pe eza na motuka mosusu yango pe ezoleka na balabala na mopanzi kuna na moni eza na lopango moko ya mosaka liboso na ngo eza na ba nzete ebele.
ID_EZCCJG,Vanhu vari munhandare yebhora vakapfeka hembe dzemutambo. Pane bhora riri muchadenga. Mumwe akamira arikuratidza kuti ane chekuita nebhora iroro kuti rakandirwa mudenga. Pane vakagara kuzvigaro varikuyeva zvirikuitika munhandare nevarume vaviri mumwe rimwe divi varikuona zvirikuitika varikuita samarefu emutambo uyu.
ID_FALXJI,Masofa akarongwa zvakanaka ayo ane mitepfe tepfe inogarirwa nevanhu munguva dzekutandara kuzorora kana kuitawo zvimwe zvinhu. Ane mapiro awo ane ruvara rutsvuku nerwegireyi. Pakati pawo zvakare pane tafu.
ID_FASBOF,Na foto oyo nali komona balakisinga ba ndeko mibali baza bajoueur baza na kati ya balabala bali kosala spore pe ba lati bilamba ekokani nde na moni ba lakisi nga.
ID_FATGBJ,Logo na langi ya mosaka makomami moindo a mwasi alati elamba ya langi ya moyindo pembe rose pe langi ya lilala bongo pe na chokola na bozinga alalisi pe suki.
ID_FBJMUD,Pamusha apa pane miti yakasiyana. Pane mujakaranda uyo une mashizha akaregedzana kozouya. Pedyo nechidziro pane miti mitatu ine mashizha akapfekana.
ID_FBVFQS,E awa pe na moni ba lakisi biso lisusu ba buku ebele na moni moko eza buku oyo ya bana mike bana ya kelasi ya ko desine na kati.
ID_FCQYCF,"Nzvimbo inotengeswa zvuma nemhete zvemhando yepamusoro. zvimwe zvachona zvakarongedzwa nechepamukova kuti vanhu vaone senzira yekushambadza zvinhu izvo zvuma nemhete zviripo zvine ruvara rwegoridhe, ruvara rwesirivheri nemamwewo mavara."
ID_FDEPXL,Na moni eza esika ba sambelaka liboso na ngai na moni eza na ba langi misatu ya liboso eza langi ya bololo ya mibale eza langi ya pembe ya misato eza langi ya motane.
ID_FDHAJW,Munhukadzi ari kufamba padivi perodhi akafuratira akapfeka rokwe refu rinosvika kumakumbo. rine ruvara rwebhuruu neruvara rwebhurawuni. Ine maoko mapfupi akatakura bhegi rechikadzi rine ruvara rwebhurawuni mumusoro akapfeka dhuku.
ID_FECWJL,Logo ya lacost logo ya lacoste ezaka na na langi misato eza elangi ya pembe langi ya vere na lange ya mwindu na lolema ngando ya motane.
ID_FEQNNF,Awa tozalikomona ndako moko ezali ya kitoko ba ba komi alav tolisie ndako yango ezali kitoko to moni na nsima na yango to moni mwa ngomba moko ezali na matiti ya mayi ya pondu.
ID_FEXOME,Na foto oyo nali komona ba lakisi ngaawa eza bilamba ya bana basi nali komona eza na ba lange ya bozinga ya longondo pe na ba langi misusu.
ID_FFIIOR,Na elili oyo nazo mona bazo lakisa biso etaleli ya pembeni makasi penza ya bikeli ya mokili nazo mona bazo lakisa biso kli ezali lokola pungupungu ezalokola ndakisa ya pungupungu.
ID_FGBZEX,"Nyama yakabikwa zvakanaka yakasangana netumwe tunhu turimo tunenge tumupunga tunoita kuti ikorere zvakanaka supu yacho uyewo nyama iyi kana munhu oda kudya anogona kuisawo kana sadza parutivi chingwa mamakaroni, nezvimwewo zvakadaro kuti nzara yacho ibva yanyatsopera."
ID_FGIQHS,Foto na moni ba lakisi awa na moni eza ndako ndako wana eza ndako monene kon na ya motusi awa na moni ba fenetre mingi mingi mingi ba fenetre eza ba couleur na ba vranda eza de ba fenetres nde na moni awa.
ID_FHZRBF,Muchina uyo uri kugadzirwa une ruvara rwebhuruu neruvara rutema neruvara ruchena wakanyorwa. parutivi pane gwapa jena nemavara matema.
ID_FIBLOU,Shangu mbiri nhema dziri kuonekwa chikamu chepakati kumberi nekumashure kwakadzivirirwa mukati mutsvuku uye dzine tambo nhema dzine tsvina.
ID_FIVZJF,Awa pe esika na komi awa nazo mona na misu na ngai ba ndeko eza obele pancarte eza pancarte moko ya monene ya monene mpenza eza na misu na ngai pancarte oyo eza mpona piblisite ya kobunda na covid na mona awa eza ya piblisite ya kobunda mpona covid1n9 eza pancarte moko monene.
ID_FJHUKW,Na bilili oyo nali komona ba lakisi nga logo mpe eza na ba langi ya pembe na moyindo na kati e nali komona ba lakisi nga na logo oyo.
ID_FKEVFH,Miti yakawanda kwazvo uye iri mupfupi. Inoratidza kuti yakaungana panzvimbo imwechete. Ine mashizha akanyatsosvibira. zvinoratidza kuti irikuwana mvura nekudya kwakakwana.
ID_FKSFHH,Shangu dzekurudyi nedzekuruboshwe dzine ruvara ruchena nerwebhuruu yakacheneruka. Pane kamufananidzo kenaiki kakanyorwa nezvitema dzine tambo chena.
ID_FKVEEO,Shangu mbiri dzakavharika dzine ruvara rutema. dzinopfekwa vazhinji nevanhurume.
ID_FLRZJY,Munhukadzi akarukwa musoro wake magodi marefu akangomira mira.
ID_FNKFXO,Chikamu chenhandarenechedivi rekuno kune varume vakapfeka hembe dzinopfekwa nevatambi. umwe akagara pachigaro chake. Kumberi kune vamwanhw asi kune zvimwe zvigaro zvisina kugarwa.
ID_FOIWOL,Eloko baolakisa biso awa na moni eza sapatu sapatu yango eza yabana basi nde bati likolo ya tapi bolakisa biso awa na miso na biso.
ID_FOJOIW,Gonye huru rine mavara akasiyana siyana. Inorarama nekudya maruva. rakakora zvikuru uye rine makumbo mazhinji.
ID_FOKRFJ,Na elili oyo na zali bongo komona loboko ya moto asimbi lopete azolakisa biso lopete lopete oyo ndenge na moni eza lopete oyo ba lataka pon libala te to eloko songolo pe to moni azali bongo na kati ya ndaku.
ID_FRPCWP,Awa na zali komona bana mibali ba zali kobeta eloko ba bengaka basket ba zali kosaka na ba mosusu ba lati elamba ya mosaka na mosusu ba lati pe elamba ya bonzinga.
ID_FRPIJN,Miti yakareba zvikuru inoonekwa ine mashizha mashoma inenge yave nguva yechirimo. Denga rine makore mashoma uye zuva richiripo riri kuoneka kuti nguva dzamasikati.
ID_FSMBVW,Awa tozo mona bato bazo sala election soki ezali ya politike wana na yebi te nazo mona journaliste moko azali na micro na ye a lange ya bozinga azotonisa ye ba question moto moko ndenge amonaki election wana.
ID_FTZRME,Na bilili oyo to ali komona ba lakisi biso awa eza bato ebele ba fandi pe na pembeni na bango lopango wana na moni batie ba dessin misusu.
ID_FUPBNF,Mhuka yomusango iyo ine nyanga dzakakorerera ina maziso makuru. Poitawo nzeve dzakakura. Ine ruvara rwebhurauni muviri wese. Pamberi panewo mavara mavara machena.
ID_FUVCDX,Musoro wakarukwa bvudzi namabhureidhi marefu anekuzasi kwaanoperera kwakatesvera akakora anorukwa achibva divi rekuruboshwe achienda kurudyi achidzokera kumashure nekuseri kwenzeve. musikana wakamarukwa wakapfeka dhirezi dzvuku risina mahoro.
ID_FUVYYY,Michero yakaibva yakarembera padanda remuti ine ruvara rweyero uye kumativi kwayo kuri girini pairi hapana mashizha yakangomira yakarembera iri yega michero inodyirwa nevanhu kuti ibatsire miviri kurwisana nezvirwere uye yakanaka kuti haina mafuta.
ID_FVYBJQ,Besu reshiri rakareba rakatorwa mumiri weshiri usiri kuoneka. Rinoratidza kuti ndere shiri huru nekuti minhenga yacho yakakura ine ruvara rutema. Kuseri kwacho kune miti yegirini nemaruva.
ID_FWBYPB,Nazo mona na elili oyo esika bazo lakisa biso milangi ebele etandemi ezali lokola eza na ndako ya botekisi nazo mona ezali lokola bisaleli ya ba mama mpona kosunga poso ya bana na monoko ya lopoto ba bengi yango poudre.
ID_FXFVEC,Bandunda oyo eza batembela biloko ya kolamba bap okolia.
ID_FXNXBA,Shangu mbiri dzemwana mudiki Dzakagadzikwa pasi pane mataira ane ruvara rwekirimu. Shangu idzi dzine ruvara ruchena uyezve dzine zvekunamisa pamusoro. Mukati madzo dzine ruvara rwebhuruu.
ID_FYISHL,Chiruva chechimuti chakachekererwa pazasi kuita denderedzwa pamusoro zvekare chikachekererwa kuita denderedzwa nechepamusoro. Chimuti ichi chine mashizha egirinhi ane kahuyero nemamwe ane kahubhurawuni nezvimiti zvinoita kunge zvaoma. Zvine ruvara rwebhurauni. chiri padivi pechivakwa chine zvidhinha zvitema.
ID_GAWUMM,Miti dzakakura nedzipfupi dzina mashizha akawanda akasvibira ane ruvara rwegirinhi.
ID_GCKZBD,Mukati memotikari muri kuonekwa mushina unoratidza kuti motikari iri kumhanya sei. Une zvitanda zvitsvuku zvakatenderera uye pakanyorwa nemavara machena.
ID_GCYPCZ,Vanhu varikufamba mukati meguta. Padivi pavo pane motokari dzakamira dzakatevedza guta iri poita chingoro chinotengesegwa zvikafu zvimwiwa zveteeribhodhi.
ID_GDGYJP,Awa tozali komona ezali ndako moko ya etage kasi to moni ndako yango ezali ya sika to moni bawuti kotonga yango kala mingi te kasi to moni eza na ba langi oyo ezali langi ya pembe na mwindo tozalikomona na ngambo kuna to moni chokola yango wana tozo mona ndako yango eza kitoko na balabala moko ezali liboso na ngo esi bato balekaka na esika ba motuka etelemaka to moni ezali kitoko mingi ndako yango.
ID_GDLJUS,Awa na moni mama moko avandi na ban avandi na ban eza lokwa na balabala mayi moko eza liboso na ye wana mam alati elamba ya ba mama katolique mami maya mama maria avandi na balaba na ba moko tala nye balabala bato bazo leka na bango.
ID_GESZQP,Bvudzi rokuwedzera rakarukwa pamudzimai uye rakasanganiswa pakati ndobva rareba richikwira mudenga uye rine ruvara rutema tema.
ID_GGDBGD,Sango guru rine miti ine mashizha egirini. Rinewo huswa hwakawanda hwakaoma hwebhurauni. Pasi pane mumvuri wemunhu.
ID_GGKGFR,Foto oyo elakisi biso mwa terrain ya basket na kati ya tere ya basket na moni mobeti baza ebele mpe na moni mobeti moko asote aza na balo na ye na moboko.
ID_GGLQZP,Na bilili oyo nali komona ba lakisi nga awa na batu ebele ba mama pe ba mobali ba fandi na moni papa moko atelemi azoloba na bango pe ba lati ba cache nez.
ID_GHLRHR,Komichi yegirazi ine ruvara rwegirini. yakagadzikwa mundiro yegirazi ine mavara machena neebhuruu. Parutivi pane ndiro dzedhaga.
ID_GHZNHD,Mudhorobha iyi nzvimbo inowanika mudhorobha. Mudhorobha mune motokari dzakamira dzimwewo ndedzinofamba dzichifamba. Mumugwagwa une tara uye pamugwagwa apa pane marobhoti.
ID_GKEQRS,Liboso na ngai nazo mona balabala moko ya monene likolo na yango nazo mona bato ebele ba telemi ba mosusu bazo tambola.
ID_GKZCUH,Vasikana vana vari mukati menhandare yekutambira mutambo webhasiketibhoro uye vakapfeka nhumbi dzine ruvara rwebhuruu. Vasikana ava ndevechitema uyezve vane miviri iri pakati napakati.
ID_GKZTUQ,Munhurume akamira uyo akabatawo bhora kuruoko rwake rworudyi ruoko rweruboshwe. Akasimudza zvigunwe zviviri mudenga. Akapfeka nhumbi ine ruvara ruchena. bhurukwa rine ruvara rutema pamwe chete neshangu nhema.
ID_GLIUNU,Vanhu vakabata madhiramu uye mabhusvu. Vakapfeka mbatya dzebhuruu vachiridza vane maheti mumusoro ebhuruu. Mireza iri padyo nevanhu vakagara.
ID_GOJFMX,Ba ndeko esika na komi awa nazo mona na miso na ngai eza obele bana mike bana mike ya monoko ya lopoto ba bengaka bana mike bana kati ya kelasi eza bana ya guardien ya maternel ya ecole maternel baza na kelasi na bango eza bana mitano ba fandi na kiti bazo solola ya bana mike ya kelasi.
ID_GPQJUU,Shangu imwe chete yechidzimai yakavharika ndeye ganda uye ndeye kuruboshwe ndeye ruvara rwepingi. Yakagadzikwa pasi pane mataira machena nematema.
ID_GQDNFR,Awa na moni eza esika ya bisengo liboso na ngai nazo mona ba bilenge ya mibali na ya basi bango nyonso ba lati bilamba oyo ya langi ya bololo na pembe.
ID_GQPKUB,Elili oyo e kolakisa esika ba tandi makemba yango ya mobeso nanu ya langi ya pondu.
ID_GRLGGS,Photo oyo eza liboso na ngai na moni pa ba salaka mbo ya pena na moi ya so pe ba sango ndako ena.
ID_GRNIBG,Foto eza liboso na biso na moni mwa sani moko ya kitoko mpenza eza likolo ya mesa na moni na kati ya mwa ndunda moko ya kitoko mpenza pe na mwa pilipili oyo ya langi ya mai ya pondu eza nano mobeso pe ezalaka kitoko mpenza pe epesaka mwa solo ya kitoko na kati ya bilei.
ID_GTHNLE,Eh awa na moni toza na kati ya lupango moko ya monene na moni na kati eza na mwa ndako moko ya kitoko makasi oyo ba pakoli yango langi ya pembe liboso ya ndako na moni eza na ba sapatu oyo batiki libanda.
ID_GUMKQC,Awa baza kolakisa biso ndako to moni ndako oyo ba tongi kitoko nde baza kolakisa biso awa to moni ezali na ba nzete kuna na kati na ka jardin moko kazali libanda.
ID_GVCCGR,Na bilili oyo tozali bongo komona tozo mona ba kopo mitanu batiye yango esika moko soki to tali malamu ba kopo yango eza na eloko moko na kati tokoyeba te soki eloko yango eza ya koliya to eza eloko nini.
ID_GVCKDT,Foto oyo elakisi biso mwa balabala ya molayi na kati ya balabala motuka eza te moko te pe na moni ba ndako pembeni ya balabala oyo na bamalampe ya publice na kati ya balabala eza kopela eza balabala kitoko a.
ID_GWDPBR,Awa na moni toza na kati ya kelasi na moni bana yakelasi nyonso awa ba fandi na se e moko aza liboso azo koma na molakisi na bango pe afandi pembeni na moni bango nyonso ba lati ba biloko na motu.
ID_GWQLRG,Nzvimbo ine mugwagwa wevanhu vanenge vachifamba netsoka. ine miti yakati pano neapo ine mashizha egirini. Hapana huswa hwakawanda watiri kunyanya kuona.
ID_GXWURJ,Mureza une ruvara rwenhundurwa ruchena rutsvuku rwebhuruu uyezve une chiratidzo che tiraiengo chiri nechekuruboshwe chine ruvara rwegirini.
ID_GYTAHY,Tireyi BIN nemasherefu okutsvetera zvinhu kana kuti zvinyorwa kana kuti zvishandiswa muhofisi.
ID_GZANIC,Vanhu vari mukereke vaine vakapfeka mamasiki hembe chena nhema uye umwe ane magirazi.
ID_HBRDXA,Munhukadzi akarukwa mitsara yemadhiredhi inoenda kumativi ichibva nechepakati. madhiredhi ake matema uye marefu zvokudarika mazamu ake.
ID_HCAQMQ,Liboso na nga awa na moni mwana mwasi oyo ba pesi ye coupe ye abetaka baskete.
ID_HCOKTE,Varume vatatu vakamira vakapfeka nhumbi dze eyatimu kumusoro umwe kutsvuku vakapfeka chitsvuku vaviri ndezvegirini kuzasi vakapfeka zvebhureki.
ID_HCWVMP,Biloko ya kolia na sani likolo ya mesa eza bongo na soso ya kokalinga ezali bongo na boudin ya kokalinga pe pembeni ezali na ndunda na sani ya mwindu.
ID_HDHFPP,Ezali kati ya supermache esika ba tekaka ba biloko ya kolia tozo mona ezali parti ba tekaka ba biscuit ba bengaka yango coteparfu vanile ezali ya marke a bele france.
ID_HGBIRJ,Chipupusha chingoro chine mawasheni bhasiketi migomo ine ruvara rwebhuruu nerutsvuku. Munhukadzi akapfeka hembe yeyero kumusoro. dhirauzi rakasvibira motikari imwe ine ruvara ruchena.
ID_HGGJZI,Fulu na kati ya mai eza na basalite ebele na ba milangi ya copal babwaki yango na mai plasi mai ezoleka matiti pe eboti na ba ndaku kuna na suka fulu etondi pembeni ya mai na balabala.
ID_HGSMNI,Muchero wepopo wakaibva ndokuchitochekwana pakati kwava kubviswa makanda ndokubviswa mhodzi amhenozvazopakurirwa nechomukati imomo zvinenge mhodzi dzamatamba kana dzamakosvo kuti zvigoyiwa zvakasangana.
ID_HGSVJW,Oyo na moni awa eza neti fitra le ya mutuka munene neti camion nde yango oyo bazo lakisa biso awa.
ID_HGTFYG,Awa tozomone ezali nyama ba bengi panter nde baza kolakisa biso awa tozali komona ezali buku oyo ba bengi image stock to moni panter nde ba lakisi awa soki okoti na kati okoyeba makambo panter salaka.
ID_HINBMW,Elili oyo nazo mona liboso na nga na moni mesa moko ya kitoko likolo ya mesa oyo na moni mwa saani ya pembe ya kitoko pe na kati na moni mwa supu ya kitoko pe na moni ba mwa ndunda na mwa misuni pe na mwa pima ya kitoko mpenza.
ID_HKJBKE,Gedhiremba rine ruvara rutema riri kuratidza kuti riri mukati memiti neruzhowa rune ruvara ruchena. Panze pane miti yakawanda. Miti imwe ine ruvara rwegirini nemaruva inonhwirira. Imwe miti haina maruva. Mimwe miti inonzi mashirabhu nemimwe miti yakakura uye netumaruva tudiki tumwe tusingakuri zvinoenda mberi.
ID_HNLXNE,Mhete yakanaka inovaima yakanyorwa kuti riyana iri mubhokisi rinotefetera. Kunze kwaro kune ruvara rutsvuku iyo ndeye sirivhera.
ID_HNSQWM,Mubhedha une hedhibhodhi nemasaidhibhodhi zvebhuruu zvakaisvonaka.
ID_HNTJIA,Chuma chine muchinjiko uyezve chiri kuratidza kuti chakagadzirwa nesimbi yakasimba uyezve chiri mukara yegoridhe uyezve chakagadzikwa pamusoro pechinhu chinogara zvuma chiri mukara yererdhi.
ID_HOAJII,Shangu dzechidzimai dziri pamwe chete. Shangu dzacho dzakangogadzikwa ishangu dziya dzisina tambo uye ishangu dzekuti munhu anogona kupfeka achida kuvhakacha. shangu dzacho hadzidhuri kana uchida kudzitenga.
ID_HPCUNS,Ezali ba tata kasi moko afandi aza pembeni ya tata soda oyo mosusu pembeni azali kolakisa lisapi na ye boye soki bazo landa nini koyeba te eloko bazo sala ba lati bango nyonso bilamba ya mwindu.
ID_HQEFTR,Oyo na moni eza sandale ya mibali soki olingi opema makolo pema olataka kaka ba sandale oyo ezalaka kitoko so mtu alati yango ayokaka malamu makolo ezalaka bien nde omona batu nyonso balingaka ba sandale oyo.
ID_HQVEIS,Ndunda ya mobesu eza na sani esilisami kosalema ndunda mobeso yango eza na ba langi esangani eza na langi ya pondu langi ya motani langi ya longondo langi ya pembe.
ID_HRQBUU,Chitoro chiri kutengesa zvuma zvinopfekwa muhuro. Mhete dzinopfekwa munzeve maringi anopfekwa muzvigunwe uye mabhenguru anopfekwa mumaoko. Izvi zvinhu zvakagadzirwa nemhando yezvinhu zvakasiyana siyana.
ID_HRTYFL,Murume akamira padivi pejurahoro remapanera akajoinedzwa-joinedzwa. Pane miti yemijakaranda ine mashizha nemaruva epepuru. Pakamira murume padivi akatarisana nematombo padivi pemugwagwa wetara. Akapfeka mutirauzi mutema nehembe bhuruu kumusoro.
ID_HUPTLA,Bandiko remuriwo wekavichi rakabatwa muruoko rakaratidzirwa richina mashizha akasvibirira uyewo rinoratidza kuti richakanaka rakamirira kubikwa.
ID_HUUNAY,Na balabala mama moko azoleka amemi mwana na mokongo asimbi sac a main na maboko tente moko eza wana place ya koteka ba inite na mobali moko atelemi likolo ya moto na ye koto sima amemi bakese ya sukre.
ID_HVDLMN,Muti webhurauni une makwande nemutanda muhombe. Pasi pawo pane mumvuri wawo nesora rakaoma rikake uye jecha dzvuku. Necheparutivi pane mugwagwa wetara. Mberi kune jurahoro ine mapanero. Mukati mayo mune muti wemujakaranda une maruva epepuro neimwe yemapaini.
ID_HVVTQF,Awa na moni toza likolo ya ngomba moko ya monene na moni eza na mwana mwasi moko oyo azoleka na nzela moko na kati ya zamba wana e na moni pe pembeni na ye eza na ba mwa matiti ebele.
ID_HXGURG,Awa na moni toza na kati ya ndako moko ya monene na moni eza na ba tata ebele oyo ba fandi liboso na bango eza pe na ba tata misusu oyo ba fandi bazo solola.
ID_HXTVSU,Bilili oyo ezali komonisa biso book tozomana eza na ba dessin ya bana moke.
ID_HXUZOB,Esika bakundaka bato esi ekomi na zamba matiti ebele eboti eza ya mobesu eza na bakasa eza na langi ya pondu eza na kasa moko lipeka peka eteleni kasa yango eza ya mobeso eza na langi ya mayi ya pondu lipeka peka yango eza na langi ya shokola eza na bakasa mosusu ya ko kauka eza na langi ya shokola na langi ya mbwe.
ID_HYHDGB,Eh awa na moni ba lakisi biso kamwa etagere moko ya kitoko na moni ba silisi kobongisa yango ba pakoli yango langi ya pembe na moni eza ba etagere oyo ba tiaka na ba ndako esika oyo ba bongisaka suki.
ID_HYKBKK,Awa na moni ba lakisi ngai bana basi eza bana basi mitano bazo sala biloko ya menuiserie baeza neti bazo tanga bazo tanga ba biloko ya menuiserie ya couture eza bana basi bazo tanga biloko ya menuiserie na couture na kopakola balace.
ID_HYKQPA,Chimushini chakatsvetwa pasi paivhu. Chine ruvara rutsvuku rutema ruchena. Chine mavhiri marefu neanotenderera. Chine mibato mitema negirazi nechepamusoro.
ID_HZNFNO,Mwana mobali oyo kitoko ye wana aza pembe kasi ba kangi ye suki ya kitoko aza na suki ya milai ye aza na nzoto ya pembe kasi alati neti kazaka ya mwindu kasi suki na ye pe eza na langi ya chokola pe neti mosaka.
ID_HZRRCJ,Oyo tozali ba zali kolakisa biso motu ya mwana mobali elenge mobali oyo ba silisi kokata ye suki to moni ba kati kitoko motelo ba kati suki na ye ezali kitoko kasi to moni suki na ye ezali ya mwindo kasi ezali kitoko kitoko na ndenge ba sali yango.
ID_IABFQG,Bana basi misato bazo beta bale ya vole ball ba oyo ya ngambu oyo ba lati pembe pembe ba oyo ya kuna ba lati mosaka bazo beta bale yango na mabele.
ID_IAQVWH,Basoda ba telemi na ba polisi ba soda ba zali ba mikonzi ba lati bapete ebele na lipeka mosusu aza polisi atelemi pembeni na bango ba zali pe na ba mosusu na sima bilongi na bango ezomonana te.
ID_IAZYFG,Eh na foto ndenge na zali komona eza photo ba kangi photo place badesinaki batu misato na moni eza ba ndeko misato ya mibali moko akangi moninga na ye nalokolo oyo ba kangi ye nalokolo pe to moni na loketo na ye ba kangi singa ba zali kobenda.
ID_IBOQSR,Muchero unowanikwa munda nguva yekunaya. Muchero uyu unokura zvisingaite. unonzi nwiwa. Nwiwa iri rine ruvara rwegirini. Kunze mukati maro mune ruvara rutsvuku nemhodzi dzichena nedzimwe dzakanoita dzitema.
ID_IFDPXA,Na elili oyo nazo mona esika bazo lakisa biso armoire esalemi na ndenge na yango moko ekesen misusu esalemi na libaya ya elengi ya bien na marafia ezali etaleli ya elengi ya kosepelisa miso esika bazo lakisa biso elengi na yango.
ID_IGVBWB,Imba inoratidza kuti yakavakwa kare ikaiswa marata uyewo ine mudhuri wesemende. hainawo kuzoiswa ruvara.
ID_IHETUB,Awa eza na kati ya kompani ba sala biloko mabende ba mashine oyo edumbaka amabende esala maambo ebele ya kompani ba sala biloko mabende ba biloko ya kosala babato kosa don bafongola ba biloko smaambo ebele kaka eya biloka societe.
ID_IIDVMA,Bangomba moko ya minene minene ba ngomba yango eza na ba nzete ebele na ba matiti ebele na katikati ya ba ngomba ango eza na mwa mai oyo eleki likolo ya mai wana ba tongi pon moko ya monene makasi eza na ba mituka oyo ezoleka likolo ya pon wana.
ID_IILLRK,Esika oyo batandeli biso pilipili ewuti na bilanga eza mofudin eza na ba langi ebele toza na langi ya motane toza na pilipili ya langa ya pondu toza na pilipili ya langa y lilala toza pe na pilipili ya langi ya mosaka.
ID_IIOLEC,Poto ine ruvara rwesirivheri negoridhe. Iyine mubato yakavharwa nemuvharo une ruvara rwesirivheri nemubato wegoridhewo zvakare.
ID_IJLJDF,Elenge ya mobali azotambola okende wapi azokende wapi elenge ya mobali ya mir.
ID_IJZINK,Na kati kati ya balabala ya monene ba ndako ya milai eza mingi eza bana balilisi ya kitoko na se na yango mituka eza mingi etelemi ya mwindu ya lange ya mbwe bato ba telemi na balabala yango ba nzete pe ezali nyonso eza esika moko.
ID_ILSQAM,Mapepa anoshandiswa nevarairidzi nevana vechikoro anoshandiswa kuita zvakasiyana siyana. Pana manila anoshandiswa kunyorerwa zvimwe zvinhu kana kuisa kumadziro.
ID_ILZBDG,Lipaboule batie na kati maki ya kokalinga na musuni pembeni na yango frite ezali pe eza na ndunda mobeso na pembeni na yango.
ID_IMABFP,Motokari chena yakamira kumashure kwayo kune rori iri kutevera irikufamba. Kumashure kwerori kune imwe motokari diki nhema iri kutevera. Kurutivi rweruboshwe rwerori kune mota tsvuku iriko zvakare.
ID_IMDKXQ,Tafura dzinoshandiswa mumahofisi kugara chigadzirwa kana chivezwa ichena. Ine maraini anochinjika machena nematema akaenzana mberi nechitema pakati chinotaridza pakati payo ine cheya chena ine maoko matema. Kudivi kune kabati ine madhirowa.
ID_IMGJFD,Awa tozali kotala batu ba bilenge mibali oyo ba zali ba konzi to moni ba lati kitoko ba lati ba kazaka ya kitoko toloki ba lati ba cravate to moni ba lati na ba chemise na kati to moni ba zali kosala eloko ba bengi masano to moni bavanti na ba kiti bango nyonso ba zali kokoma ba zali bato ya politiki.
ID_IMQQQV,Foto eza liboso na biso na moni mwana mwasi ya kitoko pe ya pembe mwana mwasi oyo aza na ba suki moko ya kitoko mpenza azolakisa biso ndenge ba kangaki ye suki na ye ya kitoko.
ID_INGTEI,Awa na moni ba lakisi biso tata moko oyo azoleka liboso ya ndako na moni tata tango alati kitoko makasi pembeni na moni eza na mwandako moko oyo ba pakoli yango langi ya pembe.
ID_INJFRV,Ishangu mbiri dzemativi ose emakumbo dzine ruvara rutema dzakatsvetwa pasi dzose dziine tambo dzokusungisa dzakakochekerwa pamusoro padzo.
ID_INNLQH,Na elili oyo tozali komona museleke te azali kotambola na matiti ya langi ya pondu donc oyo ezali moseleke te.
ID_IODZNG,"Vanhu vakawanda varikufamba mumugwagwa. Vamwe vari kufamba vakatakura zvinhu zvavari kutengesa. Kumativi kwemugwagwa kune misika yakarongwa iri kutengesa muriwo, matimati nehanyanisi."
ID_IOLJWF,Nzvimbo ine miti huswa namazitombo. Pane mazitombo ane ruvara rutema neruvara ruchena. Kwoita miti ine mashizha ane ruvara rwegirini. Huswa huripo hune ruvara rwakachenerukira.
ID_IOSAJP,"Mureza unomiririra imwe nyika wakagadzirwa namavara akasiyana anosanganisira matema yero, ruvara ruchena rutsvuku neruvara rwakafanana nedenga risina makore rwakasvibiruka pakati pawo."
ID_IQDIMJ,Na bilili oyo nali komona balakisinga awa eza na kati ya ndako wana ba melaka masanga na moni ndeko mobali moko ya monene atelemi pe asimbi telefone na ye na moni mama moko alati bilamba ya mikuse.
ID_IQYLWJ,Buku ya kelasibuelasi ye.
ID_IRJYBB,Elili oyo ezali kolakisa biso bileyi kitoko biso ba congolais toliaka ezali fumbwa ezali fumbwa batiye na kati mwamba na pilipili pembeni donc ezali bileyi kitoko ba bengi fumbwa.
ID_ISKCCH,Vanhu vari pakati penhandare vanovavana vatatu vakapfeka mbatya dzine girini uye tema. umwe akapfeka mbatya dzeyero. Vari pedyo nemudhuri pakanyorwa kuti SIM Cyber sit.
ID_ISOCJR,Te.
ID_ISSMME,Awa na moni eza esika basambelaka liboso na ngai nazo mona mesa likolo ya mesa nazo mona chapele moko ya molai ya kitoko mingi.
ID_ITMCTW,Maruva ari kuratidza kusvava uyezve mamwe akatumbuka asiezvatumbuka zvacho zvasvava zvaoma. Pana mashizha akaoma ane ruvara rwebhurauni. Mamwe ave neruvara ruchena Anoratidza kuti ari kudonha kubva pamashizha eruva iri.
ID_IUIMQR,Na bilili oyo nalikomona awa eza ba mbuma ya kolia nde nali komona eza na ba langi ya pondu pe eza ebele.
ID_IVGGPA,Imba yakavakwa yakaita dendenedzwa ikapfurirwa nehuswa. Dzimba idzi dzinowzokuwanikwa kumusha dziri dzimba dzekubikira. Pamusuwo pacho pane munhu akamira. Nechokune rumwe rutivi rwemba iyi kuri kubuda motokari diki yakamira.
ID_IVNORQ,Michero yakasiyana siyana yakachekwa ikaiswa mubhodhoro. mune mvura inodzivirira kuora kwawo kuti igozodyiwa munguva ichatevera.
ID_IVVGIB,Awa na moni eza na bato ebele oyo ba telemi esika moko na kati ya ndako e liboso na bango eza na mwa mesa monene na ordinateur eza na mesa na mwa kopo ya komela mai.
ID_IWEWTQ,Logo ya pembe pe makomi na yango eza na langi ya bozenga ba sala yango mingi na kati ya ba societe na ba entreprises.
ID_IXDKJW,Mucheka une ruvara rutema ruchena nerutsvuku unogona kushandiswa iwo kumiririra nyika.
ID_IYXUVC,Maruva akasiyana siyana uyezve nemurume akabata hwawa hwake uyezve akapfeka nhumbi yebhuruu neyejini ruva repepuri.
ID_IZARIE,Mureza wenyika inonzi Dominic. Mureza uyu une zvikamu zvina zvine ruvara rwegirinhi uyezve yoita mitsara ine mivara yeyero mitema nemichena. Pakati payo ine denderedzwa ritsvuku rine nyeredzi dziri mukati dzine ruvara rwegirini neshiri.
ID_JADHES,Ndiro ine zvokudya zvinosanganisira mupunga uye nyama yemombe yakatsvukira. Parutivi pane imwe ndiro yegomba.
ID_JBDFJJ,Awa aeza na balabala nazo mona mutukooka moko lokola ezonoka ezale koleka nazo mona pena pancarte moko ya lagos.
ID_JCDLVE,Awa tozali komona ba zali kolaksa biso ndako moko ya etage ezali na langi oyo ezali ya mosaka na pembe kasi to moni ekoki na yango oyo ba bengi portail ezali ya mwindo kasi na clotire ezali ya pembe to moni na ba fololo ezali pembeni na yango.
ID_JCQMTM,Dzimba idzi dzine marata matsvuku. Dzimba idzi dzakachengetedzwa nemudhuri. Midhuri iyi ndeye kirimu. Kumberi kwedzimba kune gungwa.
ID_JCUBGG,Na elili oyo nazo mona bazo lakisa biso etaleli ya libanda esika bazo lakisa biso fololo na kati ya ekolo esalema na sima.
ID_JCXYBZ,Mukomana akapfeka hembe chena nemudhebhe webhuruu neshangu chena. akabata bepa dema arikufamba achienda nekune mvura. Akafuratira chivakwa chine ruvara rwebhuruu nemukomana akamira akapfeka tisheti ine ruvara rwebhuruu ine maoko mapfupi. Pane munhu akagara pasi ane hembe ine ruvara rutsvuku.
ID_JDBNBJ,Musikana wakamira kumusoro wakapfeka hembe ine mavara akarerekera kuruvara rwechisoja. Ine mavara matema. Mavara akarerekera kugirini namavara machena. Kuzasi wakapfeka mutirauzi wakabvaruka mumabvi. Mutirauzi uyu une ruvara rutema kumakumbo wakapfeka shangu. Mapatapata ane ruvara rutema nechepamusoro. Necheparutivi une kasimbi kane ruvara rwesirivheri.
ID_JDMXJQ,Mapundo akamera akawanda chaizvo anoratidza kuti ndeeruvara rwemumhudza uye ndeye rudzi rumwe tete. Panoonekera sekuti pane panga pachisakurwa pachibviswa mapundo iwaya asi kuti acho akawanda aripo asati abviswa.
ID_JEKZXG,Awa na moni ba lakisi biso ba sahani oyo ba bombaka biloko na kati na mesa.
ID_JFEGKS,Murume mutsvuku ari pambozha nhare yake. Akapfeka chikabudura chitema uye shangu dzerudzi rwematenesi dzisina mushinda. Murume uyu arikufamba mumugwagwa achipesana nemota chena.
ID_JFHUZS,Pneu mibale ya motuka etomboki.
ID_JGYBLF,"Mapushi erudzi rwepfumbu maviri, rimwe rakatsika, rimwe erudzi rwepfuma ari kuratidza kusakara asi akachena zvawo akagara pasi perudzi rwepfumbu nemitsetse mitema."
ID_JHGCDD,Nzvimbo ina maruva akawanda ana mashizha akasvibirira. Muri kubudikira Munhurume mumwe chete akapfeka hembe yebhuruu nemudhebhe wakasvibirira. Akabatawo ngowani nerumwe ruoko rwake ine ruvara rwakasvibirira.
ID_JHHVQW,Musasa wekutengesera wakapfurirwa nemapurasitiki matema. uri parutivi pemugwagwa wetara. Mumugwagwa mune munhu arikufamba uye pane tambo dzemagetsi dziri kufamba dzichitevera mugwagwa.
ID_JIMMLA,Awa na moni ba tata mikolo ya mindele ba fandi esika moko bazo solola.
ID_JIWBNE,Awa na moni eza ba sapato ya basi ba sapato mingi eza kitoko penza na moni eza na ba langi mingi ba langi ya mosaka pe ba langi ya moyindo nde na moni yango.
ID_JKLYVJ,Zvishongo zvemumaoko zvakasungirirwa pamucheka. Pane wachi yakakura ine pamusoro pegoridhe yakashongedzwa mukati nechinhu chinenge rize nechimwewo chiri kurutivi rwerudyi ine bhandi rebhurauni poita chimwe chishongedzo chitema chine pamwe pegoridhe zvishongedzo zvakanaka nekuti zvinowedzera vadzimai kunaka uyewo zvinoenderana nebhutsu kana mabhegi avanenge vakapakatira.
ID_JKWHQU,"Vanhu varikufamba mupevhu miti uye juraworo, miti yakareba. mashizha emujakaranda akadonhera pasi. zvigubhu zvakadonhera zvakare pasim."
ID_JLJRGG,Panzvimbo pane mishina inoshandiswa kugadzira migwagwa ine ruvara rweyero. Pane dzimba dzakapfurirwa nematenga matsvuku uye nzvimbo iyi yakakomberedzwa nemudhuri wakavakwa zvakasimba.
ID_JNBDOP,Sango rine sora rakaoma nemiti yakasvibira. Ine mashizha egirini. rakakomberedzewa newaya ine mapooro esimbi machena uye miti midiki.
ID_JODRQI,Bendele bendele yango ezali bendele eza na langi boye ya bozinga eza pe na langi ya motane kasi yango bendele oyo ezali bendele ya mboka oyo na yebi te.
ID_JPKLRV,Esika na zali komona awa nazo mona eza balabala bato ebele ba zali koleka na balabala yango pe nazo mona eza lokola balabala yango epanzana nazo mona ba salite nazo mona ba nzete mwe nazo mona balabala yango kutu koloba te eza nzela moko ya mwa mawa mpenza.
ID_JRCNAR,Musoro wemunhukadzi wakarukwa uchishandiswa vhudzi rake rekuzvarwa naro rine ruvara rutema rareba zvokurembera kugotsi akarukwa achivhurwa mitsara. mitsara ichirukwa kubva kuhuma ichidzokera kumashure ichindosiwa yakarembera.
ID_JRCNKZ,Awa na moni eza drapeau drapeau wana eza na trois couleur couleur moko eza ya pembe ya mosusu eza ya bleu na ya mosusu eza ya vert nde nazo mona eza drapeau ya penbe.
ID_JSLETR,Nzvimbo ine matombo tombo nemiti. Miti iripo inoratidza kuti haina mashizha angori matanda akamira ane ruvara rwakachenerukira. Koita mazitombo akazara ane ruvara rutema neruvara rwakachenerukira.
ID_JTAVKT,Bato ebele ba zali esika matanga ezali sanduku ya moto akufi ezali wana liboso moto moko azoyeba asimbi micro na maboko oyo ematisaka mongongo ya moto.
ID_JTZFPP,Awa tozo mona ezali loboko loboko yango ezomona neti eza loboko ya mwasi pe mwasi yango aza mwasi ya libala mpona nisapeneya mibale alati lopeto ezolakisa ete aza mwasi ya libala.
ID_JVFLIH,Mukati memotokari inoratidza kuti itsva. Ine zvigaro zvine mavara matema neegireyi. mune mabhadhi anochengetedza vanhu kubva munjodzi. Parutivi payo pane ruva guru rine mashizha egirini.
ID_JVWWXY,Mhando yenyoka inonzi anakondayakazvimonerera pamuti iripedyo nemvura. Nyoka yacho ine madododo matema asi ine ruvara rweyero.
ID_JWAFPP,Na photo oyo na zali bongo komona loboko soki to tali malamu ndenge manzaka eza milayi ezali bongo loboko yandeko mwasi asimbi naloboko na ye molangi yamuke pe ndege ba komi na molangi yango ezali bongo mafuta ya basi akoki pakola na nzoto.
ID_JXEBBV,Temberi imwe chete ine mudhuri mutsvuku. Pamusoro pawo pane chikwangwani chakanyorwa chichena chine mavara matema. Pamusoro pane denga remarata.
ID_JXFHBA,Shangu yerudzi rwetenesi iri imwe chete. Ine ruvara rwebhuruu nerwuchena. Pamberi pacho yakasungwa netambo.
ID_JZOPGC,Musikana wakarukwa zvakanaka zvinonwisa mvura nechemuzasi akarukwa madhiredhi achiti nama nama nemusoro nechekugotsi anosvika achinoungana kuita hata anobva anorembera achienda kumashure.
ID_KAXPYS,Bilili oyo na zali komona awa nazo mona ezali bongo mesa na likolo ya mesa yango nazo mona ba sahani sahani moko ezali bongo na mbisi ya mayi sahani mususu na ezali na ndunda pe sahani mususu kana namono e batiye mapa na kati.
ID_KCSMOL,Vanhu vari munhandare vari kutamba mutambo webhora panoratidza kuti pane timu mbiri yevakapfeka zveyero kumusoro nevakapfeka zvebhuruu. akapfeka zveyero ane bhora raari kuda kuedza kuti amhanye naro kuenda kunomwisa. asi pane mumwe akapfeka zvebhuruu arikuedzawo kumhanya kuti amuvharidzire. Pane vakagara varikuona zvirikuitika nechekumberi.
ID_KCUAHT,Awa na moni bolakisi biso bato oyo bazo sala sport ya voley baza bana basi ba lati kilote.
ID_KDCLWN,Mopu imwe chete iri pasi ine ruvara rutsvuku negireyi ine mubato mutema.
ID_KDXEAT,Elili oyo ekolakisa elili na kati ya bendela bilili na kati ya bendele bendele ya ba langi ya mosaka nzela mosaka na likolo nzela ya pembe eleki nzela mwindu na se pe mosaka na kati ezali elili ya maboko mibale ya motane esimbi maseke na bikoti ya motane pe mosaka.
ID_KGNJCZ,Musoro wemunhukadzi une vhudzi rakasungwa zvakanaka. Vhudzi iri riri kusungwa zvipundu zvipundu richibva kumberi richidzoka kumashure uye vhudzi racho rine ruvara rwebhurauni ruri kuonekwa nechekure asi pasi paro pane ruvara rutema.
ID_KHKIOB,Tsoko shanu dziri kubudikira mujinga memuti une midzi yakabudikira yakakura zvikuru. Shoko idzi dzine ruvara rutema neruchena kumeso kwadzo nekumusana dziri mumahuswa egirini.
ID_KHNWAX,Ezali sapato ya mobali sapato yango eza na se yango kasi yango sapato yango eza na langi ya pembe eza pe na langi boye eza neti ya sika poe kasi sapato yango eza na losika.
ID_KITUNQ,Motokari iri kufamba iri mumugwagwa mukuru uyezve yadarika nepane bhiriji rihombesa rine marambi akawanda machena neepepuru.
ID_KJKKHS,Eawa na moni batu ebele ba telemi na ndako pembeni ya mutuka na yebi te bazo sala nini.
ID_KJPMTZ,Awa tozali komona ezali esika oyo mabele ekweyi ebukani esika oyo ba benga erosion to moni bato mingi ba zali wana ba zali kotala ndenge nini mabele ebukanaki ba zali kokamwa ba zali kokamwa mingi.
ID_KJVWAL,Uyu mudziyo uyu tinoushandisa kutesita zvinhu zvedu zvese zvemagetsi tino uyezve uri mukara yeredhi uyezve une manhamba aripo pauri mudziyo uyu.
ID_KMVRGB,Rusero rudiki rune makotopeya mana nemabhanana erudzi rwemadiki nepaini epuro yakasiiwa chekumuromo chisina kubviswa zvakarongedzwa zvakanaka zviri patafura repuranga Zvinoratidza kuti zvinhu izvi zvichiri fureshi. kunze kwemabhanana akuratidza kuda kusvava nekutsva pane mamwe mativi.
ID_KNAKMY,"Mafirizhongo chikafu chakabikwa nemutoro unoshamisa uye yemurika chinoti nyama, magirini, mambatatisi nezvimwe zvakawanda wanda zvakasanganiswa ipapo kudya namambo."
ID_KNYOLJ,Ezali alimentation kote ba tekisaka ba biloko ya kolia.
ID_KPHGHG,Oile ezali na langi misato langi na likolo ezali na langi ya mosaka na katikati ezali na langi ya pondu na se ezali na langi ya motane katikati ezali na minzoto moko ezali ya langi ya pembe.
ID_KQDYTS,Mudzimai ari kufamba mumugwagwa wakapfeka. hembe ine maoko marefu. Hembe yake ine ruvara rweyero neruvara ruchena neruvara rutema mumaoko akapendekera. bhegi rine ruvara rutema mumusoro ane dhugu rine ruvara rutema zvakare.
ID_KQOSNA,Batanaimo inzvimbo ine zvitoro zvakawanda zviri mairi. Chimwe chezvitoro chiripo itiviseles. Pane motokari mbiri chena nenhema dzakamira pamberi pechivakwa ichi.
ID_KQOZUQ,Awa na moni eza na ba ndako oyo eza pembeni ya balabala na moni na balabala eza na ba mituka oyo etelemi na moni pe awa liboso ya ba ndako eza na ba mwa mandalala moko ya kitoko.
ID_KQXUZF,"Madzimai amwe ari kufamba, vamwe vakagara pamusika vachitengesa jinja nezvimwe zvakasiyana, izvo zvinoita kuti vawane mari vakwanise kuchengeta mhuri dzavo."
ID_KRJRRI,Munhu akabata banga neruoko rwake rwerudyi rweruboshwe rwakabata domatisi wakaritsigira kuti risadonha achiricheka-cheka neruoko rwake rwerudyi zvichiva zvinoita kuti tifungidzire kuti pane zvaari kubika uye ari muimba yekubikira.
ID_KTMEGI,Enamoni awa eza na stade ya baskete na moni bana mibale bazo beta baskete.
ID_KTXNJJ,Awa na gai nazo mona ndako moko ya matiti na kati na yango nazo mona bato ba fukami bazo sambela.
ID_KTZGRZ,Nzvimbo inodzidza vanhu nezvekuchaira motokari. Pane madhiramu aripo akarongwa uye pane mota chena irikuratidza kuti ine munhu. mukati. Madhiramu aya anoshandiswa kuti vanhu vadzidze kupinda pakamanikana vasingakwesherani nevamwe. Uyewo pane imwe mota nhema inotori pakati pemadhiramu chena iri kuratidza kuti yabuda mumadhiramu.
ID_KUAFOJ,Miti ine mapazi akawanda uye mashizha egirini. Pasi pane zvidhinha zvakakomberedza majecha machena akaunganidzwa okuvakisa.
ID_KVBDQL,Mwana mudiki wakabata sumbu rena yebhuruu kunze mukati ine ruvara rwesirivheri mumakumbo. Mwana uyu wakapfeka mapushi eruvara rwenhundurwa nechekumusoro wakapfeka hembe ine mavara mavara une chikabudura chebhuruu.
ID_KVDOAK,He na bilili oyo tozali bongo komona foto ya libota libota tozo mona ndeko ya mwasi ya mokolo oyo akozala mama na bango asimbi mwana mwasi pe pembeni na ye tozo mona mwana ya mobali ya moke.
ID_KVEFCF,Liboso na nga awa na moni bazwika mwa insecte nde baolakisa biso awa batika yango likolo ya tapi po tomonaka yango malamu.
ID_KVLQAJ,Liboso na ngai nazo mona eloko moko ya kitoko mingi likolo na yango na moni ba komi na monoko ya lopoto becon bapaya.
ID_KWGXEV,Masofa akagadzirwa nematanda ane matanda ane ruvara rutema neruvara rwakachenerukira Nechepamusoro pawo ane ruvara ruchena. Masofa aya anoratidza kuti akanaka uye anoyevedza kuona akagadzirwa zvine unyanzvi.
ID_KWONMZ,Awa na moni eza na ba tata ebele oyo ba telemi esika moko na kati ya kilasi na moni liboso na bango eza na mwa mesa oyo eza na ba buku na mwa molangi ya mai likolo na moni ba tata ango ba lati ndenge moko eza neti baza bazuzi na mwana mobali moko oyo atelemi katikati na bango.
ID_KXHRFU,Na foto oyo na moni ba lakisi nga awa eza ba joueure ba telemi na kati ya terrain bali ko kanga bango foto pe ba lati bilamba ekokani me oyo aliboso ndeko oyo ba lati bilamba ya langi ya mosaka.
ID_KXUYAU,Mugwagwa usina tara uri mudhorobha. Mugwagwa uyu wakanangana nechitoro chinonzi Farm and City. Kunze kwechitoro ichi kwakapakwa motokari zhinji dzine ruvara rwakasiyana.
ID_KXVLRC,Na elili oyo nazo mona esika bazo lakisa biso motuka motuka eza na langi ya mobesu ba fongoli na nsima esika nazo mona eza na masaki ya gitungul mibale.
ID_KYQFZI,Ba carton ya ba kaye ya ba farde alate ba bic ya koteka mpona bana ya kelasi.
ID_KYRBIL,Photo oyo elakisi biso na kati ya ndako moko ndako oyo eza kitoko penza pe eza pembe na ndako oyo na moni mwana mwasi ya moke afandi likolo ya mesa pe pembeni na yango asimbi mwa televizion moko ya monene.
ID_KYSXGP,Ndako oyo ezali na porte ya moindo pe mwana moko atelemi liboso ya lopango oyo na kati ya ndako wana likolo ba komi ba komi ezali na langi ya mai ya pondo.
ID_KZHIEW,Muti uri mudondo Pane mauswa nerukato une hunde mbiri zasi wakabatana kumusoro une mhanda dzakawanda Wakatemwamwa mumatavi kukasara matete. Kuruboshwe padavi rakatemwa pane gomarara rakamera rine ruva dzvuku.
ID_KZOKGB,Awa na zali komona biloko oyo basaelaka na bilanga ba bengaka yango nkongo pe kuna na liboso na moni mwa bilanga ba loni biloko lokola bashu eza komonana kuna liboso.
ID_KZSWED,Chikoro chakakura zvikuru. Chine makirasirumu akawanda zvikuru uye chakavakwa chine ruvara rweyero. Midhuri yayo yakarongwa iri nemutsetse uyezve chikoro ichi chakapoteredzwa newara.
ID_LBCZYP,Awa eza kiti na zomona esika ya batuku nini ekaka kolekisa ngonga ntango ba silisi nzomi oyo ofandi omeli eza na ba kiti ba bongisi eza ba kiti oyo ba sali yango ya mabaya eza na langi ya chokola.
ID_LBHOTH,Nzvimbo ine zvitsvina. Pane vanhu vakamira nevamwe vakagara. Pane mumwe akazembera chingoro chakabheurwa. Pari pane rori iripo ine ruvara ruchena nekamusara katema padivi kakanyorwa nemavara machena.
ID_LBNNVO,Elili oyo na zali komona awa na zali komona ba kiti ya kitoko oyo bato balingaka mingi kotiya na sima ndako to esika batu basololaka libanda to moni pe esika ba kiti ezali ebele.
ID_LBOBOR,Mayi eza pene pene ya zamba na kati ya mayi eza na ba nzete na matiti ba nzete yango eza na bakasa eza na lange ya pondu matiti yango pe eza na bakasa eza na langi ya pondu matiti moko eza ya ko kauka matiti mosusu eza ya mobeso na loboko ya mwasi ya mayi oyo eza na zamba.
ID_LBPCDU,Murume akazembera pasimbi ine ruvara rweyero. Akapfeka hembe tema netarauzi rejini. Pamberi pake pane murume akagara akaisa masiki pamuromo akabata mari muruoko rwerudyi ruoko rweruboshwe rune wachi uye ari kutengesa mamasiki.
ID_LBUPDF,Ba ndeko esika to komi awa na omona baolakisanga na misu na ngai eza esika oyo ba tekisaka ba biloko ebengami na monoko ya lingala bambabola na omona awa ezambabola oyo babongisa yango na bamanzanza.
ID_LCANJA,Buku ya bana kelasi ya mitano ezolakisa bango kotanga pe kokoma.
ID_LCIVIO,Loboko ya motu esimbi karton ya kisi karton ya kisi yango eza na langi ya bozinga na makomi eza na langi ya moindu na mosaka na motane na moni ba komi na kisi yango dicrofenac eza kisi ya komela mpona ko soignier ba maladi.
ID_LCVUBW,Na bilili oyo twali komona awa balabala na moni ndeko moko azotambola na balabala oyo na moni ba mituka na moni ba nzete ya molai na moni pe ba ndako moko ya molai ya kitoko.
ID_LDWRZZ,Mukati mechitoro mune zvigumbu zvemizera yakasiyana zvakadurikidzana zvezvinwiwa zvakasiyana siyana. Parutivi pane munhurume mumwe chete akamira akazembera pachidziro.
ID_LEPTJM,Bilenge mibali bazosaka na bale ya match na kati ya stade bato ebele ba fandi na stade bazo tala bango.
ID_LFETUG,Na moni na kati ya ndako moko boye mwa mesa eza na ba mwa biloko likolo na yango na moni ba mwa eteni biteni ya ba mwa mbala oyo ya sukali na kati ya sane ya monene pe na moni bapondu na basane ya monene pe na ba mwa biloko oyo ebele ya kolia emonani baza kozela pabalay kolia pe eza mwa eyenga moko boye.
ID_LFOMIT,Muguta reharare munhurume ari kufamba akaisa maoko muhomwe aine kepesi uye masiki. Motikari ichena. Motokari dziri kufamba mumugwagwa denga rine makore.
ID_LFZTDM,Bilili oyo ba zali kolakisa biso awa ezali bongo na se ya mayi ba kamataki foto oyo na se ya mayi pe na se yamayi yango tozali komona nkoba koba o ya tozali koba ya mayi eza koba ya zamba te.
ID_LHDEEV,Nhundurwa dzine mavara ezerere netuchena hadzina kuibva. dzimwe dzacho dzakachekwa kuitwa madenderedzwa matatu.
ID_LIEJMC,Hembe yechikadzi yakareba ine ruvara rutema nezvinounya zveruvara rwakasiyana siyana. Irikutengeswa muchitoro nedzimwe hembe dzakananikwa. pane mabhegi akananikwa nevhiri remota ririkuoneka shure.
ID_LIOGPY,Ba mapapa ya sika oyo ya banabasi na moni eza na ba langi ekeseni na moni eza oyo eza na langi ya mosaka mosusu eza na langi ya pembe mosusu eza na langi ya moyindo na mosusu pe eza na langi ya chokola eza esika oyo bazo tekisa yango.
ID_LLASDQ,Nzvimbo ine vanhu vakasiyana siyana vari kufamba. Vamwe vakapfeka hembe dzine ruvara ruchena koitawo vamwe vakapfeka hembe dzine ruvara rutsvuku. Neche kurutivi kunoratidza kuti kune zvitoro.
ID_LLFEAD,Tsuro dzakati wandei dziri muchirugu chakagadzirwa nemapuranga uye nefenzi. Muchirugu umu mune mahuswa pasi kuitira kuti tsuro dzigarepo uye dzisabaiwa nematanda ari pasi.
ID_LMSRXP,Okuna biso oyo ezomonana ke eza cote ya libanda omona anterne parabolique elango pe eza ya kokauka sal ondire bato baza te bana bakendeki classe.
ID_LNPWHH,Bilenge mibali baza koyokola mecanique.
ID_LNYEZX,Shangu imwe yekuruboshwe pana mudiki yakavhara mberi nekumashure uye inoratidza kuti inopfekwa nguva dzechando nekuti inodziya.
ID_LPEIYY,Mwanasikana wechidiki akapfeka rokwe rake refu neshangu dzake mbiri uye akamira padhuze nechigaro.
ID_LRTXFY,Kambuyu katema kari kudya mashizha egirini kane makumbo mana ari kuoneka.
ID_LSWZUO,Mukomana ari mugiraundi rekutambira nhabvu. akapfeka jezi repingi nemasokisi matsvuku neshangu dzekutambisa nhabvu dzebhureki dzine mitsara michena.
ID_LTFSXS,Badessine mobali ba lati lunette ba komi ka fc eza logo.
ID_LTOEWY,Oyo eza lokolo ya sapatu ya mwana mwasi batie ango na mabele ezali sapatu ya kitoko mpenza ezali batie yango na mabele na kati na ango ezali bolulu na likolo eza na malangi ebele mwa ba biloko batie na likolo ya motane ya pembe ya moindo eza likolo ya sapatu ya mwana mwasi eza mpenza kitoko kitoko kitoko mingi.
ID_LUJEWA,Na moni ezali mafuta ya kopakola baza koteka yango eza a mafuta modele mingi ezali awana kati kote ba tekaka ba mafuta.
ID_LVPXZS,Wachi yechikadzi yegold kazhinji kachona inowanzopiwa munhu seegift kana kuti presend kana kuti sechipo iri wachi yegold yechikadzi.
ID_LWTHMI,Ndiro chena yebhonzo yakagara pamucheka une ruvara rwegireyi uri patafura yedanda. Mundiro mune sadza jena uye mune muriwo une matomatisi nehanyanisi.
ID_LYKQXB,Ba joueur oyo mibale ba zali na kati ya terrain ba lati bilamba ya kokokana pe eza na langi ya mayi ya pondu ezali pe na langi ya mosaka baza ba joueur.
ID_MACGWC,"Zvivakwa zviri mukati medhorobha uye mune motokari dziri kufamba mumugwagwa. Dzimwe dzakamiswa padivi pemugwagwa. Imwe ine ruvara rutsvuku, imwe ine ruvara ruchena uye imwe ine ruvara rwebhuruu."
ID_MCNTAD,Oyo ezali drapeau ya mboka.
ID_MCYHND,Panzvimbo yekutengesera pane vanhu vakawanda. Pane mai vakabereka mwana nembereko tsvuku ine mutaro mutema uye madomwe-madomwe. Pane murume akabata nharembozha mumaoko akamira parutivi pemaputi.
ID_MDBXFH,Muchina unoshandiswa kusona hembe. Muchina uyu wakabatanidzwa netebhuru ine ruvara rwebhurauni. Kuzasi kune simbi dzine ruvara rutsvuku uye muchina wachona une ruvara ruchena neruvara rwebhuruu.
ID_MDCGJE,Liboso na ngai nazo mona equipe ya rdc ezobeta ndembo.
ID_MEVBOM,Eleko nazo mona awa ba ndeko eza ebele bendela ya bendela moko mpenza ya monene mingi bendela oyo na moni eza na ba langi minei ekeseni bendela oyo eza mpenza ya bendela moko ya kitoko mingi.
ID_MEYEQA,Awa nazo mona eza lopango sikoo badekore yango nazo mona pe ba fololo pe eza wana ba fololo eza na lange ya mai ya pondu.
ID_MFQGCD,Nazakomona buku buku yango efo ezala eza ya bande dessine na bane na clature na yango eza bato misato moko ya suke ya mosaka osusna suki ya moindo mosusu eza na ba tratre.
ID_MGDHTX,Elili oyo ekolakisa nzela ya monene ya gudron na kati ya zamba nzela eza na milongo ya langi ya pembe bato baza na loboko ya mwasi bakoleka na loboko pe ya mobali bato baza koleka na kati ya zamba monene.
ID_MHRFHJ,Varume nevakadzi vane mizera yakasiyana vakamira panzvimbo ine masimbi inoratidza kuti inogadzirwa zvinhu zvakasiyana zvinogadzirwa nesimbi zvinosanganisira magedhe epamajuraho. Masimbi anoiswa pamafafetera kuti mbavha dzisapinda zvinyoro nezvingoro zvinotakurisa zvinhu mutauni.
ID_MHZXZI,Kopo ya jus eza na langi ya motane.
ID_MJJIBY,"Mudziyo unoshandiswa Kana uchida kugenza mazino, Mudziyo wacho uyu wakanakira pakuti unogona kuisa bhatiri wotokwecha mazino iwowo usingafambisi."
ID_MJORJS,Na elili oyo elili ezali kolakisa biso etaleli ya mosika ya libanda ya esika ya botekisina esika yango nazo mona ezali na bilembo bilembo ya botekisi esika ba komi na monoko na lokota ya bopaya wewa.
ID_MJSRCG,Awa nazo mona bana mibali bake kosala sport ba lingi ba kende kosala sport na moni ba lati bilamba ya sport bana mibali ba mos ba telemi ba mosus ba vandi.
ID_MJZITO,Awa toza komona baza kolakisa biso to moni esika moko ba nzete ezali mingi na ba fololo na esika ba loni ba fololo kasi kuna liboso kuna tozo komona ndako moko ezal a etage moko kasi ndako yango ezali mpenza kitoko mingi te nde ezali ndako moko ba bengi na lopoto ba bandone oyo bato batika ba fandaka lisusu na kati te nde yangowana tozali komona.
ID_MKIPOE,Bhora rakagadzikwa panzvimbo ine uswa une ruvara rwegirini nemavhu akawandisa. Pane mashizha emubhanana akaoma akadonhera pabhora iri. Bhora iri rine ruvara rweyero neruvara rwepepuro.
ID_MLEGVG,Eawa na moni toza na kati ya sale monene na moni eza na bato oyo ba simbi ba mbonda na makolo bazo beta eza na bana basi na bana mibali na moni pe mosusu azobeta lindanda bango to ba lati ndenge moko.
ID_MMIEEU,Nazo mona na elili oyo bazo lakisa biso bileko ya bilei nazo mona ezali lokola motekisi atie bileko ya bilei ya kolia po bato baya kosomba.
ID_MNHJZF,Muti uri pakati pamatombo makuru maviri. rimwe riri parutivi. une mashizha maduku egirini.
ID_MNKDTM,Nzvimbo iri kutengeserwa mhando dzefoni dzakasiyana. Mazita efoni akanyorwa pazasi uyewo foni dzakarongedzerwa muzvinhu zvemagirazi kuti vaone kutengesa zvinhu zvakadai zvemhando dzakasiyana kwakanaka nekuti vanhu vanouya vachitsvaga zvavanoda chaizvo uye vanhu vari kutengesa vanowana kurarama uyewo varikutengesa ipapo vanowanawo mabasa vanopihwa nevaridzi vezvitoro.
ID_MOIEXY,Bamotoka minene oyo ekangi nzela te kasi kuna mosika atene ya molai eza nde tour de control pi awa to moni ba contenere etelemi pembeni ya motoka oyo.
ID_MPUFTN,He na bilili oyo tozali komona awa ezali bongo kabati e kabati ezali libanda ezali ya te ezal batiye tok ya matiti.
ID_MQDJDC,Ba mafuta oyo eza ebele awa eza ya kopakola mwasi oyo atiaka ngo na motu ba mosusu ya kopakola ba mosusu ba parfum na milangi oyo.
ID_MQICOY,Chuma nemhete yemumaoko zvakapfekwa muruoko. Mhete dzemumaoko dziviri dzine ruvara ruchena. koita. Chuma chemumaoko chine mufananidzo werudo wakarembera pauri. Mufananidzo uyu wakabva wanyorwa nemavara matema. Chuma chemumaoko chine mabhora zvakare ane ruvara rwepingi nemabhora ane ruvara rwesirivheri.
ID_MRAIGA,Na elilio ezali na kati ya ndako ya botangi bana kelasi bakotanga ba lati pe milato ya ndenge moko ya boziga mokanda eza likolo ya mesa bakolandela ndenge bakosala na bisalisi na bango.
ID_MRGPUB,Vanhu vakawanda vakamira mumutsara vari pamagirosa. Mumwe wavo munhukadzi wechikuru mumwechete akagara pasi. Pamberi pake pane bhaketi richena.
ID_MUWHHA,Awa na moni eza esika ba salelaka politike liboso na ngai nazo mona mokonzi moko atelemi nsima na ye koza ba mibale oyo bazokengela ye.
ID_MUYVGV,Kisi eza na langi ya pembe motani pe mbwe na bozinga.
ID_MVMHDG,"Pamufananidzo, pane midziyo yakasiyana siyana yekushandisa muimba yekubikira midziyo mizhinji ine mubato. ndiri kuona banga mugoti wekubikisa sadza, mugoti wekubikisa muriwo nemimwe midziyo inemibato yepuranga."
ID_MVOEEV,Foto oyo nazo mona awa na miso na ngai eza obele koza mwa ndako moko ndako oyo eza ndako moko ya monene mpenza ba ndeko epi sima lyango pembeni ya ndako oyo na omona eza obele nzete moko eza pembeni awa.
ID_MVWCPO,Mvuwu mbiri dziri mumvura imwe inoratidza kuti ndiyo mai imwe imwana nokuti iduku dzine ganda rine mavara ebhurauni nematema.
ID_MVXHMA,Awa tozali komona bana basi mibali moko aza kokanga suki na mosusu asalaki yango modele ya kitoko mpenza.
ID_MWGZPD,Mashine oyo batie awa eza mashine oyo ebimisaka poussiere na ba biloko ya electronique soki neti biloko electronique ekoti poussiere eloko oyo esalaka mpona kopepola yango.
ID_MWLIFS,Shangu yeruvara rwedenga rwakasvibira. Ine ruvara ruchena muzasi neruvara rwegoridhe kumasure rakanyora kuti puma uye ine tambo dzisina kusungwa dzakasimukira pamusoro peshangu.
ID_MWXPLB,Makanika arikusungasunga motokari ari pasi payo achishandisa zvipanera zvekugadzira nazvo motokari.
ID_MWZVRV,"Zvinyoreso zvemavara zviri pasherufu zvakadurikidzana zvine mavara anoti yero, pingi, girini neorenji."
ID_MYASSN,Photo elakisi biso na kati ya ndako moko boye na ndako oyo na moni mobali moko atelemi na ye likolo ya eloko pe aza kopakola mwa langi na ndako oyo pe alati mwa single.
ID_MYATCF,Varume nevakadzi vakapfeka hembe dzokudzanisa. Vakamira pasora rakasvibira rakachekererwa zvakanaka. Vane majakazi mumakumbo uye vakapfeka mbikiza nehembe tema. Pane mumwe ane rokwe jena akapfeka zvakasiyana nevamwe.
ID_MYSUOX,Apa papati uyezve parikuratidza kuti pakarongwa macheya nechivhiti. vhiti Macheya aya akaiswa mucheka muchena uyezve pakarongwa kapeti pasi yegirini.
ID_NANEDK,Pane shangu mbiri dzine ruvara rutema. Dzakaiswa masvokisi ane mavara akasiyana siyana. mukati madzo uye dzakatsvetwa mumba makaiswa ruware ruchena.
ID_NBXFCB,Awa na mona na balabala camion etelemi na balabala camion monene ya pembe na mopanzi kuna na komona eza ndako.
ID_NCTBDJ,Pazasi pezambuko apa pazere miti yemujatirofamujatirofa unomera. Pane mvura. Pane mapepa akawanda ayo akasvibisa nharaunda.
ID_NCTMCH,Awa na moni eza na kati ya ndako liboso na ngai nazo mona sayani moko ya pembe na motane na kati ya sayani nazo mona ba mbuma moko ya kitoko oyo na monoko ya poto ba bengaka papayi.
ID_NDLOUL,Oyo ba simbi sani eza na biloko akalia eza pe pusu eza nyama ba sangisi na ndunda batie pe ba pilipili ba pilipili mibale eza na langi ya mosaka na nyama yago pe eza ya kotukisa basanxi yango na ndunda eza elengi boye.
ID_NDMSAY,Shangu mbiri dzakanaka kwazvo. Dzine ruvara rutema. Dzakavhurika mberi nekushure uye dzine tambo yakakora pamberi kuitira kubata gumbo. Dzinopfekwa nevanhukadzi kana vanhurume.
ID_NEFGZN,Zvibhodhoro zvakawanda zviri pasi zvemizera yakasiyana. Pane zviduku poitawo zvihombe zvine ruvara rutema nemivharo michena ndezviya zvine mishonga inoshandiswa pamishina yakaita seyekudhinda mapepa kana imwewo mishina inoshanda nemapepa.
ID_NEMBWZ,Varume vanoratidza kuti ndevemutambo Vakapfeka nguwo dzakafanana dzine ruvara rumwe chete ruchena nezvitema. Vakapfeka shangu dzakasiyana siyana. Vamwe vakamira vamwe vakakotamira.
ID_NHJQMJ,Chitoro chekutengesera hembe Chine madziro egirazi anooneka zviri mukati mune zvidhori zvakapfekedzewa hembe dzavanhu. Chimwe chidhori chidiki chakapfeka dhirezi remwana repingi.
ID_NIXPQE,Mbeto ba tandi badra ya pembe pe na ba cusin na tapi ya langi ya motani esangani na langi ya chokola fololo na mesa ya liboso awa pe na mopanzi kuna fololo na ngulomani na nsima ya mbeto yango na langi ya mosaka batie pe bilei na plateau biloko bazwaka ya kolia na ntongo.
ID_NJUTWH,Midhudhudhu iyi yakarongedzwa zvakanaka pamberi payo yakachengetedzwa necheni iyo yakapendwa zvitsvuku nezvichena.
ID_NJZYRN,Na elili oyo nazo mona bazo lakisa biso bato ya mibali ebele ba lati bango nyonso ndenge moko bazo kende.
ID_NKDDHC,Na balabala taxi bus na mopanzi na langi ya pembe pe na langi ya pondu awa ya mibale mibale ba kobenda pusu mobali ya liboso alati kabutula ya langi ya bozinga ya pete pe likolo motani na ekoti ya pembe esangani na bozinga mosusu alati mwindo mwindo pe na ekoti ya pembe liboso kuna pe mituka na mopanzi ba ndako.
ID_NKKWME,Motokari dziri mumugwagwa dzimwe dzakatakura vanhu dzakazara dzakavhurwa mabhutu dzimwe dzakavharwa asi dziri kufamba nemarori namagonyeti namamotabhaiki. Zvose zviviri kufamba zvakatakura vanhu.
ID_NMFAKL,Na kati ya sale bato ebele ba sangani ba camera mpona kolanda formation moko mpona ba kutani.
ID_NNEJUC,Vanhurume vana vakabatana maoko vakamira vakapfeka nhumbi dzekutambisa mutambo. Vakapfeka shangu nemasokisi zvakasiyana. Vakamira vakasanganisisa maoko avo pamwechete Vakabatana vari kuratidza kuti vari kutorwa mufananidzo. Nechekurudivi kune miti yakawanda iriko nezvivakwa zviri nechekumasure pavakamira pane huswa hwakaoma.
ID_NNNBWD,"Nzvimbo ine huswa namarara Ine zvimiti miti zvakangorara pasi. Zvimiti izvi zvine ruvara rutema neruvara rwakachenerukira Koita zvimarara zvakangorasika. pese pese zvine ruvara ruchena. Huswa huripo humwe hune ruvara rwegirini, humwe hune ruvara rwakachenerukira."
ID_NOGIXK,Na bilili oyo nali komona balakisinga awa mwana mwasi aza kitoko pe aza na misu ya kitoko nali komona ndenge ba kangi ye suki pe amemikasak na ye pembeni na ye na moni kamwa ndako ya ba langi ya motani.
ID_NPRXQR,Eawa na moni ba lakisi biso mwa mutuka moko ya monene makasi oyo etelemi esika moko e na moni eza mutuka oyo ememaka ba biloko ebele e na moni ba fungoli yango bazo bimisa biloko na kati.
ID_NQRVCV,Elili oyo eza eli ya sango na moni na se ba komi paroise catholique saint jean paul de eza ndako ya nzambe oyo ya ba katolike.
ID_NRKEFH,Na esika na komi awa ba ndeko nazo mona liboso na ngai eza obele babendela babendela mibale eza awa bendela moko eza bendela ya union africaine mosusu eza bendela oyo ya mboka congo brazzaville.
ID_NRYMLU,Mwa balabala ya kitoko mpenza pe na balabala oyo na moni bato mibale na moni baza likolo ya mwa moto bato oyo emonani baza ba mwa polisier na moni ba lati ba mwa elamba na bango pe nsima na bango na moni motuka oyo eza kokende oyo awa yango mini bus pe na moni pembeni ya balabala oyo ba mwa paraplui na ba mwa biloko bato baza koteksa yango eza mwa balabala ya kitoko mpenza.
ID_NSIWDG,Murume akagara mumotokari. Motokari yakamira. kumberi kwacho kune mugwagwa.
ID_NSLCMX,Awa na moni eza esika oyo bazo tekisa ba mafuta ya ndenge na ndenge ya bana basi na ya bana mike.
ID_NSYLRD,Awa nazo mona mwasi moko boye azolakisa suki na ye nazo mona suki na ye ba kangi ye suki ya maboko ba kangi ye suki na ye ya naturele azotala na se.
ID_NTGLVW,Eloko nazo mona awa liboso na ngai eza eloko oyo ba bengaka eza mafuta ya bana mike ya babebe ya kopakola na nzoto ya mafuta moko ya kitoko vrema mpona babebe sikona molangi yango mpe na moni koza foto ya bana mibale batolo vide ba lati eloko te likolo eza babebe.
ID_NTGXTG,Elili oyo na moni liboso na ngai na basi mibale ba telemi ba lati kitoko pe ba lati ba mwa biloko ya matoi oyo babengango na monoko ya lopoto ba bijoux pe na moni moko aza na mwa sac me na loboko pe ba robe na bango eza na ba langi oyo ya bozinga ba telemi pe kitoko mpenza.
ID_NTYPHW,Bana mine baza place moko mibale ba vandi na kiti moko mibale ba telemi mwana moko alati elamba ya likolo ya pembe akangi maboko ye aza mwana mwasi na nsima na bango ba matiti ya langi ya mayi ya pondu.
ID_NUNSVE,Midziyo yakasiyana-siyana inoshandiswa muimba yokubikira yakaiswa mubhodhoro. Mune zvipunu. Mune mugwaku mune musika wakagadzikwa nesimbi yerudzi rwesirivha. mune mugoti zvakare.
ID_NUOSCF,Shiri ine ruvara ruchena muviri wese. Iri mudendere. Inoratidza kuti yakafuratira vana kana mazai ayo. Parutivi pana masora akasvibirira.
ID_NWLPMF,Na foto oyo nali komona ba lakisi nga eza carton ya kisi ya komela ba tiango likolo ya mesa te nali komona balakisinga awa.
ID_NXAUAF,Awa tozali komona elenge mobali ya telemi abetaka ndembo ya makolo to moni alati ba uniforme na ye oyo ezali ya mai ya pondu to mona atelemi na terrain.
ID_NXLUAE,Vhiri rekuisa pamotokari rakagadzikwa riri rega rine ruvara rutema nesirivheri pakati uye rakanyorwa nezvichena. Rakagadzikwa pamusoro pechinhu chine ruvara rutema nesirivheri uye pasi paro pane mataira akatsinhana zvakanaka.
ID_NYOCNO,Munhu rume nekadzi vari kuteverana. Munhukadzi akabereka mwana kumusana netauro rine ruvara iri mitsetse michena nezvitsvuku. Pamberi murume akapfeka nhumbi ine maoko mapfupi eruvara rwebhuruu. Neyekuzasi bhurugwa rakareba rine ruvara rwebhuruu.
ID_NYWGFD,Kasi bazo tekisa biloko oyo bana ba salisaka eza biloko ya bana kelasi koyeba te ezali na langi ebele eza na langi ya bozinga eza na langi ya longondo eza na langi ya lilala eza na langi ya motane eza biloko ebele boye.
ID_NZNZDT,Na awa na moni ba lakisi nga mayindi eza na kati ya nzete na yango eza mayindi ya kitoko eza na ba langi ya mosaka pe na ba pembe pembe na nzete na yango eza na ba langi ya pondu.
ID_OAGKDL,Liboso na nga awa nazo komona eza basi moko ba komi na yango scenario baki ba komi pe loso parfure.
ID_OAGTZM,Musikana mumwe chete wechidiki arikufamba achidya muchero wechitema. Musikana uyu une rokwe refu rine ruvara rutsvuku nehembe ine ruvara ruchena. Akabata purasitiki rine ruvara rutema. a.
ID_OCZFPU,Chitoro chinotengesa nhumbi dzemukati dzemadzimai dzakaita semabhurugwa nemabhurawa. Pane zvidhori zvitatu zvakapfekedzwa Zvimwe zvezvinhu izvi chimwe chidhori chakapfeka bhurawa nebhurugwa zvitsvuku.
ID_ODFKRY,Awa na moni ba lakisi nga likolo ya mesa oyo batie sani ya kitoko na kati ya sani oyo na moni biloko ya kolia pilipili ba misuni pe na ba legume.
ID_ODGKGY,Makolo mibale ya sapatu mpona mibale eza bongo na langi ya move.
ID_OESMJN,Michero miviri yerudzi rwendimu rimwe chete rakachekwa nechapakati richitaridzwa mukati maro umo makatsvukirira uyewo rakaibva rangomirira kushandiswa kana kudyiwa.
ID_OEWYCL,Dzimba dzakavakwa dzakabatana. Dzimba idzi dzakasiyana nemavakirwo adzaiitwa. Dzimwe dzine ruvara rwakachenerukira uye dzidiki koita. Imwe iri kubudikira necheparutivi inoratidza kuti yakavakwa nezvidhinha zvinozivikana kuti zvidhinha zvekubhotswana. Zvidhinha izvi zvine ruvara rutsvuku neruvara ruchena.
ID_OFMRHS,Miti dzakawanda dzemarudzi akasiyana siyana. Umwe une maruva epepuro ndewe mujakaranda. Pamberi pane bhusita remasaisai rakagadzirwa nemasimbi akareba uye ane mavara matsvuku namachena.
ID_OGFYLY,Dhekodha riri pasi. Dhekodha iri rine ruvara rutema. rakanyorwa namavara machena namavara matema kuti canaubokisi. Rinoratidza kuti rakabatidzwa uye rakanaka.
ID_OIEWKO,Elenge mobali atelemi liboso ya elembo ya airtel elembo yango eza na langi ya motane na pembe ye moko alati elamba ya langi ya mosaka.
ID_OIRQQG,Mushina werudzi rwemotokari yekutimba pasi inozikamwa nezita rokuti giredha. Ine mavhiri mahombe uye kumberi kwayo kune dhishi rakashama rine mazino pasi rinotakura mavhu rinochera mavhu nemazino acho rotutira mukati richindorasira kune imwe nzvimbo.
ID_OIZXCN,Muchero wemarichi wakawisa zvisingabviri zvino ose atsvuka kuratidza kuibva achirembura matavi emuti uyu ana mashizha akasvibira zvikuru achipenyerera mukupenyawo kwezuva.
ID_OLQQKH,Zvipembere zvakawanda zvinodarika zvitatu izvo zvakamira panenge parutivi pomugwagwa. Zvipembere izvi zvihombe uye zvinoratidza kuti zvava zvekare zvine ruvara rwedota muviri wese.
ID_OMIOGO,Basakosi ya ba mama bamemaka na maboko eza ya sika eza na zando ezo tekisama basakosi yango eza ya moke na oyo monene etongami na mayaka eza na ba langi esangani pe ekeseni basakosi moko eza na langi ya shokola mosusu eza na langi ya mosaka mosusu eza na langi ya mwindo sakosi ya moke eza na mayaka etongami na mayaka eza na langi ya longondo esangani na pembe.
ID_OMVDDX,Awa tozali komona eza eloko ba bengi bar et restaurant tozali komona na kati awa baza koteka masanga ezali esika pe ba tekaka na biloko ya kolia kasi to moni ba lakisi biso ba kiti o ba fotei ya kitoko na mesa ya kitoko kasi batu ba zali te kasi na ndako yango ezali kitoko mingi.
ID_OMYCXL,Murume ari kusimbisa muviri wake akapfeka hembe yakasununguka kumusoro inosiya maoko ari pachena. Maoko ake akabatirawo simbi iri kumusoro nechekuzasi akapfeka chikabudura chakatsvuka.
ID_ONBGPT,Awa tozali komona ba materiel ana esalaka biloko ebele ya ba construction ba electricite tozo na ba pense tozo na ba tournevise moko eza na ba lange ya moindo na motani esalaka biloko ebele.
ID_OOXOVZ,Masitirobheri matsvuku mukati memudziyo wekuchengetera mutsvuku sezvo nguva yokukohwa yasvika uye anotengeswa obva atengeswa mamwe achidyiwa.
ID_OPDKDJ,Balabala ya kokufa mpona mai ya mbula mai ya mbula ebeti etondi wana bato azoleka na mipanzi moto moko alati elamba alange ya peme na likolo lange ya bozinga na se na sima eza namazoyakalati liputa lange ya mosaka.
ID_OPOHQH,Vanhu vari panzvimbo inopihwa zvidzidzo. Pane vanhu varikuratidza kuti vapedza zvidzidzo saka vakupihwa mapepa avo vakapfeka magauni ekuratidza kuti vagirajuweta. Panewo vari kucherechedza vari pamberi.
ID_OQBYLS,"Ratidza zvimafuleimaketi zvinotengesa bhutsu uyo ari kuratidza kuti ane mapushi masendozi, mapushi zveruvara rwakasiyana siyana. yero waiti bhuru. Madzimai achifamba achidarika vanhu vakasiyana siyana. uyu akatobata mwana arikufamba ari kudarika achiona kuratidza kuti ari kuda kutengawo zvirimo mumashoko."
ID_OQHYVU,Vanhu varikufamba panzvimbo inotengeswa zvinhu zvakasiyana. Pane munhukadzi akabereka mwana wake kumusana mwana uye akasiya maoko ake ari kunze. Poitawo munhurume ari kufamba akapfeka mujivha webhurauni neheti mumusoro varikufamba vakananga kunotengeswa zvinhu zvakawanda zvakasiyana siyana.
ID_OQJLPT,Awa esika na komi awa nazo mona na miso na ngai eza obele na wenze me wenze oyo na moni bazo tekisa ba biloko ndenge na ndenge na omona awa ba mafuta kopakola ba sabuni ba biloko ebele ebele vrama na omona babasin oyo eza na kati ya wenze.
ID_ORDZHU,Mureza une mavara maviri ari kunyatsooneka. Nechekumusoro kune ruvara ruchena asi munwewo makada kusvibira. Kuzasi kwacho kune ruvara rutsvuku. Hapana kamwe kamufananidzo kari pamureza uyu.
ID_ORXUPM,"Mhuka inonzi Garakuni, Garakuni racho rine manhenga machena. Rinewo makumbo maviri. Nechekumberi kune chinhu chakatsvukakarakuni. racho riri munzvimbo yakaiswa fenzi."
ID_OSQUUH,Murume akabata bhora mumaoko ake makapfekwa magirovhosi ane rudzi ruchena. Akapfeka hembe ine ruvara rutsvuku nemaoko eyero unoratidza kuva mubati webhora pamutambo wenhabvu.
ID_OUJCUX,Ba ndeko esika na komi awa nazo mona banabasi bilenge bana basi awa ba lati ba bilamba ya biloko ya ba sportif baosakana na bango baosaka na football baosakana sport oyo ya ndembo ya banabasi misatu.
ID_OUJOWD,Na foto oyo nali komona ba lakisi nga balabala pembeni na balabala na moni lupango ya pembe na kati ya lupango oyo na moni ndako ya pembe pembeni na ndako na moni ba nzete ya milayi.
ID_OUMCAD,Varume vasere vari mukati menhandare yekutambira mutambo webhora. Umwe wevarume vasere ava urikubudikira chidimbu chimwe chete. Umwe wavo akapfeka nhumbi dzeyero vamwe vakapfeka nhumbi dzebhuruu. mumwe wavo akapfeka nhumbi dzitema.
ID_OWIOED,Awa na zali komona camionete moko ezali na langi ya pembe to moni mosusu ezali pembeni na ngo nyonso etelemi to moni ezali na langi ya bululu etelemi wana ezali eloko bapengi parking to moni etelemi ezali kitoko.
ID_OWPLHO,Na bilili oyo tozali komona ezali ba sango oyo tango ya colonsiation babandaki ko kolonize biso awa to moni ba zali ba sango ba lati makanzo na bango ya molai ya pembe to moni ba zali kopesana mbote na ba ndeko ya mboka.
ID_OXFWCP,Magiranadhira akawanda ndeeyero uye ane mavara egirini rimwe chete rakachekwa rikaburitsa zvimedu zviviri mukati maro mutsvuku uye rine mhodzi dzitema.
ID_OYEAHK,Foto oyo na moni liboso na nga na moni loboko oyo esimbi mwa molange ya mafuta ya basi mafuta oyo ezalaka kitoko mpona nzoto ya basi basi soki bapakali yango bazalaka kitoko mpenza pe na nzoto ya sembesembe.
ID_OYPRHA,Mudzimai mutsvuku ari kunyemwerera zvekuti mazino ake epamusoro ari kunyatsooneka akagerwa musoro achibvisa bvudzi rose. akapfekawo zvekuti muviri wake wekumusoro unosara uri pachena.
ID_OZLILC,Awa namo nazo mona eloko ebengami sapato sapato yango eza sapato kombonayango puma eza eaa langi ya moyindo.
ID_OZSILI,Vanhu vakagara vari kukurukura pane akamira nechepangoro. Munhu uyu akapfeka hembe ine maoko mapfupi ine ruvara rwebhuruu neruvara ruchena. Kuzasi wakapfeka mutirauzi une ruvara rwebhuruu koita vamwe vakagara pasi Mumwe ane hembe ine ruvara ruchena. Akapfeka ngowani yake ine ruvara ruchena. zvakare kuzasi ane mutirauzi une ruvara rutema.
ID_PAKEML,Nazo mona mai ya ebale ebale ba mabanga eza na ba tia na ba cantine misusu eza na babido bakata nazo mona pe moto na mayi azosokola maboko na mopanzi fulu ya salete ebima na mai eza na mopanzi wana.
ID_PATITK,Kunzvimbo ine mvura ine rwizi runoyerera makamera mazipundo akaita mashanga anomera. mune mvura nemubhanana urikubudikira kudivi rerudyi Kuruboshwe pasi pane marara dutu anotaridza kuti panzvimbo panouya vanhu vachirashira marara pasingabvumidze.
ID_PAUVNP,Zvivakwa zviri pedyo nemugwagwa Zvinofanira kunge zviri zvivakwa zvinoitirwa bhizinesi hazvina kukura. Nzvimbo yacho haina vanhu asi ine mugwagwa uri pedyo.
ID_PAZHTC,Mudhorobha mune zvivakwa zvakawanda zvine midhuri yakareba uye yakadurikidzana. Parutivi pazvo pane motokari dziduku dzakawanda dzinofamba mumugwagwa.
ID_PBZOVJ,Elili oyo ezolakisa biso etaleli ya nsima esika tozo mona mwana mwasi akangi suki ya maboko ezali ndenge moko te na misusu akokai na misusu nazo mona bazo lakisa biso modele ya suki ya maboko na ndenge ekangami.
ID_PCHJMX,Muchini unoshandiswa pakuongorora zvirwere zviri muviri uye unobairirwa kumagetsi kuti uone kushanda mushure mekunge wabatidzwa. padyo pane kamu inotwasanudzisa bvudzi.
ID_PDIVWS,Chitoro chinotengesa zvishongo zvemuhuro zvemunzeve zvemumaoko zvemumakumbo zvakasiyana siyana. zvimwe marin'i emuchato zvakagadzirwa zvakasiyana siyana zviri mumasherefu zvakaiswa pamusika kuti vanhu vaone zvishongedzeke. zvimwe ndezvegoridhe zvimwe zvesirivha zvimwe zvestanle still.
ID_PEKFBS,Eleko na omona eleko na omona awa ba ndeko na esika moko boye ba salaka ba biloko ba lobaka na monoko ya lopoto eza pe ba bongisaka baconcasser na omona eza mashine moko eosala baconcasse eza ba mabanga mabanga oyo ya mike.
ID_PEYHNZ,Bato mingi ba telemi elongo bazo tala makambo moto oyo avandi na se azoteya bango.
ID_PFEHBE,Nzvimbo yakakomberedzwa nerusvingo uye simbi. Nzvimbo yacho iyi ine huswa husina kunyatsokusvibira. Huswa hwacho hahuna kukura. Panewo muti wakaita zvekusimwa. nechemukati merusvingo rwakavakwa nezvidhinha mune miti mihombe iri kubudira.
ID_PGCLNI,Mukadzi akarukwa mabhanzi akanaka akarukwa neshinda nhema ari makomo akavhurwa mitsetse yakanyatsonaka nekuti ganda remusoro ririkuonekwa kuchena kuti weke. Iye akatarisa nechekurutivi mumabhanzi akaitwa hata yakanaka nechepakati achienda kumberi.
ID_PHABFK,"Badza mudziyo unoshandiswa kuita mabasa akasiyana siyana. Vamwe vanoshandisa badza kutimbira mumunda kana kuchera makomba, vamwe ndovanorishandisa panguva dzekusakura."
ID_PHGEPM,Na elili oyo tozali komona tozali komona ba mbuma pe to moni bassin to moni ba mbuma yango eza manga manga ya esi eteli ba tandi yango na se mis batie yango na ki ya bassin.
ID_PIRDKK,Nyama ya zamba oyo eza mibale nyama ya zamba ango eza na langi ya chokola na minoko ya liboso eza na langi ya mwindu nyama ya zamba yango eza na zamba eza na matiti ya mokuse eza na langi ya pondu.
ID_PIWSSK,Miti miviri iri kubudikira uri mudhuze una mashizha akasvibirira Poita umwe uri nechekumberi womurara una mashizha akasvibirira. Panewo tambo dzemagetsi dzirikubudikira dzirikuvhungana nemiti idzi.
ID_PJWOTA,Saki ya mokongo ya banakelasi ya bana mike ezali ya bonzinga ya makasi moto atamboli yango po alakisa yango ezali na ba poche mibale pe ezali na ba poche pe pembeni.
ID_PKWEOW,Bana minei mibale ya mikolo mibale ya mike ya mike moko alati tolo polele alati jupon mosusu alati elamba likolo alange ya pembe ya mokolo alati elamba ya langi ya motani ya langi ya mosaka langi ya mpondu mosusu alati elamba likolo yalange ya mpondu.
ID_PLPFOQ,Chirimwo chevisa icho chakachekwa chinoratidza kuti mukati macho mutsvuku kunze neruvara rwegirini rakacheneruka. Chirimwa ichi chinoratidza kuti chaibva chava kuda kudyiwa.
ID_PLXELZ,Imba yokutandarira ine zvekugarira masofa machena mamwe ane ruvara rwebhurauni nezvimapiro zvekutsamira. mukati. Nechokumberi kuri kuonekawo kicheni yekurongedzera zvinhu nefiriji yekuisa zvinhu kuti zvitonhorere.
ID_PMAOSQ,Ichi chivakwa chine vhurande. Chivakwa ichi chinogona kuva chiri chitoro tinoona chine simbi dzekuvhara kudzivirira vangadei kuva vachipinda zvisiri pamutemo. Pavhuranda racho tinoona paine maruva ekushongedza nzvimbo iyi mudenga tinoona makasungirirwawo tunhu twekushongedza tutsvuku netwuchena.
ID_PMRSSB,Kamba iyo inoratidza kuti iri mumvura inoita makwati. kunze kwayo. Pamusoro payo panewo datya riripo rinoita zvokutomhuka kana richifamba. Rine ruvara rwegirinhi nemamwe mawara.
ID_PNORCR,Na bilili oyo toli komona eza moto nali komona eza na ba moteure ebele pe ya kitoko moto oyo eza na ba langi ya bozinga.
ID_PPVGVT,Na esika to komi awa nazo mona ndeko mobali moko atelemi awa alati ba bilamba ya maputa epe ndeko yango na moni azo tala na maboko na ye telephone na ye pona abenga mutu.
ID_PQWUBQ,Mumunda mune mavhu akachegwa-chegwa nemapundo mamwe akaoma nemamwewo manyoro. Nechekumhiri kune tumwe tupundo wakadakufudzirwa nemavhu akachegwa chegwa awa.
ID_PQWWAS,Gwenzi kana kuti ruva rinoratidza kuti riri pane mvura yakawanda. Rina mashizha akasvibirira ane mizera yakasiyana. Mamwe mashizha akareba poitawo mamwe mapfupi.
ID_PRBMHZ,Awa toza komona baza koteka ba croi ebele ba tiango na likolo ba tiango likolo ya ba nzete baza koteka yango baza bo expose yango.
ID_PRSUDQ,Vatambi vomutambo wekiriketi vari muharare Sports Club umo mune nhandare yavo iyo ina masora akasvibirira. Pane vakapfeka zveyero. poitawo vane zvegirinhi vari pakati pokutamba mutambo wavo.
ID_PSPVUJ,Bhutsu yechikadzi imwe chete yakagadzikwa pasi ine ruvara rweorenji. Mukati ine ruvara rwakachena. Ine mabhande arikuonekwa anoshandiswa kuzosunga kumbo. Pasi apa pane ruvara rutema neruvara rwakachena rwune madododo matema.
ID_PUGWCR,Eyage oyo baya na langi ya mbwe eza na ba poto yalangi ya motani na langi ya pembe eza na poto mosusu eza na langi ya lilala esika mingi eza na milongo ya kotengama yalangi ya motani na langi ya pembe.
ID_PUOAUM,Midziyo yekuchengetedza hanzu zvakanaka zvinoita kuti dzisaunyane asi dziri kugara dzakarembera dzakakochekerwa kumuti.
ID_PUPCBF,Mahuswa emushenjere nemamwewo maruva akamira akakombwa nematombo ane ruvara rwebhuruu nezvicheroakanakawo. uye ndeyemhando dzakasiyana. Mamwe ane tushizha tutete mamwe ane mashizha akakura uyewo mamwe anokura achienda nepasi mamwe anokura achienda mudenga.
ID_PUXKZB,"Vasikana vanotamba bhora vakamira vakaisa maoko kumashure vakatarisa mberi. Vakapfeka shangu, masokisi uye mabhurukwa neruvara rutsvuku nehembe dzeruvara rwegirini."
ID_PVJVYB,Musoro wemunhukadzi wakarukwa. vhudzi rinorembera richidzaka nomusana rakaonyana zvinonakidza kuona uye riri muruvara rutsvuku.
ID_PVXWGL,Mharadzano dzemigwagwa miviri yakapamhama ine tara. Muri kufamba motokari dzinemandudzi akasiyana nevanhu varikufamba mujinga. Vamwe vari kuratidza kuti vari kuda kubira mugwagwa. Vamwe vakagara vachiratidza kuti vari kutengesa. Nechekumberi kwacho kuri kuda midhuri yakanaka. Zvinoratidza kuti nzvimbo iyi iri mukati medhorobha.
ID_PWNRMS,Vanhu vari kufamba vachienda kunzvimbo dzakasiyana vari pazvitoro mudhorobha vanosanganisira varume nevakadzi. vamwe vari mumakombi apo vachienda kune imwe nzvimbo.
ID_PXMPIS,Awa tozali komona pantufle mibale bati na se to moni ezali ya kitoko ezali ya bana mibali to moni ezali na langi misatu to moni eza na langi ya mwindo to moni eza na langi ya mai ya pondu to moni eza langi ya pembe kasi ezali sapato ya kitoko soki asombi yango oko regrete te.
ID_PYLEZL,"Iharaifokoimbezo ibadza tinoshandisa kurima midziyo, iyi midziyo inoshandiswa pamba."
ID_PYSGDM,Sapato ya moke ya bana mibali.
ID_PZNPDS,Dutu ramaruva akasunganidzwa pamwe chete. Ane ruvara ruchena kunze rouya richinoita ruvara rwakanoita yero pakati. mamwe haasati abudikiraatumbuka ane ruvara rwe girini.
ID_QAFTFH,Katikate ya botique ya cosmetique nazo mona batikaka a ba biloko ya mafuta kopakala na nzoto nazo mona pe basaboni likide na bapommade ya bana moke ya vaseline ba bengaka ngo familia.
ID_QBLCHX,Elubu ya makayabo na ndunda na dongodongo sani ya mbele ya langi ya pembe coulere supu suka.
ID_QDWOCD,Motuka oyo esalaka taxi ya langi ya mpondu likolo eza na langi ya mpembe likolo logo na yango ya taxi eza alangi ya mosaka na ba koma na langi ya mwindo mwinda na yango eza langi ya motane.
ID_QELUFU,Mhete yemuhuro yakasimudzwa iri muruoko rwemunhu kuti anyatsoiwongorora kuti yakamira sei. Mhete iyi ine ruvara rwe sirivheri uye yakareba.
ID_QFAWQN,Misoro yezvidhori miviri yose yakasungwa madhugu ane mavara mavara. miromo yazvo yakapendewa zvitsvuku.
ID_QJKNRG,Boye kasi nde nazo mona ezali liboso na ngai eza ndako neti na nsima ya ndako boye nazo mona eza na langi moko ya chokola boyeve na nsima ndako yango nazo mona eza na langi moko ondire ya pembe me mipembe makasi te.
ID_QKDYKB,Masuwa mibale ya moke pene ya monene na langi ya pembe pe na langi ya bozinga bendele likolo na langi ya pondulangi ya mosaka pe na langi ya motane na nzete likolo na ngo na kati ya ebale.
ID_QMZGIX,Hofisi ine feni ichena mahwindo egirazi aneruvara rutema. mudhuri webhurauni une mutsara webhuruu.
ID_QNVSXY,Liboso na nga awa na moni mutuka e eza pembeni ya lopango pe eza na balabala ya mabele nde ba lakisi biso awa.
ID_QNYPTX,Ba ndeko awa na misu na ngai nazo mona obele bana basi mibale ya kitoko vrama ba kangi suki na bango ya kitoko pi mwasi yango pe alati shemise ya jaune na moko na ye ya mipakoli ba.
ID_QOYCEF,Elili oyo ezali kisa biso matiti yakotiya bilengi na bi e mati eza na kati ya kati esalemi na nzete ya bokoko matiti yango na monoko ya lopoto ba bengaka ngo fe de lorier eza matiti batiyaka nabiloko yakoliya p bengi epesa bengi.
ID_QPGYFR,Motokari inoshandiswa pamakwikwi okumhanyirana. Ine manyerekete machena namatema. Pana mavhiri akaunganidzwa kuitira kudzivirira kukuvara kwevanotekenya. Motokari idzi kune ma hurikuonekwa kubva mumotokari idzi.
ID_QQBRNC,Shiri yemhando neshiri dzinowanikwa pedo pakawanda mvura ine makumbo marefu nehuro yakareba iri kufamba ichiita seiri kuda kubhururuka kana seichangomhara yakasimudza mapapiro ayo ine ruvara rwebhurauni ruchena nerutema.
ID_QQNNCC,Awa tozali komona ezali camion moko oyo ezali ya monene to moni ezali camion te ezali bus oyo ya monene nde to moni etelemi pembeni ya balabala to moni ezali na langi oyo ezali na langi ya mwindo to moni na oyo ya motane ezali na kati to moni etelemi na balabala yango tozali komona awa to moni nkambo kuna ba ndako oyo ya etage ezali na langi ya pembe nde tozali komona awa kasi na balabala ba motuka eza koleka te.
ID_QQXOPN,Nhandare iri kuyevedza kutarisa nemhaka yekuti ine huswa hwegirini hwakanyatsochekererwa. Panewo chivakwa chiri kumashure. Nhandare iyi inogona kutambirwa mutambo wekiriketi.
ID_QRTYMF,"Mafayira akawanda anoti maflat failes, maacliva files nemamwewo. mafayira aya mamwe ari mumapurasitiki akaiswa pamusoro akarongedzwapasherefu repamusoro. Mamwe ari pazasi anonzi maaklivha. Pasherefu yepakati pane mapepa anoiswa anozoita kuti kana uchinge waisa zvinhu mukati wochinyora kuti uzokwanisa kutsvaga zvinhu zvauri kuda. Ane ruvara rwakasiyana siyana anoti bhuruu, girini neyero nepingi nemamwewo matsvuku."
ID_QRXFFJ,Naelili oyo nazo mona esika bazo lakisa biso dalapo elembo ya dalapo esika nazo mona eza na molongo ya mwindu eza na langi ya mwindu langi ya motane na langi ya mobeso ezali na elembo ya.
ID_QSHFNI,Nzvimbo ine zvivakwa zvakawanda zvimwe zvine zvitinha zvitema. Poitawo zvimwe zvivakwa zvakaiswa ruvara ruchena. Pane vanhu vakawanda vakabereka mabhegi vari kuenda nokubva panzvimbo iyi inoratidzika sechikoro.
ID_QSKAEW,Zvivakwa zvakawanda zvinoratidza kuti panoitwa zvinhu zvakawanda. zvimwe zvineruvara ruchena imwe yacho kambani iripo inonzi Imara Investing in Africa Zvakanyorwa nerudzi ruchena pane ruvara rwebhuruu Zvinongoreva kuti pane zviiswa panzvimbo iyi zvakawanda asi imwe kambani iripo ndeye Imara.
ID_QTCLHN,Masora akawanda ari pasi ane mashizha ane mizera yakasiyana egirini. Parutivi pane matombo.
ID_QTXJXV,Girazi rakabatwa neruoko rwemunhu rinezvitaira-taira. Girazi iri rinoshandiswa kunwa mvura kana zvinwiwa zvimwe zvakasiyana siyana.
ID_QVBLES,Majirafu tuu marefu refu.
ID_QVBRUU,Elili oyo eza liboso na nga na moni eza bendela bendela oyo eza bendela yapei moko boye eza na langi misato langi ya moindo langi ya mosaka langi pe ya montana.
ID_QWDAYZ,Chanza chemunhu chirikubudikira chakabata mashizha emuti. Mashizha emuti aya mamwe ane girini yakanosvibira mamwe ane girini yakanochenerukira. Mukati mechikwenzi umu mune kopisi tsvuku yakaturikamo.
ID_QWUCDJ,Vana vakomana vechidiki vakagara zvavo. Vana ava vanoratidza kuti izira rimwe chete uye vakapfeka nhumbi dzechinyakare. izvi zvinoonekwa nezvavakapfeka muhuro mavo. Vana ava vana mai vavo padivi pavo.
ID_QYCETT,Na esika to komi awa ba ndeko nazo mona eza ba papa ebele na ba mama ebele ba fandi na sale moko ya monene baza pe na ba buku na bango liboso baosala ma eloko babengana monoko ya lopoto mwa reignon.
ID_QYNCYO,Munhurume akarukwa musoro nemiswe yemadhogi uye wakareba kwazvo. Une ruvara rutema uye akaisa mabhidzi mumarutivi.
ID_QYYXVJ,Motuka ya monene efandami liboso ya ndako motuka oyo ekoki komema biloko ya ndenge na ndenge ezali motuka ya monene oyo tokoki kobenga bipe to pesipie ememaka biloko ya ma makasi.
ID_QZWLVA,E awa na moni mwa tinel moko eza na ba matiti ebele na mosika nazo mona batu ebele eza neti eza na zando na ba mituka o etelemi pembeni.
ID_RBHTCP,Bendela oyo eza liboso na nga eza bendela moko ya kitoko bendela oyo eza na ba langi ebele ya motane ya bozinga ya pembe pe na oyo ya mosaka.
ID_RBMMXG,"Musoro une bvudzi yakasvibira, yakarukwa mibvudzi, mitsara yakawanda uye mutsara wakammonwa nebvudzi rekutengwa rine ruvara rutsvuku."
ID_RBRMRJ,Oyo ezali eloko na zali komona ezalilok ya kotanga eza store son ekoki kozala istware ya farao.
ID_REPXZM,Kanyama ya mok na moni eza kanyama ya moke.
ID_RFARPF,Awa baza kolakisa biso carton ekoki kozala carton ya jus ya mangue pona ekomami mange nactar.
ID_RGNNZN,Mayi ya liziba eza pembeni ya libanga fololo pe eza wana pembeni fololo yango eza na langi ya mayi ya pondu.
ID_RGUARG,Imba yakavakwa zvakanaka ikapendewa neruvara rwekirimu. Pavhurandi pakaiswa zvidhinha zvitsvuku. Imba iyi yakapoteredzwa nejurahoro rine ruvara rwekirimu. Pane gedhe pamba apa uye pane muti wekuti vanhu vanogara kana vari panze vachitandara zvavo.
ID_RHQGBX,Boye nazo mona eza bato baza ba sportif pe ba fandi na terrain bazo sala ba entrainement na bango bazo sakana ezali ba tata ba fandi na mwasi pe moko aza pembeni na bongo afandi.
ID_RHZQWU,Awa tozali komona ezali bendele bendele yango to moni eza na ba langi oyo ya bolulu ya pepe ya motane to moni ezali na minzoto oyo ba bengi ba etoine ezali na langi ya mosaka soki ezali ya mboka nini toyebi te.
ID_RHZZCB,Awa nazo mona kamwa carton ya moke ya kisi eza carton moko ya moke ba kisi eza na kati kisi na ngo kombona yango artefan na pembeni wana nazo mona tomwa mabanga moko boye ya pembe.
ID_RIWQZN,"Chidhindo chinoshandiswa navanhu kunyanya mumahofisi chinoratidzawo mvumo yekuita zvinhu pangava pabepa kana kuti pai pachingada kuiswa, chinonyanya kushandiswa nevakuru venzvimbo."
ID_RLYSVG,Shangu tema idzo dzakasonwa pamusoro padzo hadzishandiswe tambo kana munhu achinge ava kupfeka dzakaiswa pasi.
ID_RMLTDJ,"Mushina unoshanda namagetsi uri pasi pane ruvara rwebhurauni. Mushina uyu unoshandiswa muzvikoro, muzvidzidzo kana mumahofisi pakunyora tsamba kana mamwe magwaro. Une ruvara rwesirivha Uyezve pane mucherechedzo wehapuro pamusoro pemushina uyu."
ID_RMYARZ,Shangu dzakagadzikwa pasi imwe ndeye kuruboshwe imwe ndeye kurudyi. Shangu idzi dzine mavara machena nemavara egireyi Nechemurutivi dzinoratidza kuti dzine ruvara rutema.
ID_RNMXPP,Mureza wenyika yemaudhivhisi une ruvara rutsvuku negirini neruchena pakati une mufananidzo wemwedzi.
ID_RPKIIV,Muriwo uri mugadheni wakarimwa unoratidza kuti muriwo werugare uyezve muriwo uyu unoratidza kuti wanga wariba asi hauna mvura yakakwana. zvekare Hauna chikafu chakakwana. Une ruvara rwegirinhi asi uri kuratidza kusvava.
ID_RQNSVH,Munhukadzi wakarukwa musoro wakasonererwa. vudzi risiri rake pamusoro rakanaka kuuma rakakura kugotsi ipfupi kudivi rokurudyi mberi rakandonamirwa paganda rake rakamonyana monyana rakapfeka magirazi achisekerera.
ID_RRJHAQ,Murume uyu ari kuchengetedza chivanhu muruoko rwake. Akabata mukondo akapfeka matehwe. Nechepadumbu pake ane nyanga yaakasungira nedhende dzvuku. Mumaokwe ake mune matehwe.
ID_RSLMJI,Maruva akadzvarwa kuti nzvimbo itaridzike zvakanaka. Akaitwa matatu matatu zvine unyanzvi. Mamwe ari mudendenedzwa ari egirini Pakati pakaiswa anenge zvimuti akatumbuka maruva matsvuku.
ID_RVJKZK,Vanhu vakati wandei varikufamba parutivi rwomugwagwa. zvimwe varikuenda uko vachawana zvekufambisa kuti vagodzokera zvakare kudzimba dzavo sezvo vapedza zvavangavawira muguta.
ID_RYIGAJ,Zvinowedzeredza runako Zvinopfekwa mumaoko zvakapfekwa zvine mavara mavara akawanda. Zvakapfekwa nemunhu tema muruoko rwake.
ID_SACORM,Eh awa na moni toza na kati ya terrain na moni eza na bana mibali na bana basi oyo ba telemi pembeni ya terrain na nsima na bango pe na moni eza na mwa lopango moko oyo eza na mwa ndako moko ya monene ya pembe na ba matiti oyo eza liboso ya lopango.
ID_SAHAQF,"Mushina wamagetsi wakakwadaburwa kuita zvipisi, zvipisi uye tambo dzinobatanidza moto dzangoti nyeche kose kose."
ID_SAJIZD,Na moni photo oyo bolakisi biso eza mobali atelemi aza na balle na kati ya maboko na ye na batu mosusu ba fandi na sima na ye.
ID_SBFDCO,"Midziyo inoshandiswa kuita mabasa amaoko pamusha. Midziyo iyi inosanganisira chigero, foko nefoshoro foshoro nechekumusoro kwayo ine ruvara rutema nechekuzasi ine ruvara rwakachenerukira koita zvakare. chigero chine ruvara rutema nechekumusoro kuzasi chine ruvara rwakachenerukira zvakare."
ID_SEHLEP,Mafuta oyo mafuta ya kitoko ya kopakola ba bengi yango cocoa riter formula ezali mpona kopakola na nzoto ebombei yango ezali na langi ya pembe na ezali na langi ya sokola ezali pe na langi ya bozinga ezali pe na langi ya motane moto asimbi yango na maboko.
ID_SEJVSP,Musha wakakomberedzwa newaya. Mukati memusha umu mune sora riri kubudira rinoratidza kuti rakatsvukuruka kana kuti tingati harina utano zvichibva zvaita kuti tifungidzire kuti rave nenguva risina kumbowana mwando. Pane dutu rezvigubhu zvakaunganidzwa kuratidza kuti zvinorashirwa ipapo. Nechekunze kwacho kurikubuda futi marara akangorashwa-rashwa anoratidza kuti mapepa.
ID_SEZFBH,Bana kelasi ba telemi awa na ba lakisi ba memi ba buku na maboko.
ID_SFDNNH,Foto elakisi place oyo ba tekisaka bikeko na moni oyo eza biloko basi ba lataka pe na biloko ba tiaka na ba rido na bahotel.
ID_SFFHJS,Awa nazo mona na miso na nga foto ya bana ana bana mibale ba telemi awa liboso na ngai eza bana mibale ya mibali ba telemi liboso na ngai awa bana mibale ya mibali.
ID_SGJXRJ,Chibhetibheti chine ruvara ruchena chinooneka zvakare ruvara rutsvuku. Zvinoratidza kuti hachina mambava akanatsowanda. Chinogona chiri chimwana chechibhetibheti. Nechekumberi chine nzeve dzakamira chobva chaita maziso matsvuku.
ID_SIAOXE,Mudhorobha mune midhuri yakavakwa ichienda mudenga. Munewo vanhu vakawanda varikufambamo. Mune motokari dziri kufambamo mumugwagwa ine tara. Imwe motikari yegireyi imwewo ichena yakashama zvakare pane vanhu vanotengesa vari kutengesa zvinwiwa.
ID_SIVQTY,Awa na moni ba lakisi biso mwa buku eh na moni eza buku oyo eza na lisitwale ya mwana mobali moko oyo asimbi apare ya foto na maboko na mwasi moko afandi pembeni na ye.
ID_SJPJUN,Elili oyo nazo mona liboso na ngai eza libokliboka oyo esalisaka batu kotutana kati pondu pilipili nguba na biloko mosusu.
ID_SKVOBK,Na bilili oyo nali komona balakisinga eza frigo mpeza moko na kati ya ndako ali komona biloko na kati ba milangi pe na ba mwasani.
ID_SLTFUI,Foto oyo elakisi biso mwa mutuka na kati ya mutuka wana na moni ba mwa soda lati kitoko baza na manduki na boko mususu atelemi aza na manduki moko ya monene azotala na liboso na ye emonani bato ye bakei na kati ya bitumba.
ID_SLVCBA,Bhutsu dzinopfekwa nemadzimai Dzakagadzikwa pasi. Bhutsu dzacho dzakagadzirwa zviri nyore uye dzine akaita mabhandi uye dzine ruvara rwebhuruu. Bhutsu dzacho ndedze vaya vanofarira zvemucheno.
ID_SLVYIM,Balabala ya molayi na kati ya zamba ba nzete eza ebele kasi na moni motuka na kati ya balabala oyo te te ba lakisi biso na foto oyo.
ID_SMSMAM,Mudhorobheni mune zvivakwa nemigwagwa. Motokari dzimwe dzakamira pamativi emugwagwa. Vanhu vari kufamba vachiendawo kunzvimbo dzakasiyana siyana.
ID_SMUHMR,Na bilili oyo nali komona balakisinga awa eza ba kopo ebele na kati ya ba kopo oyo na moni biloko ya ba langi ya moindo pe ba tiango likolo ya nsima ya makaro ya pe.
ID_SMXLEB,Kasi boyo okoyeba te soki eza neti nini boye ezali moto batie na kati ya ebale ya moki neti river kasi batie na kati boye eza kosala yeba tem eza na ba tata mibale basingi ye na baboko mibale.
ID_SNVZKP,Matehwe mana embada aine mavara machena tema uye ebhurauni akawaridzwa pane girini pasi.
ID_SOGDSX,Mumba yekurarira mune mubhedha wakakura chaizvo. Mubhedha uyu wakawaridzwa jira rine mitsetse uyezve mapiro ane mitsetse. Pedyo nemubhedha uyu pane chioniso chiri parutivi.
ID_SOQAUT,Na elili oyo tozali komona biloko ebele te eloko to moni kaka eza na kati yandako na se tozo mona ndako yango eza ya monene mingi na ba carrox ya minene na se.
ID_SPPKTX,Pamberi pezvitoro zvakapfurirwa nemarata. Pane vanhu vakawanda. Vamwe varikufamba vachitevedza mugwagwa vamwe varikudimbura mugwagwa. Pane murume akapfeka shati yebhuruu netirauzi dema. mukadzi akapfeka shati chena netirauzi dzvuku. mai vakapfeka siketi chena nebhurauzi reyero.
ID_SQJWFH,Bana mike ya basi ba telemi bazosimba na loketo na bango moko akangisukiatie biloko ya pembe na kati mosusu pe akangi suki atie biloko ya pembe na kati moko alati elamba ya langi ya bozinga mosusu pe alati bilamba ya langi ya pembe.
ID_SQYKGE,"Mureza une makara maviri, Rumwe ruvara rutsvuku ndorine nzvimbo yakakura. Ruvara rwebhuruu ruri nechekumusoro nechepakona."
ID_SRCDPP,Wanasikana wechidiki anotamba bhora ramaoko rinoti rimwe boka rine riri kurudyi rimwe riri kurutivi rweruboshwe.
ID_SRQHVW,Na bilili oyo tozali komona liboso na biso awa ezali bongo na balabala tozo mona ba ndeko ba zali ko kende to moni ba ndeko ya basi mibale ba zali kokende na batu mosusu liboso na bango ebele.
ID_SSRXVC,Tambo yemagetsi ine ruvara rutema uye tambo iyi iri hobvu inoratidza kuti rimwe divi inonotora moto pamagetsi kune simbi mbiri dzaka dzine ruvara rwesirivha. rimwe divi inoratidza kuti inonoisa moto mumushina.
ID_SSVFHN,Uyu mufananidzo unoratidza mureza. Mureza une ruvara rutsvuku kumusoro neruvara rutema. Pakati pakati pane ruvara muchena pobva paita nyeredzi mbiri neruvara rwegirini.
ID_SSZFJO,Awa na moni eza esika batekiselaka ba kiti liboso na ngai nazo mona kiti moko ya kitoko mingi eza na ba langi misato langi ya liboso ezali pembe langi ya mibale ezali ya mwindo ya misato ezali ya mosaka.
ID_STHTYS,Vatambi vebhora vari munhandare vachitamba bhora.
ID_STNWGU,Miti iri mugomo yakawanda iri mugomo mune matutombo. Miti iyi ine ruvara rwegirini imwe yacho yakaita zvekusvibira. Pane mimwe miti iri nechepazasi mukati medzimba dzine ruvara rweyero nematenga ebhurauni. Miti iyi ine mashizha akasangana egirini ane kahuyero.
ID_SUQHVC,Mbudzi nhanhatu dzine ruvara ruchena nemisoro yakandotsvukuruka. Mbiri dzirikufamba mumugwagwa pasi dzimwe ina dziri padhuze nemudhuri wemba.
ID_SVEIZO,Shiri ine makumbo marefu iri tema nemutsipa wakareba nemuromo wakareba. Yakatakura vana vayo kumusana vane ruvara rwebhurauni. Shiri iyi iri pane masora ane ruvara rwegirinhi.
ID_SWNBNQ,Miti yamarudzi akasiyana ine mashizha egirini. Pamberi pane ruzhowa rwe fenzi uye pane mapango akamisikidzwa uye akatenderera.
ID_SWVGWH,"Tinoshandisa kukoma zvipikere, masimbi nemapuranga."
ID_SXHEXC,Na foto oyo nali komona eza logo ya equipe wana ba lobaka yango atletico madrid te nali komona ba lakisi ngawa.
ID_SXNTQP,Muriwo uri mundiro. Muriwo uyu wakabikwa zvakanaka zvinomwisa mvura. Une ruvara rwegirini uye yakaiswa hudoidobi hune ruvara rutsvuku uye yero.
ID_SYDXFF,Takishopu ine zvinhu zvakawanda zviri kutengeswa zvimwiwa. zvakare Pane mukomana akapfeka chisikipa chitsvuku aripo Panewo mudzimai ari kudarika akarukwa bhureidhi akabata bhegi dzvuku nechipepa chichena.
ID_SYGVYQ,Bazo kotonga ndako ya etage.
ID_SYIVJF,Munhurume arikufamba akapfeka bhachi dema rine hembe yakacheneruka mukati. Akapfekawo mudhebhe une ruvara rwedota uyewo akabata bhegi rine ruvara rwedota muruoko rwake rworudyi.
ID_SZCLMK,"Huku dzakawanda dziri muchirugu ndedzemhando dzechibhoyi dziya dzinochengeterwa mumisha. Dzina mavara akada kuenderana ebhurauni, zvitema nezvichena."
ID_SZMOVM,Vakomana vaviri vari pakati pekurwa pamutambo wetsiva. Vakomana ava vakapfeka zvakasiyana. Umwe akapfeka zvichena umwe akapfeka zvebhuruu.
ID_TAAQQG,Zingizi rine musoro mutema nemuviri mutema une mitaro yeruvara rwegoridhe nemapapiro ane ruvara rwepfumbu rakamira. Pamusoro pechirimwa chine ruvara rwegoridhe rinoratidza kuti riri kudya mukati meruva. Nechekumashure kunoratidza kuti maruva aya eruvara rwegoridhe akawanda achienda.
ID_TAJLWS,Chigayo chakakura. Chigayo ichi chine ruvara rwesirivheri. Nechepakati pacho pane ruvara rwebhuruu. Muzasi munoratidza kuti makashama.
ID_TAVWGO,Motikari chena ine chikwangwani cheyero chakanyorwa nezvitema Yakamira parubwe. Parubwe pane mapundo egirini ane zvitsvuku.
ID_TBHFHI,Mwasi moko alati kitoko ba liputa kitoko liputa yango eza na langi ya bosaka pe na langi ya bozinga mwasi yango akangi suki ne bien alati matalatala azosala aza liboso ya masini na ye na mikanda na ye na maboko.
ID_TCAKFV,E na moni liboso na nga awa eza ba kiti ya kekele eza soki mine bon eza na couleur ya bleu blanc jaune bleu na oyo ya monene yango pe eza ka na couleur wana.
ID_TDFPVB,Mureza wenyika yegatamara una mavara ebhuruu. pekutanga nekumucheto. pakati pane ruvara ruchena. Panewo mucherechedzo weshiri nebepa uyewo nezvakaita zvirimwa.
ID_TDKZJK,Crayon ya malangi pake ya liboso eza na langi ya bozinga mosus eza na langi ya chocola crayon mosusu eza na langi ya pondu mosusu eza na langi ya bozinga ya mapata mosusu eza na langi ya pondu mosusu na langi ya rose mosusu eza na langi ya longondo mosusu na langi ya mosaka mosusa na langi ya lilala.
ID_TGHGEF,Eleli oyo ezali kolakisa batu ba zali kotanga pe ba zali ebele ba zali penza ebele ba sangani basi na mibali ba zali kotanga.
ID_TGHZFK,Muchero wemhando yezvinanazi zvakatanhiwa zvimwe nezvidhongoti zvacho zvine ruvara rweorenji kumusoro zasi zvineruvara rwuchakaita girini kutaridza kuti zvazvisati zvanyatsotsvuga nemazvo.
ID_THPHQM,Mudhorobha mune zvivakwa zvakawanda. Chimwe chakavakwa nezvidhinha chisina kupendwa dhoo regirazi rine ruvara rwegireyi. Vanhu varikufamba. Mumwe munhurume akapfeka tirauzi rakasvibira hembe chena nengowani motikari dzakamira mudhudhudhu mumwe chete.
ID_TIXIKT,Nkoba ya mwana nkoba ya mwana ezali bongo na lange ya mosaka.
ID_TJRFZC,Vatambi varikuserebhreta vakapfeka nhumbi dzeyuganda.
ID_TJWMHI,Derere rechipudzi rakabatwa mumaoko. rimwe riri pasi muchibhasikiti. Derere rine mhumhu mupfupi uye rakakora. derere rinonaka kwazvo kudyisa nesadza.
ID_TKXQLV,He na elili oyo tozali komona tozali komona ba ndeko mibali liboso na bango ndenge ba lati akozala aza arbitre pe sima eza bato ba betaka ndembo ya makolo.
ID_TLYNLJ,Shiri yakamira pachitsiga chemuti. Ine ruvara ruchena neruvara rwebhurauni neruvara rutema zvakasangana. Iine muchochororo murefu. Yakamira iri pachitsiga chine ruvara ruchena neruvara rwebhurauni zvakada kuti isanganei.
ID_TMTBFW,Ba ndeko esika na komi awa nazo mona nazo mona mboka moko monene mboka moko etoni ba ndako ebele epi na liboso na nga pe nazo mona eloko oyo ba bengaka pancarte piblicitaire a pancarte moko boye ya monene mpenza eya likolo na misu na na.
ID_TNMKEB,Awa esika na zali komona eza esika moko ya kitoko esika ya kotambola esika na zali komona ba nzete mai eza esika mopaya bonene.
ID_TOSHMK,Na bilili oyo na zali komona molangi moko ba tiango likolo ya mesa ya kitoko na moni pe ba kiti ba kiti wana eza na ba langi ya longondo nde na moni ba lakisi nga awa.
ID_TPVSMA,"Tafura yakagadzikwa zvinhu zvinoshandiswa mumahofisi, muzvikoro kana mune dzimwewo nzvimbo dzakasiyana siyana, zvakaita samapenzura ayo anoshandiswa kunyora kana kudhirowa zvigero zvinoshandiswa kucheka namabhuku anoshandiswawo kunyorerwa."
ID_TRPWAZ,Zvirugu zvinoratidza kuti ndezve huku izvo zvakavakwa namasimbi newaya. Pakaiswa zvikamu zviviri pasi nekumusoro. Munewo midziyo inoshandiswa pakuisira mvura uye chikafu chehuku.
ID_TSWXQX,Photo eza liboso na nga awa na moni mwa logo moko ya kitoko logo oyo ba komi medyh lise eza kitoko penza.
ID_TTMKHL,Eloko nazo mona awa eza obele biloko ba liaka komona yango ezalaka to eza biloko obeya aubergine eza mbuma moko ba liaka eza mobeso kaka eza dessi moko ya kitoko eza dessin moko ya kitoko ba tia yango na salade eza biloko moko ya kitoko eza mpo na bolie.
ID_TUTDTG,Na bilili oyo nali komona balakisinga eza ba mibali bazo sala ba sport oyo ba bengaka yango bakara te te nali komona ba mosusu ba telemi pembe ya ba ndako kuna bali kotala bango.
ID_TVCMKS,Awa esika na komi awa nazo mona obele naza na balabala me na pembeni ya balabala ngo kuna nazo mona ndako moko ya kitoko penza eza ndako moko eza yalangi ya grie epuis na kati eza langi ya pembe eza ndako moko ya etage ya kitoko vraiment eza embeni epui na pembeni ya etage wana na omona koza ba mwa jardin matiti matiti eza na se na cote ya parking na ngo.
ID_TWOJWP,Vanhu varikufamba pamugwagwa unowanikwa mudhorobha reharare. Pane munhukadzi akaisa pendi tsvuku mumusoro make akapfeka hembe yeyero akaisa chivhara dzihwa. arikufamba ari kupesana neumwe akapfeka hembe ine ruvara ruchena kumusoro neimwe yepingi kuzasi pane miti iri kuonekawo uye nzvimbo iyi inoratidza kuti inoitwa zvinhu zvakawanda nekuti pane vanhu vakawanda varipo. Pane umwe akagara pahidzo nemadziro akaisa zvinhu zvake pasi zvekutengesa.
ID_TYRTLE,Mabhaudhi akaiswa pauriri huchena matatu maviri acho ane zvinenge zvimutsetse zvakatenderedza kouya. Chimwe chisina chakagara chega chiri kurudyi chinoshanda kusungisa mabhaudhi ari kurutivi rwekuruboshwe.
ID_TYVXWN,Miti midiki yakati rebei Ine matanda matete nemashizha mazhinji eruvara rwebumhudza. yakasvibira. imba iri kuonekwa neche chinhambwe kubva pane muti.
ID_UBPBMQ,Bana baza na kelasi ya mateanele bazo tanga aa buku ya madesi anime bana ba misatu bazo tanga buku ba fandi na ba kiti ya langi ya ble bazo tanga ba buku na bango.
ID_UCVSCL,Na balabala ba motuk ezoleka kona pembeni eza zando bato baoteka na bato mosu bazoya kosomba mama moko azokatisa balabala mobali moko evandi likoloa pusupuse na ye.
ID_UCVURN,Bilili oyo na zali komona na liboso na ngai awa na moni ezali bongo na balabala na balabala mutuka ya ndeko songolo ekufaki to moni ndeko moko aza na se ya mutuka asali longoli pneu azali ko bongisa yango.
ID_UEICYL,Nazo mona na elili oyo bazo lakisa biso esika babokolaka soso nazo mona ezali lokola esika ya bobokoli soso.
ID_UEKELA,Bato ba sangani na mesa ba mibali kaka bazo koma likolo ya mesa na bango wana eza bamai na ba sucre.
ID_UFHMFI,Mudhuri wakapendewa uri kuratidza ruvara rwebhuruu. Une mifananidzo yevanhu vakagerewa misoro nezvigero nemapanga nemaoko. Nechemukati pane muti wemubhanana unevara mashizha ane ruvara rwebhuruu rwegirini.
ID_UFMNXZ,Elakisi biso mwa eleko oyo babengango na monoko ya lopoto lecteur lecteur oyo eza mwa eloko otiaka na televizio pe elakisi ba mwa ba foto oyo olingi omona pe elakisi ba mwa bilili mosusu ya kitoko mpenza.
ID_UFPBVD,Mutambi wemutambo webhasiketi bho mumwe chete ari munhandare pedyo nenzvimbo yokumwisa akamira negumbo rimwe achiratidza kuruka kuti amwise bhora. Akapfeka chipika cheruvara rwebumudza nechimwe cheruvara rutsvuku mukati uye mudhebhe mutema neshau nhema. Kune vamwe vanhu vari kunze kwenhandare varikuona achitamba.
ID_UGAAJY,Eliboso na nga awa na moni ba lakisi nga mwa bwate pe na kati ya bwate oyo eza na ba kisi na kati likolo ya bwate ba komi talodol ba nde yango oyo eza kisi nde eza na kati.
ID_UGYTQG,Na bilili oyo nali komona ba lakisi biso awa eza ba mbuma kolia ba ananas bapapaya pe na biloko misusu ezalaka na vitamine mpo na nzoto ya motu.
ID_UGYUGB,Liboso na ngai nazo mona basi mine bazo seka pe bazo sepela na maboko na bango baza na ndembo.
ID_UHJNPI,Chigubhu chine chimwiwa checoca cola chine ruvara rwakasvibira. Chigubhu ichi chakavharwa nechivharo chine ruvara ruchena uye padumbu pechigubhu pane bepa rine ruvara rutsvuku rakananyerwa nemavara machena.
ID_UHKXAN,Na elili oyo nazo mona bazo lakisa biso kisi ya komela eza na efungeli esika ba komi filometa plase kisi ya komela mpona kobikisa nkokoso ya malaria.
ID_UJQPMH,Patapata regirini rine mabhande ane ruvara rwegoridhe akagadzwa pamusoro pejira jena iro rinopfekwa nemunhukadzi kana munhurume kana ku kuchipisa kana kushandisa pakugezesa.
ID_UKEIZM,Ndako ya kitoko makasi eza na lopango na yango na likolo ya lopango batie ba mabende moko ya pembe ndako yango pe eza na langi ya lilala na balabala na moni eza na mwana moke moko ya mobali oyo azoleka pembeni ya lopango yango.
ID_UKNAIE,Liboso na nga awa na moni toza na kati ya ndako pe to moni bati ba kiti ya kitoko ba divin na ka mwa mesa na kati ya ndako nde yango bao lakisa biso.
ID_ULNXEP,Nyeredzi iri pamureza uyu ine ruvara ruchena. Kozotiwo kumusoro kwemureza kune ruvara rwegoridhe. Pakati nepakati pemureza pane ruvara rwemashizha kozotiwo kwekupedzisira pazasi pane ruvara rutsvuku.
ID_UOPBUE,Zvivakwa zvakakura zvakawanda zviri panzvimbo iyi zvakavakwa nezvitinha zvine ruvara rwebhurauni zvikapendwa neruvara ruchena. Pakati pezvivakwa izvi pane miti mihombe ine mashizha ane ruvara rwegirinhi.
ID_UQGGPU,Awa na moni eza na kati ya ndako liboso na ngai nazo mona ba escalier ya molai ezo mata ezo kende esika songolo.
ID_URHPQJ,Na elili oyo nazo mona esika bazo lakisa biso banakelasi ya mbula mike na kati ya ndako ya kelasi ba vandi nazo mona elili ya mwanakelasi ya mobali alati litala ya mwasu azo tala liboso.
ID_UROXOJ,To zali komona eza eloko oyo ya ba electronix tozo mona baza kolaksa biso ba bafle ba bafle ezali oyo soki oza kobeta musiki to ozali koloba na micro omona elekaka awa ebali koloba makasi makasi mpo bato bayoka.
ID_URTBTP,Vanhu vakawanda varikuratidza kuti panzvimbo apa pane chiitiko changa chiripo. vakapfeka hembe asi pane madzimai akapfeka hembe dzebhuruu nezvekumusoro zvichena nesiketi yebhuruu uyezve nedhuku rakaita rebhuruu. vanoratidza kuti madzimai echechi uyezve zvinoratidza kuti hembe dzavo dzinopfekwa kana paine ungano.
ID_URXXAU,Munhukadzi akapfeka mbatya dzake dzakanaka. akamira akabata rimwe ruoko kurutivi rimwe rakarembedzwa.
ID_USSSXY,Shangu mbiri dzemunhukadzi dzakaiswa mavara pamusoro uye dzine tambo yekubata gumbo. dzakavhurika. dzinoratidza kuti dzinopinza mhepo munguva yekupisa.
ID_USZRFW,Munhurume akabereka bhegi neruoko rumwe chete unoratidza kuti wakatsikitsira. Ane zvaari kuona pamaoko ake wakapfeka hembe dzinopfekwa nevarume vechizvino-zvino. Mumusoro make mune bhareta. mumakumbo make mune mudhebhe. Kumusoro kwake kune nhumbi.
ID_UTHIVY,Vatambi vari munhandare Vanomwe vatambi vari nechepamberi vakaita zvekuchonjomara Vari kumashure vakaita zvekumira uye vamwe vacho vakabatana kumapfudzi. Mutambi ari pakati akapfeka zvakasiyana nevamwe.
ID_UTOAQG,Biloko ya kolia ebele likolo ya mesa ezali bongo maki ya kotokisa salade bazeti frede soso ya kokalinga na tenso ya kokalinga.
ID_UTRRNL,Vana vari munzvimbo inoitirwa mutambo. Vamwe varikufamba vamwe vakamira vakatarisa murairidzi wavo. Vakapfeka nhumbi dzine ruvara rwakasiyana. Vamwe vakapfeka zvitsvuku vamwe vakapfeka zvichena uye vamwe vakapfeka zvegirini nepingi.
ID_UVMLAT,Mureza wenyika une ruvara rutatu uri kutanga ruvara rwebhuruu ruchiendika kuzasi potevera ruvara ruchena pobhedzira nerumwe ruvara rwebhuruu. Pane ruvara ruchena. Parikuonekwa chipepa chakapetika chakanyorwa neshiri yakamharapo.
ID_UWBFTZ,Bana bawewa ba motare.
ID_UWMENO,Awa nazo mona ba ndako mibale ezomonana malamu mosusu ezomonana malamu te ba ndako ya ndenge ya kala na plasi monene ya kotambolela eza lokola nzela kasi eza na mabele.
ID_UXUXQS,Karoti oyo eza mibale mibale mibale ndenge moko kasi nyonso eza na ba ndunda.
ID_UYYZRT,Milanga esili kobimisa ba mbuma na ngo oyo ezali fruit ba bengaka paka paka eza na langi ya lilala pe na mwa langi ya pondu moke.
ID_UYZIDF,Na bilili oyo nali komona ba lakisi nga awa balabala pe ba mituka na balabala na moni pe bato ba telemi po bali kozela mamituka mpona bakotana na kati ba mama basi ba misusu na moni ba memi ba saki na bango na mokongo pe na moni ba mayi ya bisoto wana milangi bisoto ebele eza pembeni ya balabala.
ID_UZCUNE,Milangi oyo eza na eleko na kati kasi misato nde ezo monana malamu biloko ya kati eza ya komela.
ID_UZNHDS,Nyama yehuku yakanatsobikwa zvakanaka uyezve yakabikwa zviri zvidya zvoga zvoga pamusoro pakabva pagadzikwa madomasi uyezve nezvimashizha zvegirini kuwedzera kunakisa zvibikwa izvi.
ID_UZPOHC,Shiri imwe chete iri mudendere yaro. riri mumuti mukuru une mashizha egirini ine mavara ebhurauni namachena.
ID_UZQPIE,Esika to komi awa ba ndeko na ngai na omona eza obele buku eza buku moko ya kitoko mpeza buku oyo ya kosalisa bana na kelasi na moni na komi likolo na yango buku ya francais ya buku moko ya kitoko mingi.
ID_VAHYZX,Chidhori chine ruvara ruchena Chakapfekedzwa nhumbi yechikadzi riri rokwe rokwe iri riri kuonekwa rakareba kasi nechekumusoro rine tambo harina maoko akarebenuka. Nechekumashure kuri kuonekwa chimwe chidhori zvichionekwa kuti zviri muchitoro chinotengesa mbatya idzi.
ID_VCINKB,Murume ari pakati pekugadzira injini yemotokari. Injini iyi ine mavara mavara nechemukati ine ruvara rutema kunze yoita ruvara rwesirivheri nechepamusoro ine maburi maburi uyezve inoti simbi simbi zvakangobatana batana.
ID_VCTYHQ,Baba vari kufamba vakafuratira kuchikoro kwavari kubva vakatakura chikwama chavo chegoridhe. Vakapfeka hembe dzakasvibirira neshangu dzine ruvara rwebhuruu.
ID_VENALY,Ba ndeko awa pe esika na komi awa eza esika na kati ya ndako me na ndako oyo ba bengi yango eza obele place balambelaka biloko ya kolia awa nazo mona koza ba fruit ndenge na ndenge bazo bongisa yango pona ba tia yango na mesa.
ID_VFDVNQ,Awa na moni eza esika ba tekaka ba buku ya bana na likolo ya buku yango na moni dessin ya nyama moko ba bengaka yango ngungi.
ID_VGRHEU,Dandemutande rine ruvara rwegirini. Rine ruvara rutema neruvara rwebhurawuni Akaita mitsetse inobva kumusoro ichidzika kumashure yakagara pasi pane mashizha akatumbuka mamwe ane ruvara rwepepuru mamwe ane ruvara rwakaita bhuruu mamwe ane ruvara rwegirini. Dandemutande ritorineshinda dzayo. pane ruva rine ruvara wegirini.
ID_VINFUR,Munhukadzi akabata shaya. Akapfeka hembe ine ruvara rutsvuku. Akaruka zvinhu zvakanamira musoro zvichienda kumashure zvichiremberera. Muromo wake une ruvara rwepingi netsiye dzisina kugadzirwa.
ID_VJNISQ,Awa nazo mona tondese ezali awa na moni mpe ba crayon pe ezali eza bamaterio o tosalelaka na moni mpe babike pe eza wana.
ID_VJUJUD,Mugwagwa miviri une tara neusina motikari. Miti ine mashizha egirinhi nemaruva epepo. huswa hwakaoma.
ID_VKRKCQ,Bete ramabhachi ritema namapapiro makuru rakamhara padombo riri kutsvaka zvokudya.
ID_VMCOFZ,Mbozhanhare yerudzi rweaifon yakagadzikwa pamusoro pegumbeze ine kamufananidzo katema kehapuro risina kukwana.
ID_VMOBST,Bilei na kati ya restaurant soso nyama na ba ndunda na mbala biloko epai pai pe na ba loso.
ID_VMYEXJ,Na esika pe to komi awa na moni eza plase moo koza me matiti ebele songolo songolo na moni pe na kati ya ba matiti wana koza bato misato bazo sala sport na bango siport oyo ba bengaka na monoko ya lopoto siport oyo ya karate.
ID_VMYHSN,Shangu mbiri imwe yakagara pamusoro peimwe. dzine ruvara rutema. Dzinoratidza kuti shangu dzerudzi rwesanduru dzakavhurika kumberi dzine ruvara rutema. Mukati dzakanyorwa neruvara rwegoridhe asi pamusoro dzine ruvara ruchena neruvara rutema. Dzakagara pasi paneruvara rwepfumbu neruvara rutema.
ID_VNQOPK,Awa na komona eza atele ba mashine ezali wana ba mashine ya ko ekonika fufu ekonika masango ekonika nguba biloko nyonso na komona eza ba mashine mashine esika ba tekisaka ba mashine pe bakosala pe ba mashine.
ID_VOZGMM,Ba ndeko awa pe nazo mona eza bileyi eza na kati ya nzungu bazolamba na monango eza obele mbisi epi likolo ya mbisi oyo nazo mona ba tomate na matungulu na poivron ea motu aolamba bileyi oyo ekozala ag mingi ezala kitoko penza.
ID_VOZSMW,Singi yekugezera ine ruvara rwesirivha. Pane pombi yemvura yakakwira mudenga dokuzobhenda. Panewo mishonga inoshandiswa kana uchida kugeza zvinhu.
ID_VSIQKV,Mamwe amaturusi anoshandiswa kuita mabasa amaoko akasiyana siyana. Pane sikurudhiraivha pinjisi nesipanera. Pinjisi ine mubato une ruvara rutema namavara eyero. Pinjidzizi dzinoratidza kuti dzakarongwa nehukuru hwadzo. Kunotanga doko kuchinopezesira hombe hombe. Zvipanera zvine ruvara rutema namavara eyero zvakare.
ID_VUVJWI,Muti una mashizha madiki mazhinji anopa mumvuri wakanaka uye mukuru kwazvo.
ID_VXVHZA,Muti muhombe mitatu iri kumberi kwezvivakwa zvinobudikira zvine ruvara ruchena koita zvimwe zvimiti zvidiki zviri pasi pemizimazi miti aya.
ID_VYRCXO,Awa eza esika ba konzi batelemelaka makambo ya kelasi ndako ya kitoko.
ID_VYVYRL,Mango dzine ruvara rwakasiyana zvinoti yero girini. Dzimwe dziri pasi dzimwe dziri mudheka ritsvuku. Parutivi pacho pane mahuswa egirini.
ID_VZFEWT,Vakomana vezera rechidiki vanofarira zvemutambo. Vakapfeka hembe dzavo dzakasununguka dzavanoshandisa kana vachida kutamba. Pane umwe ari pamberi akatarisa pasi akabata bhora.
ID_VZPHOL,Nzvimbo inoratidza kuti parutivi pemugwagwa wedzimotokari namabhazi. pane kamba kaduku kangangova kari kemagetsi kana kuti kenharembozha. kakanamirwa mapepa akawanda evaimbi nevanoita zvematongerwo enyika.
ID_WBDIEG,Dhorobha rine midhuri yakareba. Umwe une ruvara rwebhurauni. mahwindo akawanda. Miti ine mashizha egirini. Munhu ari pamotabhaiki akapfeka ngowani yebhuruu. motikari dzine ruvara ruchena.
ID_WBXQTC,Munhurume akapfeka nhumbi ine mawara mawara. muhuro make. Akapfekawo chuma icho chine chiratidzo chemuchinjikwa. Nechepamberi pacho zvakare ane bvudziwo rakapendewa rakachinjiwa kara.
ID_WBZRLQ,Ba lakisi biso awa motu ya mwana mwasi bakangiye suki nde aolakisa biso motindo nini ba kangaki suki yango.
ID_WDPIDY,Oyo ba kiti ya salon ba bengaka ba divan eza pena eza a bakosa na yango mibale ekokana ya chokola na ba moindo mosusu eza shokola kaka.
ID_WDZCRL,Kabhokisi kemapini anoshandiswa mumakambani kana muzvikoro. Kabhokisi aka kane ruvara rutsvuku neruvara rwuchena. Kakanyorwa namavara matsvuku nemavara matema. Mapini arimo anoratidza kuti ane mavara akasiyana siyana. Mamwe mapini ane ruvara rweyero mamwe ane ruvara rwebhuruu mamwe ane ruvara rwepingi.
ID_WFSNBQ,Liboso na ngai nazo mona moteur moko ya motuka.
ID_WGDFIO,Imba yakashongedzwa zvinonwisa mvura mekutandarira. Mune masofa matsvuku anoenderana netafura asirii negirazi. Pakaiswa maruva akashongedza. Imba iyi mune zvemudenga zvishongedzo zvakanaka uyezve kumberi kunoratidza kuti kuri kuenderera nemataira ebhurauni. Imba iyi inoratidza sehotera.
ID_WGTTAV,Bato mibale bazo tambola na nzela mobali azali liboso mwasi azali nsima mobali ya liboso asimbi katini ya pembe mwasi na nsima asimbi saki na maboko.
ID_WHRRVY,Na moni mwa ndako ya kitoko pe ya se eza kati lopango pe na kati ya lopango oyo mwa nzete ya monene pe na moni lopango yango eza na langi moko ya kitoko pe eza kongenga na moni liboso yango mwa matiti na mwa fololo ya kitoko penza.
ID_WHTMGC,Shangu tsvuku mbiri idzi dzinoshandiswa pamujaho kana pakumhanya uye shangu idzi dzinosungwa pamusoro kuitira kuti choka inyatsobata zvakanaka.
ID_WHUXCU,Mombe dziri mudanga uye mombe idzi dzine ruvara rwebhurauni dzimwe dzine nyanga. Panewo kamhuru kane ruvara rwebhurauni. Imwe yemombe idzi irikudya sauti ine ruvara ruchena.
ID_WIBEDZ,Foto oyo elakisi biso mwa buku eza buku oyo ya troizieme primaire buku oyo eza buku ya histwire na geographie emonani eza ya kitoko mpenza.
ID_WLATQT,"Panovezwa simbi Panogadzirwa mahwindo, furemu nemadhofuremu ayo matema. Paine dhiramu komana jenareta uye chikwangwani marara pasi."
ID_WLVCIE,Shangu imwe chete yakagadzikwa pasi pane ruvara ruchena. Shangu iyi itenesi ine ruvara rutema yoita madododo eruvara rwegireyi. Nechemukati ine ruvara rutema yoita netambo dzine ruvara rutema.
ID_WLVUHQ,Hembe ineruvara rwebhuruu yerudzi rwe les Ine mabhatani matema pamberi namaoko akafara emunhukadzi. Irikuratidza kuti irikuratidzirwa iri kutengeswa.
ID_WNDDQC,Mutuka oyo etelemi eza neti etelemi esika basukolaka mituka na moni bato mibale wana ba telemi bazo tala yango.
ID_WNPCLK,Makicheni yuniti arikutengeswa aneruvara ruchena. Makicheni yuniti aya ane madhirowa matatu nemadhoo matatu uyezve akagara pasi pane mapuranga. Kuna masofa zvakare anoratidza kuti arikutengeswa muchitoro ichi.
ID_WOPOVQ,Esika na komi awa ba ndeko nazo mona baolakisa ngai na pepo na pepo oyo na moni bazo lakisa ngai eloko ba bengi na monoko ya lopoto eza obele helicoptere ezotambola na pepo.
ID_WPKARR,Vanhukadzi vakamira vakaita mutsetse vakabatana mumabendekete avo Vakapfekawo nhumbi dzinoratidza kuti vatambi vemutambo wevhoribvo vari kuratidza kuti vave kuda kunotanga mutambo wavo.
ID_WRJKBM,Ozomona eleko esimbi eleko ba bengi singa ya charger oyo esalaka moto ekota na kati ya telefone yango wana bazo lakisa biso loboko esimbi yango ezali na langi ya pembe.
ID_WSBTTM,Buku ya banakelasi ya motoba ekolakisa bango lolenge ya kotanga pe kokoma orthographe.
ID_WSMAWR,Bendele eza na langi ya bozinga likolo ya monene na ligne moko ya langi ya mpembe na katikati mosusu na katikati langi ya motani na se na ngo isusu molongo ya langi isusu ya mpembe na se lisusu langi ya bozinga na katikati eza na minzoto esalisiak na lange ya mosaka.
ID_WTRVXN,Liboso awa na zali komona ezali bongo photo ba kangi ndako pe ndako yango eza ndaku ya kovanda te eza esika ya mosala po na moni ba komi likolo na monoko ya bopoto agence.
ID_WUBYWS,Chibhodhi chinonyorerwa nevana vadiki. Chine ruvara ruchena nerwebhuruu. kunze chine chinyoreso chakatsvetwa pamusoro chakaputirwa nepepa repurasitiki jena.
ID_WUIHHV,Michero yakasiyana siyana inodywa nevanhu. Imwe yacho iri kuoneka. mhodzi dzayo tsvuku uye imwe yacho yakacheneruka. Michero iyi ine imwe mitsvuku irikuwanikwa ine mambava.
ID_WVPTRD,Na liboso na ngai na moni eza na monument likolo ya monument na moni bikeko mibale eza na maboko te nde na moni mabele na lisusu alati te kuna ya robe wana na moni ndako ya monene.
ID_WWYFTZ,Awa to moni bana ba mike baza na kati ya kelasi baza koyekola baza mingi ba mutu basa kolakisa bango baza koleka baza mingi na kati ya kelasi.
ID_WXYBXH,Awa pe na komona bilei naza komona poo ya mopandi boko na kiti kisi batie na ndako na mopanzi mona ba epi pili yalangi ya motani bomo na mopanzi kuna pela nae bake tosi.
ID_WZDBDJ,"Miti, mapoo uye tambo dzemagetsi. juraworo Mugwagwa une tara dzimba nehuswa hudoko hwakaoma."
ID_WZHDZH,Liboso na nga awa na moni ba tata mibale moto na moto aza na bic na loboko pe bao signe likolo ya ba papie oyo.
ID_XBHYWJ,Vakomana vanoita zvemutambo wetsiva vari pakati pemutambo wavo kune mumwe wakapfeka hembe ine ruvara rwebhuruu kuzasi hembe iyi yakanyorwa nemavara machena kunzi twins spetial. Koitawo mumwe wakapfeka hembe ine ruvara rutsvuku nechikabudura chine ruvara rutema neruvara ruchena.
ID_XBNVDS,Shangu dzekutambisa mutambo. Vazhinji vanotambisa shangu idzi mutambo wenhabvu. Shangu idzi dzine ruvara rwakada kurerekera kuruvara rwenhundurwa pamusoro murutivi dzine ruvara ruchena nechekumashure dzine ruvara rutema.
ID_XBOTXS,Na bilili oyo nali komona balakisinga ka mwa nzete ya mokuse pe na moni eza pembeni ya libanga ya monene na moni ka mwa sac pembeni na yango nde nali komona ba lakisi nga.
ID_XDUUNH,Awa batu bazo sambela na kati a eglisecretiane na moni kulus yesu kuna na sima toza na kati e glise bazo sambela marte.
ID_XEKFYB,Bangomba pe bisobe ya matiti eza na ba ndako bato bavandaka matiti mosusu ya kokauka mosusu ezanana ya mobeso ya lange ya pondu mosika na na ba ndako nazo mona manzanza na bango.
ID_XFCXUL,"Musika uri kutengesa zvakasiyana siyana. Pane makotopeya, zvinanasi, mabhanana, mango nezvimwewo zvakadaro. Magotapeya ane ruvara rwegirinhi namavara mavara matema. Koitawo mabhanana ane ruvara rweyero nemamwe ane ruvara rwegirinhi akakangavira mango dzine ruvara rutsvuku."
ID_XFMSIQ,Awa na moni ba tongi ba mabanga ebele na kati batikamwa ndaku bati lierge mari nde biloko na moni awa.
ID_XFQJTD,Awa to moni sapato ya banabasi tozali komona ezali kitoko to moni ezali na langi oyo ezali ya motane na mwindo na kati kasi ezali ya banabasi ezali kitoko kitoko mpona kolata.
ID_XGOOWY,Liboso na ngai nazo mona ba matiti ebele likolo na yango nazo mona balabala na kati na yango nazo mona ba mituka na batu ebele bazo tambola.
ID_XGTHZP,Nzela esi ebebe bato bazo leka ka na nzela wa na ndenge wana.
ID_XHGAJR,Elembo ya mboka ezali bongo na langi ya pembe na makomi na langi ya chokola.
ID_XHJUVO,Ba ndeko eloko nazo mona awa na misu na ngai naza obele na kati ya ndako me ndako yango na moni naza na place oyo ba bengaka na monoko ya lopoto na sala mange salle a mange oyo na moni bato bazoliya bilei eza papa mama na mwana na ye baza na kati ya sale mange baza na mesa bazo lia biloko ya kolia.
ID_XIHAIR,Awa na moni ba lakisi biso mwa mpuku moko ya monene makasi ee na moni eza mpuku oyo ezalaka na zamba na se ya mabele.
ID_XIPYIV,Awa nazo mona tomwa ba bole moko boye oyo ba tiaka biloko ya kolia na kati otie na frigo babole yango sikoyo moko eza na culer ya mosaka moko eza na coulere ya mai ya pondu mosusu mosusu eza na culere ya motane bole mosusu eza na coulere ya lilala.
ID_XIZBQT,Awa tozali komona ba zali kolakisa biso baza kolakisa biso monima to moni nsima monima nzete moko pe ezali wana kasi to moni motu moko atelemi na ngambo ya balabala azali kotala monima yango motu yango alati pembe na mwindo nakasak moko na mabeka na ye.
ID_XJNTHO,Oyo eza logo ya republique du congo brazzaville logo yango ezalaka unite traval progres ezalaka na dessin eza bio basimi te na elefant mibale po sasu geso logo ya ba elefant.
ID_XKEGLX,Zvinwiwa zvedoro rechirunguro mumabhodhoro rebulack label riri mabhodhoro ane bepa rine zvitsvuku ari mufiriji yegirazi inoonekwa zviri mukati kuti atonhorere ari kutengesewa akazara mufiriji.
ID_XKFXQJ,Motuka esali mikolo ebele ezali kokufa liboso ya lopango oyo ya polise oza komona batole na ba fenetre ebele.
ID_XKPYUW,Liboso na nga na moni eza kabati kabatoyo ba tiaka ba buku ya kotanga nde na moni yango liboso na ma batie ba buku ana ya kitoko mpenza omoni epesi mposa ya kotanga.
ID_XLFFGX,Mumugwagwa unoratidzika kuti unofamba mota dzakawanda. Kumativi kwawo kune vanhu variko. Vanhu ava vanosanganisira varume vaviri. kozoti mukadzi akamira akatakura bhegi.
ID_XLNHAF,Na elili oyo tozo mona esika bazo lakisa biso moto ya loposo ya mondele azoli koloba liboso na ye ezali na micro ya molayi liboso na ye ezali na eloko esika ba komi na monoko ya lopoto secretere general.
ID_XLPSXR,Vhudzi refu rakasvibirira rakarukwa zvakati tsepete nomusoro nachapanhongonya. Panewo madenderedzwa amaraini ayo akanosungwazve. vudzi richinorembera. Poitawo mimwe mitaro inobva nachapanhongonya ichidzira musoro wese kuchizoiswa zvuma pekupedzisira.
ID_XMKMDY,Zvuma zvakarembedzwa kuti zvioneke hunaku hwazvo kune vanenge vachida kuzozvitenga.
ID_XOSHIU,Awa tozali komona ezali na kati ya nzela to moni ba lakisi biso bisi moko ya monene mpenza ezali na langi oyo ya pembe kasi ezali kokende na pembene yango to moni bato ba zali koleka ba zali kokende esika songolo.
ID_XPFQKJ,Eloko ba lakisi nga awa ba ndeko na miso na ngai eza obele ndako moko mpenza ya kitoko ndako moko ya monene ndako oyo baloba ya monoko ya etage eza ndako ya etage epi eza ndako moko eza langi ya pembe pembe epi ba vitre na ngo eza langi ya moindo.
ID_XQRCWT,Likolo ya mesa ezali na sani ya pembe ya mbele kasi ozo mona eza na lutu na sani yango eza na kati eza loso na pondu na madesu kasi boye eza na mbisi ya kokalinga yango nde ba bengaka mpiodi boye ozo mona pe pilipili yango eza elengi.
ID_XQUAPC,Ekeko ya moto eza likolo moto ango aza molai atelemi azotala ngambo kuna alati kazaka ya molai ya molai ekomi na makolo ba telemisi ekeke yango likolo ya mbeto moko boye ya langi ya mbwe.
ID_XSCBVZ,Chaja yerudzi rutema ine tambo refu yakamonerana-monerana. Kumusoro kwayo kune tuzino tuviri twesimbi tuvatunobairirwa kumadziro kuti tutore moto tichiisa kuti tuchaje midziyo.
ID_XTDFEU,Elili oyo na moni liboso na nga na moni mwa nzete ya kitoko mpenza nzete oyo emonani eza nzete oyo ba benga yango na monoko ya lopoto pambu eza kitoko mpenza.
ID_XTVWHW,Awa nazo mona lokolo moko ya sapato ya basi ezaka lokolo moko ya sapato ya basi.
ID_XUVOLK,Muti yakamira pamberi pamusoro pedombo reruware regirenahiha.
ID_XVWCUU,Awa tozali komona bato mingi tozo mona elenge mibali ba telemi oyo ba zali kosala makambo ya miziki ya kobina baza na tolo pamba ba lati eloko te na likolo kasi na se ba lati biloko ya langi ya mosaka to moni na basi mibale pe baza na kati ng mosala na bango ezali kobina koyemba yango wana baza kolakisa biso.
ID_XXFOBP,Awa na moni eza milangi mingi na kati ya milangi na moni eza ba savon ya likide yako sokola maboko nde nazo mona awa moko eza na couleur ya vert na mosusu eza na couleur ya rouge nde nazo mona.
ID_XXGTFT,Bana kelasi bazo sala masano bazo sala epese oyo moko aste alati bilamba ya langi ya bozinga misusu bavai na se ba lati bilamba ba lange ya pembe misu ba lati ba lati bilamba ya lange ya ma ya pondo misu ba lati bilamba ya oye misu ba lati bilamba ya mitani bavai na mabele.
ID_XXNSTV,Elili oyo ekolakisa loboko ya mona mwasi ekolakisa ebombeli ya kisi ya langi ya pembe pe elili ya mwana moke alati elamba ya mosaka akoseka kombo koma ezali na kombo pe ya kisi yango na bokono ya kobikisa.
ID_XXRGUZ,Muti une mashizha egirinhi akachenerukira nezvivana zvine ruvara rwebhurauni zvakawanda. Muti uri padivi pemudhuri. Mukati memudhuri mune zimuti zihombe rine mashizha egirinhi akawandisa. Pane mumwe muti une tumabazi twakaenda mativi tune mashizha tudiki twegirini. Panze pemudhuri pane tumaruva tune tumiti twegirini.
ID_XYNEAZ,Na esika to komi awa nazo mona eza obele papa moko boye papa oyo na monoko ya lopoto ba bengaka ye aza obele professeur professeur oyo na moni ao zwa ba biloko ba bengaka ba crie ao tia yango na kati ya ba carton.
ID_XYNGYT,Mureza mumwechete mutsvuku. Pakati pawo pane denderedzwa guru richena. Mukati maro mune nyeredzi nemwedzi zvitsvuku.
ID_XYRMYH,Mitsvairo yakatsveta pasi yakaturikidzana yekutsvairisa panze uye mumba. Vamwe vanhu varikufamba vamwe vakagara motokari yakamira mumugwagwa.
ID_XYSGOD,"Umu muchitoro munoita zvekutengesa midziyo yekubikira, mimwe midziyo ine mibato mitema, mimwe midziyo ine mibato yeruvara rwegoridhe."
ID_XZETLA,Bazokumisa mtn awa.
ID_XZTSMF,Motokari dziri kufamba. Pane mugwagwa wakaiswa tara. Mugwagwa wacho uri pedyo nemiti yemijakaranda. Miti iyi haina mashizha akawanda uye ine maruva airi kudonhedza. Panewo rusvingo ruri kumberi runodzirira kuti vanhu vasaende kudzimba dzevanhu nepavanoda.
ID_YAZDEC,Foto elakisi biso mwa port aparey ya kitoko pe na se eza na mwa place ya kota mwa biloko mosusu pe porta pareil oyo eza na mwa mabaya moko ya kitoko pe langi moko ya kitoko mpenza pe na moni eza na mwa ba pine akoki kodeplace yango.
ID_YBCTRD,Murume muchena akagerwa ndokugadzirwa bvudzi rake zvakanaka. Murutivi rwemusoro make munoratidza kuti makagerwa bvudzi rakasiiwa radoko nechekumusoro. bvudzi rakasiiwa rakakura ndokubva ratwasanudzwa richitarisa kumberi zvine unyanzvi.
ID_YBFFUC,Chidyiwa chinonzi tsangamidzi chinomerera muvhu chinonzi chinorapa zvirwere zvakasiyana kusanganisira mudumbu nedziwa nezvikosoro inovava imwe iri apo yakachekwa.
ID_YCUAQR,Foto nazo mona liboso na ngayi nazo mona ndeko mwasi ya mokolo asi akoli asimbi mwana namaboko pe soki to tali malamu mwana yango azobela aza nanzoto kolongono te.
ID_YEGQGO,Sadza rakapakurwa nemuriwo wakanaka. Pane sadza rine ruvara ruchena. Koita muriwo uneruvara rwegirini. Kobva kwaita mhashu. Mhashu dzinoratidza kuti dzakanatsotsvukira uye dzinonaka.
ID_YEIYDD,Na bilili oyo na zali komona awa balakisinga mai ebele pe na moni ba mabanga na kati ya mai oyo mai na moni ma kuna na moni ba nzete pe na ba ndako ya milayi.
ID_YGOOHY,Shangu dzemunhu rume dzakapfekwa dzeruvara rusvipa uye dzakavharika kumberi. kumashure kwakavhurika dzakanaka kwazvo.
ID_YGQLTC,Liboso na nga awa na moni ba lakisi ngai na mesa ba mwa eteni ya citron na mwa asiete nde yango oyo to moni awa.
ID_YHBQZY,Elenge mibali bilenge mibali bango wana baza na molongo kasi baza neti kobeta bale yango wana bazomibongisana mpona kobeta bale ba lati pe bilamba ya kokokana ya pembe.
ID_YHQRIM,Kisi nkombo na ngo doxisycrine eza na bwate ya pembe na langi ya pondu eza ba kisi ya komela mpona kosalisa bato baza na infection.
ID_YLFNDR,Aya maruva maruva echirungu ukatotarisa anoona anoratidza kuti anodiridzwa uye ane utano ukatotarisa anotona kuti akutobereka michero yawo uye ukatotarisa anotonakuti anoratidza kuti anobukira nepasi.
ID_YLGJGF,Nekiresi nemhete zvakatsvetwa pachimudhori chine ruvara ruchena. Zvine ruvara rwegoridhe Zvakabatwa neruoko kutsigirwa zvakatsvetwa pasi pane ruvara rwegirini.
ID_YLLAAX,Maruva akadyarwa ayo arikukura Anewo mashizha egirini mamwewo ari kubhuruma Zvine ruvara rwepichi. Anonakisawo nzvimbo pangavapamba kana papepa akadyarwa.
ID_YLLSZV,Awa na moni eza buku moko boye likolo ya buku wana ba desine mwana mobali aza likolo ya mwa nyama na mwana mwasi aza pembeni.
ID_YNKOQY,Awa nazo mona mashini awa.
ID_YOANOW,Ndiro ine ruvara rutsvuku Ine chikafu Yakagadzikwa pamusoro petafura rine ruvara rwebhurauni. Ndiro iyi yakapakurirwa sadza Sadza rine ruvara ruchena uye mune nyama yakakangwa zvinomwisa mvura ine ruvara rwebhurauni. Padivi pane girazi rine chinwiwa chine ruvara rweorenji.
ID_YOMUYB,Muti unenge mupopo uri pedyo zvikuru netambo dzemagetsi. Kana ukabatira kutambo idzi. vazhinji vanobata mupopo uyu vanogwinwa pane shiri dzakamharawo pamusoro petambo yepamusoro.
ID_YOWFFV,Nzvimbo yakaungana vanhu vamwe vari kuita zvekutengesa mbatya. Pane mudzimai wakabata mbatya dzaari kutengesa. Mudzimai uyu ari kutengesa mbatya dzine ruvara rwegirinhi dzimwe dzine ruvara rutsvuku dzimwe ndidzo dzine ruvara rwebhuruu.
ID_YPRMZQ,"Chirimwa chemaepuro chine kara tsvuku, mashizha egirini. Mutanda wacho webhurauni nemashizha mamwe eredhi."
ID_YQCOJH,"Masamusa akawanda kwazvo ane ruvara rweyero. Akatsvetwa pachinhu chakafara uye akaiswa miriwo yakasiyana siyana. yakachekwa chekwa pane madomasi, bhurokori, onyeni neremoni."
ID_YQXMBU,Awa to moni ndako moko esili te esengeli ba bongisa ango ekomi yapakaoesali mikolo ebele esengeli ba sala eloko ba bengi renuvation po esi ebbi esi ekomi ya kala.
ID_YRDTWP,Ba nzete ya milayi na langi ya pondu.
ID_YRXNJR,Motuka oyo ezali neti ya sika kasi ozo mona ezali motuka neti eza kitoko pe makasi mingi yango eza na langi ya mwindu eza pe na langi ya mbwe.
ID_YSXMAC,Naesika na komi awa ba ndeko nazo mona eza nanzela moko ya mabele pembeni na nzela na mabele na moni eza ba mituka mibale etelemi wana mituka eza na langi ya mai ya pondu.
ID_YSXZVS,Motuka moko ya monene etelemi eza na langi ya motane eza pe na milongo ya langi ya mosaka na sima na yango eza na langi ya pembe eza na ba pine ya minene na se na yango pe eza na langi ya pembe.
ID_YTBYDD,Boye ezali balabala ozo mona mituka na bato mpe baza pembeni na mituka yango ya monene yango eza na langi ya pembe kasi ndako yango eza molai kasi eza neti ya kobetela boye yango eza neti ya kala eza na langi ya mbwe.
ID_YTIZJS,Gonye rine ruvara rwebhurauni rakasimudza musoro uye rine dumbu rinoratidza kuti rakaguta uye rakaiswa panotefetera pane ruvara ruchena.
ID_YUBNIJ,Na bilili oyo nali komona na sani oyo na moni pondu na moni bakwanga na moni pe ba misuni ebele biloko ya kolia oyo eza ya kitoko.
ID_YUELGH,Awa nazo mona logo ba komi luxiur beauty lande.
ID_YUFIOJ,Awa na moni eza esika batekiselaka biloko mingi liboso na ngai nazo mona na kati ya etagere ba milangi ebele bazo zela bato baya kosomba.
ID_YXYKJA,Na esika to komi awa na moni bazo lakisa nga ba ndeko eza esika bazo tekisa ba biloko bao na yango na kati ya kelasi ba benga yaba crieeza baya ndenge na ndenge ya langi ya pembe ya motane.
ID_ZABUUU,Mureza wenyika yemuafrica une ruvara rutsvuku kurudyi neruvara rweyero kubva kumusoro kuri kuruboshwe ichiteverwa negirinhi.
ID_ZCEOXY,Ndako kasi eza ndako ya molai ya monene kasi ndako yango eza na lopango moko eza na lopango yango eza mwindu yango ndako yango eza neti mwa ya kala eza sika te eza esika esika bato ba fandaka.
ID_ZCKRYZ,Bakonzi ya mapinga mibale ba fandi na bureau moko alati teni ezali na langi ya moyindo pe asimbi vere na maboko mosusu alati teni oyo ezali na langi ya pembe.
ID_ZDNNEM,Awa ba lakisi ngai bana mibale mibale ba fandi baza na kati ya ndako bana mibali.
ID_ZDVLXF,Photo na moni na moni eza photo yasapato bato ba lataka ya mwasi.
ID_ZFGUDY,Sango hombe rine miti mizhinji yakasvibira uye rinoratidza kuva neivhu dzvuku. Rine sora rakaoma uye parikuonekwa chikomo chine miti mizhinji.
ID_ZFITUP,Na foto oyo nali komona balakisinga eza na kati ya lopango ya langi ya motani pe na moni ba ndako mibale moko eza na ba lange ya moindo na mosaka mosusu eza na ba langi ya pembe pe na moni biloko libanda babasin na ba lipapa.
ID_ZFMADM,Na bilili oyo na zali komona ba ndeko mibali ba ko baza ba konzi ba telemi ba mosusu ba jeune ba fandi na se pe nali komona ba lakisi bamoko ba lati makulungulu.
ID_ZGAKHJ,Likolo ya caro ya pembe mapapa ya bilenge basi na langi ya moyindo moko emati likolo ya mosusu nyonso ezali obele pembe makomami na langi ya lilala.
ID_ZGDMMV,"Zvidhori zvakawanda kwazvo zvakapfekedzwa zvuma kuitira kuti vanotenga vaone kutarisa, uye zvidhori zvakawaridzwa pasi zvichiitira kutengeswa."
ID_ZHLJBD,Ruva rakadharirwa muchinhu chinenge vhiri remapuranga. Chivhiri ichi chakatsigirwa nedombo. Kune rumwe rutivi. Kuseri kweruva iri kune matombo nezvimwe zvinhu zvakadonha pasi uye kune chitsiga chemuti.
ID_ZHXHFH,Photo elakisi biso mwa motuka ya monene pe eza mutuka camion pe na moni likolo bato baza ebele babimi mwa voyage moko ya mboka pe na moni mutuka oyo kombo na yango penze ezalaki mutuka moko ya kitoko pe ezalaki mutuka moko ya makasi mpona bavoyage pe mpona komema biloko mingi.
ID_ZJIPOW,Rin'i yakabatwa muruoko memunhu ichiratidza nzara dzakathikwa zvakanaka. Rini ineruvara rwesirivha. Nechekumusoro ine ruvara rwegoridhe. Kumashure kurikuonekwa nzvimbo yekurongedzera mabvuku ine ruvara rwebhraunuu.
ID_ZJNTLH,Miti yakachekwa nechinoshandisa kuchekwa. Miti yacho inonzi so uye zvisimbi zvakasiyana.
ID_ZNCIGH,Chitoro chinotengeswa hembe dzechimanje manje nemabhegi echimanje manje pana mai vakatakura bhegi ravo ravakaisa kuruboshwe rakagadzirwa zvechimanje manje nejira pakati rikaiswa mufananidzo uripo wakanaka.
ID_ZNLWNB,Na elili oyo eza liboso na ngai awa na ye komona mutuka mutuka moko ya monene mutuka oyo eza mutuka oyo ememaka bato oyo na monoko ya lopoto ba bengi bus pe bus yango ezali bongo na langi ya pembe.
ID_ZOCOTL,Motuka ya monene epinena yango etoboka etelemi liboso ya esika oyo eza na bendele bendele yango alange ya mopondu ya mosaka na ya motane motuka yango eza alange ya mosaka liboso na ngo eza na nzete ya mbila.
ID_ZOGMYL,Ndege huru iri mudenga yakaburitsa mavhiri ayo kuratidza kuti inoda kumhara ichena uye yakanyorwa namavara matema parutivi payo.
ID_ZOIAKV,Milangi mibale ya savon milangi mibale ya savon ya mayi mpona kosokola nzoto.
ID_ZPCTZV,Vatambi vange vachitamba mutambo varikuratidza kuti vakunda pamutambo uyu vapihwa masetifiketi uye vane menduru dzavari kuratidzira.
ID_ZPDKPY,Shangu idzi dzitema uyezve dzinoratidza kuti dzakasonewa nechekumashure kwadzo dzinoratidza kuti dzakuperera pasi nokufamba.
ID_ZPQRJW,Kasi ezali suki ba kangi mwasi oyo suki ya kitoko mingi ezali suki ya kolala kasi yango pe eza molayi mingi te eza kaka mokuse yango eza kokanga ye kitoko mingi eza na langi ya mwindu boye.
ID_ZSCIPF,Vatambi vesipoti ye cricket vari munhandare yavo yekutambira kiriketi nevamwe vakapfeka nhumbi dzakafanana dzinobvira kumusoro dzichidzira zasi uyezve vakapfeka mabhurugwa matema nemasinika akasimba.
ID_ZSRKOJ,Tiri kuona mireza yenyika dzakasiyana siyana. Pane imba inoratidza kuti panosangana vanhu vachiita musangano vanobva kwakasiyana siyana kana kuti vemapato akasiyana siyana. Tichiono mishina inoratidza kuti inogona kushandiswa kutumira nhau nezvivhitivhiti.
ID_ZSWGRX,"Michero inopa hutano uye inodzivirira kubva kuzvirwere inoti maranjisi, mabhanana, tsangamidzi uye makerotsi."
ID_ZSWMQN,Eza ba manga ba manga yango eza etondi basin ba manga yango eteli eza ya kotela mosusu eza na se peme na basa ba manga yango kitoko makasi elengi pe.
ID_ZTKFTF,Maruva akagadzirwa dzakanaka uye miti inoyevedza motokari yakamira nedzimwe motokari dziri nechekuri miti mihombe.
ID_ZUCSAV,Chitoro chakaiswa mataira anopenya machena. Pane marokwe nehembe dzechikadzi dziri kubudikira dziri kutengeswa. Nechekumberi kunewo zvakaita samabhachi nemasutu ayo akaiswa mumapepa ari kutengeswa.
ID_ZUWDYE,Na bilili oyo nali komona balabala ya moindo na moni ba flere pembe na balabala oyo pe na moni ndako ya molai pe ya kitoko balakisinga awa.
ID_ZVCYRR,Patapata rakaiswa pasi pane ruvara rwepfumbu iro. patapata iri riri repurasitiki. kune rimwe divi uyezve tambo yepamusoro iri yepurasitiki. rimwe divi riri puranga. Patapata iri rinoratidza kuti rakapfekwa kwenguva yakareba.
ID_ZVIXHA,Imba yokurarira ine mubhedha wakaiswa zvokufuka. jira rakadhizainwa zvakanaka nemaruva akasiyana siyana. Kune makabhodzi kumadziro ekurongedzera mbatya nezvimwewo zvinhu. Kune rumwe rutivi kune fafitera nemaketiri.
ID_ZWVNEU,Awa na moni eza na kati ya zamba liboso na ngai nazo mona ba nyama mibale oyo ba bengaka na monoko ya lopoto singe.
ID_ZXGTRS,Na eleko nazo mona awa na misu na nga ba ndeko na moni naza na katikati ya lopango lopango oyo na moni eza na mwa porte moko ya langi ya motane epe na porte wana na moni koza mwa nzete moko boye ya monene epi.
ID_ZZXYLS,Na esika oyo to moni baza kolakisa biso eloko ba bengi trombone fhanty deklik ezakati ezali ba biloko oyo ya ba langi mingi na kati wana tozo mona eza ba bik de eza na kati.
