ID,Target
ID_AAOODF,bato ya masano ya baskete bazali kobeta baskete na terrain ya baskete bayi bongo bilenge mibali balati bilamba na bakilote na basengle na langi ya lilala mosusu langi ya bozenga.
ID_AAPBIE,Chikwata chevanhurume vomutambo webhasiketibho chiri munhandare. umo mune vanhu vakawanda varikuona mutambo uyu. Vatambi ava vakapfeka hembe tsvuku vamwe zvichena. Pane bhora riri mudenga. Vose varikurwira kuti vabate bhora iri.
ID_AATKGX,Pane ndege iri kumhara kana kuti kusimuka yakanzi iCAi. Ndege iyi inotaridza mavhiri mana matema kozovuya bapiro rimwe chete rinoonekwa.
ID_AAYKBF,Na foto oyo nali komona balakisinga awa eza karton moko ya almete batie yango likolo ya libanga moko ya monene carton oyo eza na balange ya motane ya pembe pe ya mosapa na moindo.
ID_ABPNFQ,awa namoni balakisi biso bana mibali mibale oyo batelemi na kati ya ndako namoni eza bana mibali oyo basalaka sport oyo ya karate.
ID_ABXLTD,a mwama kasi azotambola na mwana na ye mama wana alati elamba ya milai kasi yango eza na langi ya pembe ezakai na langi ya mbwe pe na langi ya mwindu kasi azosimba mwana na ye na loboko bakitambola.
ID_ACXWNX,Safu ya kotokisa na likayabu ya kotumba boyekabweni sani ya mbele na pilipili ya kotuta pilipili batuta.
ID_ACZEVJ,Iyi mhando yehuku ine manhenga akawanda ebhurauni ane machena. Musoro wayo muduku kupfuura muviri wayo. Makumbo ayo akatsika pasi panoratidza kuti pane masora ebhurauni matema maziso aasi kuoneka nekuda kwekufushirika nemambava akawanda. Muromo wayo wakanongedza mberi. Kumashure kune fenzi yegireyi.
ID_ADOMPT,Shiri hombe yakachenuruka yakamhara padanda rakaoma rakapinda mmvura. Irikuongorora mumvura kuona kana ingagona kuzviwanira hove yokutya.
ID_ADUOVN,Madomasi akawanda akatsvuka arikuratidzirwa. Ari kutengeswa kuti avo vanoda kuwana zvekurungisa usavi vazvitengere vondobika kudzimba dzavo.
ID_AEYASK,Esika tokomi awa naomona na misu nanga balakisi ngai ba mabanga mabanga ya monene mpenza bamabanga mwa minene minene pe na nsima mabanga minene minene oyo naomona bato ebele baotala bamabanga wana.
ID_AFAKEG,Foto elakisi pano publicitaire ya aviation moko babengaka yango lengo expresse.
ID_AFXWKR,Vanhu vechirume vakawanda vakamira panzvimbo inotambirwa mutambo wechirume webhora. Pane huswa huri kuonekwa hweruvara rwegirini kwoita mitsetse yakadhirowewa pasi yeruvara ruchena. Nechekumusoro kune macheya panogara vanhu vane ruvara rwakachena nerutsvuku.
ID_AGTPRM,Awa toza komona mesa na bakiti mibale tozomona bati yango esika moko bazolakisa biso ndenge ezali kitoko tomoni likola mesa kamwa kopo moko ezali ezali kitoko mpenza ezali kitoko ndenge baza kolakisa biso yango awa.
ID_AICQQG,Namoni kisi oyo esungaka mpona malali ya libumu na kati na ndako na yango.
ID_AJLYXZ,Mberi kwemba kune furenchi dho ine mabhaa machena uye mahwindo arikuoneka mukati. mune masofa eorenji nemeti iri padhoo yekaki ine zvitema. Panze pefurenchi dhoo pane mataires ari pasi.
ID_AJXJQK,Ewa awa ezali buku oyo bakomi jebukine tomoni bakomi evenement segner de Zanu yango wana bakomi bazo kolokisa biso awa soki okoti na kati okotanga okoyeba biloko nini bazali koloba na kati kuna.
ID_AKEEIU,Munhukadzi akagadzira kumeso kwake. akadhirowa tsiyo dzake akapenda muromo. Munzeve dzake munamhete dzakarembera. Musoro wakarukwa namabhureidzi akasungwa padivi napadivi.
ID_AKEKCT,Awa na moni eza na kati ya bilanga liboso na ngai nazomona mbuma moko ya kitoko pe ya elengi mingi.
ID_ALYEKY,Rokesheni rune dzimba dzakawanda. Pane iri padivi ine denga rine mataira matema. Pamberi payo pane motokari chena. Imwe ine denga rine marata egirinhi. Parutivi pedzimba pane marambi omumugwagwa.
ID_AMCCBI,Simbi inodaidzwa kuti shoku iyo inoshandiswa pamotokari. Yakagadzirwa nesimbi. Inoita basa rekuti motokari isanzwika mabhambi kana ichifamba.
ID_ANCBYL,kisi ya bokoko eza kisi ya bokoko.
ID_ANEMZF,Moto aza na makolo azotambola na nzela liboso na ye nzete ebende ezali na nsima na ye motuka moko pe etelemi alati basapato ya pembe na likolo alati elamba eza na balangi mingi.
ID_ANHQMY,Esika na komi awa nazomona eza pembeni ya balabala na balabala yango nazomona ba mituka ba mituka ndenge na ndenge namoni koza bamituka mibale ya moke ya ba voiture eza alangi ya vert epuis pembeni yango namoni koza camion moko ya pembe ya carosserie ya bleue vremen liboso na yango namoni pe koza mwa ndako moko ya etage ya kitoko ndako ya monene.
ID_ANZHBV,Bilenge mibali ya mibale bazali bongo kobunda bazali bongo bato ya ndembo oyo babetanaka makofi ndembo na bango ezali ya kobunda na bamakofi.
ID_AOHRVC,Awa nazomona liboso na ngai mwana mwasi atelemi kitoko bauti kobongisa ye suki na kati ya salon de coiffure.
ID_AORESO,Awa nazomona bana basi misatu eza neti oyo mwasi ya katikati nde mama na bango bao mibale baza bana na ye bakangi bango pe suki ya meshe ya kitoko baza basi kitoko na mama na bango.
ID_ARBIRT,Eawa namoni balakisi biso mwa lipapa ya jaune ya konzuluka namoni eza lipapa oyo ya bana mibali batiango na se na kati ya ndako.
ID_ARHAXW,Awa nazomona mbalage ya kisi eza na kisi na kati kasi kisi yango eyebani te soki pe ebikisaka maladi nini nayebi te.
ID_ARVDNP,Foto elakisi biso mwa loboko esimbi mwa kisi kisi oyo eza kisi ya kitoko kisi oyo ebumaka bamwa nyama oyo ezalaka na libumu ya bato oyo ebindaka bato babeli na mwa libumu pe bayoki mpasi kisi oyo kombo na yango ketonazol ketanozole oyo ezalaka makasi mpene.
ID_ASBDUP,Eloko nazali komona milangi mibale pe misatu azali milani ekoya ba fruit ekoki kozala ya ba fruit mpon nazali komona na molangi moko badesinaki anana ekoki kozala molangi ba ju ya fruit ya ju anana.
ID_ASIPKU,Camion eza na kati ya wenze elingi konyata biloko na se camion eza na kati ya wenze tomoni bato baza na kati ya wenze ko camion eza koleka na kati ya wenze.
ID_ATIDGP,Kapuka kasiri kunyatsooneka kumashure kwacho. Kapuka kacho kane ruvara rwegirini. Makumbo maviri arikuoneka matete asi ane zvekubatira kumberi. Panewo kamwe kakada kuita kunge kahuswa kakareba kane ruvara rutema kakakwira mudenga kachibva pachipuka chacho.
ID_ATIYKD,na elili oyo bazali kolakisa biso tomoni ezali bongo na kati ya ndako soki nalobi na kati ya ndako po nase tomoni batandi tapis likolo ya tapis yango tomoni lokolo ya sapato moko ya ba ndeko mibali
ID_ATTFDF,Boye kasi nde nazomona liboso na ngai eza na babwate moko boye babwati yango eza en plastique kasi nazomona eza na langi moko ya mosaka mosusu pe eza na langi ya bozinga boye kasi nazomona eza na balangi mosusu ya lilala pe na langi moko ya pondu
ID_AVMULW,Motuka ya kitoko ya mwindo mpona bakonzi to pe libota.
ID_AWJYKX,Awa na moni tata moko alati kitoko aza na suki ya pembe aza na kati ya ndaku bazo solola makambo ya politike.
ID_AYAUMX,Midziyo yekubatanidza mapepa inodanwa nezita rekuti sitepura. Yakasiyana siyana imwe ihombe imwe mudiki. Pamuhombe pane une ruvara rutema iri nechekumusoro koita dzidiki dzine mavara machena. koita imwe ine ruvara ruchena yoita ruvara rutema nechepamusoro.
ID_AYEGYT,Michero yakatemhwa kubva mumuti ikaunganidzwa. Ine ruvara rwakaita rutsvuku uye imwe yakada kuita sepepuru. Yakawanda iri pasi ipapo. Imwe yacho ine tutanda twakabatira pairi tuchiri girini. Michero inodywa nevanhu nekuti inobatsira kusimbisa miviri yavo zvekuti kana vazorwara havane tseki kukurumidza kupora.
ID_AYRYPF,Liboso na nga awa nazokomona sapato moko sapato yango eza ya grie batie yango na likolo ya kitambala moko ya bozinga.
ID_AYSLAJ,Nzvimbo inoitwa zvekubika bika. Pane nyama yakawanda iyo iri kugochwa pamazimbe ayo ane murazvu unoonekera kubva mumasimbi.
ID_BBQWLS,Elili oyo eza liboso na ngai na moni mwa voiture ya kitoko etelemi pe eza na se ya nzete moko ya kitoko na balabala pe na moni mutuka mosusu ezotambola ya moindo.
ID_BBUQAC,Mureza une ruvara rwebhuruu. Une chiratidzo chiri kuruboshwe kwawo nechekumusoro chine ruvara rutsvuku uye ruchena. Zvakare kurudyi kuri nechekuzasi kune nyeredzi dzine ruvara ruchena.
ID_BCOIMC,Michina miviri inoshandiswa nevanoita zvekugadzira magetsi uyezve padivi pas pane mishina ine tambo inoshandiswa pamwe chete nemimwe mishina iripo.
ID_BDLDQK,Vatambo vebhora vakamira munhandare. vakapfeka hanzu dzakafanana neshangu mumakumbo avo. vakamira vakatarisa zvichiratidza kuti varikutorwa mupikicha zvekare vari kuimba nziyo yekusimudza mureza wenyika yavo.
ID_BEAXGU,Muti wakanatso kupfumvutira. Une mashizha akasvibira uyezve unoratidza kuti une mumvuri wakanaka. Muti uyu une mapazi akawandisa.
ID_BEBWRK,Tsangamidzi yakagadzikwa patafura yakachekwa mapisi chimwe chidimbu chakasiiwa chakadaro. Inogona kudyiwa yakadaro kana kuita zvekubikwa.
ID_BHMOUC,awa bolakisi biso photo oyo bana misatu bazo seka moko amonani te mibale bazo seka
ID_BMAMTU,Shangu imwe chete yomunhukadzi yekurutivi rweruboshwe. Yakavhurika. Ine pekukochekera. Ine zvitambo. Ine ruvara rwebhurauni pamusoro nepingi kumativi.
ID_BMRJMV,likolo ya mesa eza na eloko oyo bana-kelasi basalisaka yango eza neti libende libende yango eza na langi ya bozinga esalisaka bana-kelasi mpona kosalisa ngo na kelasi na bango.
ID_BNABME,Na bilili oyo nali komona balakisinga awa eza sapato moko ya bana basi batie likolo ya mesa sapato oyo eza na balangi mibale ya motani pe ya mosaka.
ID_BNBXHO,Vana vaviri varikuratidzwa mumufananidzo uyu varikuita sevari kuda kutenga zvinhu pamusika. Vana ava vakapfeka nhumbi dzechikoro uyezve vana ava vakabereka mabhegi emabhuku. Mutengesi ari pamusika uyu akagara pachigubhu cheyero.
ID_BNWLVQ,Tomoni papa na bana na ye aza kokata mwana na ye suki pembeni na bango eza bana mibale baza kosakana toza komona kuna mosika baza neti baza na pisine.
ID_BNYYWA,Chanete ya kingo na ya loboko ya wolo.
ID_BODVLJ,Awa namoni eza na bana mibali moko oyo batelemi liboso ya stade namoni pe eza na ba misusu oyo bafukami namoni eza bana mibali oyo babetaka ndembo ya maboko.
ID_BOVFVV,Na bilili oyo nali komona balakisinga eza ba tomate oyo bakati yango pe ebeli te eza kaka na balangi ya pondu na kati namoni balangi ya pembe.
ID_BPMRMX,Zvuma zviri mukati mechitoro zvakaitwa maputu maputu. Zvimwe zvine ruvara rweyero zvimwe zvine ruvara ruchena neruvara rutsvuku neruvara rweyero uyezve nezvimwe zvine ruvara rwepepuru neruvara rwebhuruu.
ID_BQTUGO,Bhatafurai rakamhara pasi. Rinoratidza kuti rina mavara mavara. Nechekumusoro kwemapapiro aro rinoratidza kuti rine ruvara rutema yobva raita ruvara ruchena. Nechemuzasi tichienda kumutumbi rinoratidza kuti rine ruvara rutsvuku. Kumutumbira waro rinoratidza kuti rina mavara machena nemavara matsvuku.
ID_BRLAKJ,Aw esali lisanga ya bakonzi ezali na reunion ekosolola makambo ya mboka.
ID_BRRHVM,Esika tokomi awa bandeko eza na kati ya balabala na balabala oyo namoni eza mwa motuka motuka ya langi ya mai ya pondu epi libanda ya motuka oyo nazomona eza mwa mama moko aotekisa bamikate.
ID_BRZJGE,Mukomana akamira pamberi pechidziro. Akabata bhachyi mumaoko make. Ane shangu dzekufambisa dzitema uye iye akapfeka hembe nhema imwe yakanzi naiki.
ID_BSBTOV,Foto eza liboso na ngai namoni mwa bilei likolo ya mesa pe na bamwa sani ya kitoko biloko oyo eza mpenza ya bandele oyo namoni eza ba misuni oyo basalaki yango na kati ya boulette pe na kati ya boulete oyo namoni batie mwa maki pe kuna namoni basani mosusu basalade eza na kati pe na bamwa kwanga na kati eza kitoko mpenza.
ID_BSCHXE,Liboso na nga namoni mwana mwasi mwana mwasi kitoko ya pembe na loboko na ye namoni azwi oyo babengaka na monoko ya poto sac m alati pantalon ya bozinga namoni batongi ye suki na ye malamu asuki naye eza na balangi ya motani nde namoni yango liboso nanga.
ID_BUPBKJ,Loboko esimbi nzeta fufu.
ID_BVLOQR,Mapushe aneruvara rwakasiyana runoti yero rutema nemachena nebhurauni nekirimu ayo anopfekwa nevanhukadzi. akagadzirwa nemachira pamusoro akasimba.
ID_BVRWJF,Zvuma zvakapfekedzwa pazvidhori zvitema. Zvuma izvi zvakafanana mhando asi zvinozosiyana ruvara. Zvimwe zvuma zvine ruvara rwebhuruu namavara mavara. Zvimwewo zviuma ndozvine ruvara rweyero namavara mavara. Zvimwewo zvine ruvara ruchena namavara mavara.
ID_BVVWIJ,Nzvimbo ine miti uye huswa. Huswa hwacho hauna kunyanya kukura. hurikuwanika kunze kwerusvingo runodzivirira imba. Huswa hwacho hwakatsvukuruka hurikuita sekuti hauna mvura. Mukati mune miti yakakura. Miti yacho ine ruvara rwegirini.
ID_BVYDAO,Kasora kanokura kachitambarara kanowanzotambarara pamusoro pemvura. Kane mashizha akanakisa akada kuita kakutenderera ane ruvara rwegirini nemamwe ane ruvara rwakaita kayero.
ID_BWBLLL,na bilili oyo tozali komona awa liboso na biso tozali komona bongo ba sabuni soki totali makambo bakomi naba carton ya ba sabuni yango ezali bongo oyo mutu asokisaka yango nzoto.
ID_BYLITH,Muchina wezvinwiwa une zvigaba pamusoro zvegirazi. Mukati mazvo mune zvinwiwa zvakasiyana. Chimwe chine chinwiwa chitsvuku chimwe chinwiwa cheyero.
ID_BZCOAH,Shangu mbiri chena dzakagarana dzine mukati mebhuruu. Pamusoro peshangu pane mabhande maviri.
ID_BZZNTU,Nhandare yemutambo wekunzana nemasimba kana kuti wetsiva. Mune ruvara rwebhuruu pasi neruvara rwakaita bhurauni. Mune zvigaro zvine ruvara rweyero rwegirini nerutsvuku. Mune maraiti anopfuta pamusoro. Mune vanhu vakagara nevakamira.
ID_CAEBSB,"liboso nangai awa nazkomona photo ya sapatu, sapatu yango ndenge ezo monana eza za nabosoto mingi pe sapatu yango batie yango likolo ya tapis eza ba carreu te eza ba tapis"
ID_CBBJNH,Vanhu vatatu varikufamba mumugwagwa unoita seuri mudhorobha. Pavanhu vatatu ava pane vakadzi vaviri nemurume mumwe chete. Murume uyu akapfeka mudhebhe mutema uye hembe tsvuku nekepisi. Madzimai akapfeka hembe nhema.
ID_CBWTCL,Awa nazokomona ba flako ya mafuta ya kopakola eza min yango nyoso eza marke moko texerile eza mafuta ya kopakola.
ID_CCEJUY,Awa namoni liboso na ngai balakisi ngai eza bijouterie esika batekaka ba bijou nde yango bazolakisa biso ba chenete na ba grumete bato balataka.
ID_CCJUEN,Ringi dzakapfekedzwa mumaoko maviri emunhukadzi. Rumwe ruoko rweruboshwe runoratidza kuti rwakapfekedzwa maringi maviri akandocheneruka anoratidza kuti ndeesirivheri uye rimwe ringi rakapfekedzwa kuchikumwe chekuruoko rworudyi.
ID_CCMSCC,Motuka oyo eza motuka babengaka camion eza camion eza motuka oyo ememaka babiloko ememaka bazelo ememaka bamabanga ntango bato bazotonga ba balabala ntango bato bazotonga bandako mituka oyo nde ememaka bazelo po bato batonga eza na langi ya pembe na bapine ya langi ya moindu na pembeni wana eza na langi ya motane.
ID_CDDYTT,Vatambi vemutambo wetsiwa vakamira vachiratidza hunyanzvi hwavo Havana kupfeka hembe kumusoro. Kuzasi vakapfeka zvikaduura vese havana shangu.
ID_CDKWBW,Mwanasikana akamira akabata amburera yakavhurika. Kutsoka akapfeka mapatapata eruvara rweyero nebhurugwa pfupi. Nechekumusoro akapfeka hembe ine mavara mavara anoverengera yero ebhuruu nepingi isina maoko. Mumusoro make akaruka netambo dzichena.
ID_CDRINL,Ruoko rwakabata goka nhema yakabatidzwa kuti ipe chaedza murima.
ID_CEHWTB,Motoka minene oyo ekumba essence kasi eza na balabala eza motoka moko awa pembeni eza na balabala.
ID_CFSWOV,"Tafura iya ine ruvara rutema yakawaridzwa zvuma zvemuruoko nendarira dzemuruoko dziri kutengeswa uye dzakawanda dzina mavara matsvuku mamwe aneruvara rutema mamwe ane ruvara ruchena, mamwe ane ruvara rwebhuruu."
ID_CGBLNL,Mukomana akapfeka shangu nhema akamira pamwechete nebhurukwa dema. Muhuro make mune chuma uye mumaziso make mune magirazi. Kuruoko rwake rweruboshwe kunewo chiringazuva icho chaakatarisa.
ID_CHAYJC,Munhukadzi akarukwa madhiredzi. Madhiredzi aya ane ruvara rwebhurauni. Akapfeka nhumbi yekumusoro ine ruvara rwekirimu uye ruvara rutema.
ID_CHDRNT,Liboso na nga namoni mai mai mini pe na mai wana namoni likolo na yango eza zea nzela ya mabele te pe nzela oyo babengaka na monoko ya lopoto eza pont nde namoni pe namoni ba mituka mingi pembe pe mituka ya moindo na bato mingi pe na ba matiti na penepene na yango.
ID_CIXTAN,Kapuka kadiki kakamhara pasi. Kapuka kacho kakaita senyuchi. Kane musoro wakakura uyewo kane mapapiro. Kapuka kacho kanogona kubhururuka.
ID_CJZEYO,"na bilili oyo batieli biso molangi moko liboso nabiso soki totali molangi yango batie yango nase molangi yango namoni ezali bongo na langi ya pembe na langi pe ya bonzinga, soki totali malamu mulangi oyo ekokozala molangi ya malasi"
ID_CJZHQR,Pachiteshi chamabhazi pane makombi maviri akamira ane mavara akasiyana. Parutivi pawo pane bhaziwo rimwe chete rakamira rinoratidza kumberi kwaro kuchena. Nechemberi kune rimwe bhazi rakamira reyero.
ID_CKQPRT,Vanhu varipakati pedhorobha vakarongerera misika yavo pamakadhibhokisi vakawaridza jira rine ruvara rwebhuruu vamwe vakapfeka mabhibhi ane ruvara rwegirini.
ID_CLCVQW,Eloko nazomona awa na moni eza obele mama moko boye mama yakokola vrema atelemi a liboso na ngai na moni mama yango alati mwa bububu mpenza moko ya kitoko atelemi na kati ya ndako na ye.
ID_CLUUGI,Zvipanera zvakaturikwa kumadziro zvine mizera yakasiyana siyana. Zviri pamusoro zvakasvibirira nekucheneruka zviri pazasi zvakasvibirira zvose.
ID_CMWEOJ,Munhurume nemunhukadzi arikufamba padivi pemugwagwa iri pasi pechivakwa chiri mudhorobha. Munhurume akapfeka mbatya ine ruvara rwebhuruu nemaoko marefu nebhuruwa riri kuzasi rine ruvara rutema. Munhukadzi akapfeka siketi pfupi inosvika pamabvi akatakura nebhegi rechikadzi.
ID_CNAAPA,Vatambi vebhora vaviri vakamira vachiratidza kuti vagadzirira kutorwa mufananidzo mumwe mupfupi mumwe murefu zvekare vane bvudzi rakachekererwa zvakanaka kwazvo.
ID_CNEWVO,Mafuta ya kopakola ya bana.
ID_CNHGQK,Esika bana bavandi awa namoni eza neti baza na classe namoni bazo koma na kati ya cahier bango nyonso balati baelamba ya classe babengaka ba uniforme.
ID_CNMTHU,Vanhu vakagara varikutengesa mbatatisi mai vakapfeka zvichena nedhuku rine ruvara ruchena. Pane mbatatisi dzavarikutengesa mirwi nemirwi. Pamberi pane murume arikufamba zvakare ari kuratidza kuti varikutsvaga mbatatisi idzi. Kumberi kune vakawanda varikuuya varikutsvaga zvekutenga uye pane mukomanani chingoro akamirira vanhu vanotenga mbatatisi kuti agova batsira kuvaisira mugoro achivaperekedza kuenda kwavanoda kunokwirira mabhazi.
ID_COIPSP,Vatambi venhabvu vari munhandare yavo yekutambira nhabvu vari vana vechikoro.
ID_COKZFV,Mbudzi mbiri dzakamira imwe iri hombe inemwinga dzakatarisa kumusoro. Nechekumusana ine ruvara ruchena. kumberi ine ruvara rwemambava akatsvuka chimwana chayo chiri pazasi chine ruvara rwakafanana namai asi hathina nwanga.
ID_COUUAA,Zvigaro zvekugarira zvisina kwekuzembera izvo zvakagadzirwa nemapuranga uye zvine zvigariro zvazvo zvipfumbu zvakagadzirwa nepurasitiki.
ID_CQDCXT,Mombe ine musoro une ruvara rwebhurauni nepamuromo patema. Mombe iyi ine nyanga dzakaenda kumativi. Irikuratidza kuti iri kutsenga nekuburitsa mazino akaenda padivi. Ine kahuswa pamuromo zvekare.
ID_CSUPIY,Nzvimbo ina maruva emhando dzakasiyana siyana ayo akaisirwa mavhu muzvipepa zvitema. Nzvimbo iyi ingangova inotengeswa maruva.
ID_CTDWOV,Motokari hombe yerori regonyeti. yakatakura mabhero ekotoni mukati. Motokari dzinoshandiswa kutakura zvinorema uye zvinhu zvizhinji zvakadai semabhero iwaa kubva kuminda kuenda kunzvimbo dzekunotengesera donje.
ID_CUDWBK,Munhukadzi akachena. Akapfeka hembe ine ruvara ruchena runotsvedzerera. Muhuro make akapfeka mhete. Musoro wakagadzirwa zvinonwisa mvura. Mumaoko mune mhete. Muzvigunwe mune mhetewo zvakare.
ID_CUHHNH,Oyo na kati ya ndako esika ba bongisi yango bien mpona koyamba bapaya mpona kofanda ndango salon ya kopema.
ID_CUNQQV,Chipuka chakamhara pamusoro pematombo chinoratidza kunge gwavava rine makumbo mana okufambisa nomuswe wakareba uye rine musoro wakandotsvukuruka nomuviri uri muruvara rwakasvibiruka nemuswe wakatsvukuruka zvakafanana nemusoro. Rinoratidza kuti riri kudziya mushana riri pamusoro pematombo akakombwa nebundo rakasvibira.
ID_CUPYSP,na esika oyo nazo mona ba nkumu bazo signe na ba buku ya leta pe tomoni eza batu misato mibali mibale na ndeko mwasi moko
ID_CURVSX,Na elili oyo nazomona esika bazolakisa biso motu asimbi ndambo ya bilei babengi chu.
ID_CUSTOO,Mhete idzi dzakasiyana siyana uye nengetani dzekuisa muhuro. Dzezegoridhe. Dzimwe dzidiki dzimwe dzihombe. Dzimwe dzine mavara akasiyana. Dzakaiswa patafura yebhureki. Dzakawanda.
ID_CUXBJJ,Ruoko rwemunhu rakapfeka bhuresireti nechuma dzine ruvara rwesirivha rwepepu nerwebhuruu. Pane maruva arikuonekwa esimbi ane ruvara rwebhuruu nerwesirivha. Pazasi pane mucheka warikubudikira une mitsetse yeruvara rwakachena nezvitema.
ID_CVLFSK,Awa na moni eza sapato ya bana mibali.
ID_CWTEDX,Foto elakisi biso mwa zamba zamba oyo eza zamba moko ya monene mpenza pe na kati ya zamba oyo namoni mwa mwasi avandi na ye emonani aza koluka bamwa biteni ya nzete po akende kolamba bamwa bilei na ye.
ID_CXBMDD,Tambo irikuonekwa yemagetsi yakagadzikwa pasi. pamataies ari kukwakwamuka ane ruvara rutsvuku neruvara rwebhurauni nemitsetse. Nechekumberi tambo yakabatanidzwa nemudziyo une ruvara ruchena.
ID_CXDLKZ,Awa nazomona policie na ye awa alati elamba naye ya mosala na ekotine ya mosala namoni pe bapolisie mosusu bazokende baza ebele.
ID_CXIQEJ,Shangu inopfekwa kurutivi rwekurudyi yakagadzikwa pasi. Ine ruvara rutsvuku uye imhando yematenesi. Kumberi kwayo kuchena. Payakagadzikwa pane mavara matema nepamwe pane madodzi uyewo shangu yakadai inopfekwa vanhu vachiita zvemutambo kana kuti kuchitonhora. Yakanakira kuti hainetsi kufamba nayo sezvo ine chitsitsinho chipfupi.
ID_CYCTUN,Varume vari munhandare yebhora varikuratidza kuti vari pamutambo wavo webhora. uye bhora rakatsvetwa pasi pachiratidza kuti pane mumwe arikurikava vamwe varikuzama kurivharira kuti risandopinda mugedhi mavo. Vose vakapfeka zvikabudura.
ID_DAOMCB,Komichi yerudzi ruchena ine mubato. Mune derere riri mumvura riri mukati makomichi iyi zipunu yakabatwa ikabudisa rimwe dere reshoma. Mvura yederere inoshandiswa nevamwe pakumwa uye derere rinobikwa rudyiswa sadza.
ID_DAXLAS,kasi na liboso na ngana azomona eza mwasi mama ya mwasi alati bamateriele moko ondire babengaka tablier kasi ye mama yango alati tablier eza na langi ya bozinga asimbi mashine moko oyo mashine ya sudure
ID_DCUADZ,Shangu dzechidzimai dzinonzi mapamuzi. Dzine zvitema uye dzine mukati muchena. Dzakanyorwa nezvichena mukati.
ID_DCXYVX,Foto oyo namoni liboso na nga eza moto ya oyo babengaka na monoko ya poto logo logo wana eza bato bakomi chitecture e batiment adrese telephonique awa bato basalaka awa batongaka ba ndako nde namoni yango liboso na nga awa.
ID_DDGBXH,Motikari nhatu dzakamiswa pamberi pechivakwa uyezve dzakaiswa mukati memumvuri une denga rine ruvara rwebhuruu uyezve chivakwa chiripo chine ruvara rwemeruni nezvitinha uye rine ruvara rwekirimu.
ID_DDOTPI,Bato mibale bafandi na kati ya ndako mwasi na mobali baza na katikati ya mafuta ya komipakola malasi mafuta ya nzoto na mafuta ya motu nyonso ya komipakola biloko ya nzoto.
ID_DECRKT,Varume navakadzi vakamira vatatu vakachonjomara pasi. Vose vakapfeka zvakafanana. vakapfeka zvichena kumusoro nemasiketi ejira rine mavara akasiyana anoti bhuruu namatsvuku. Varume vakaisa machira muhuro.
ID_DFEGFZ,Nzvimbo inoratidzika kuti mudhorobha. Parutivi pane misika umo muna vanhu vakawanda varikuita mabasa avo okutengesa. Panewo munhurume mumwechete ari pachingoro chake hameno zvaari kubata bata mumabhokisi ake.
ID_DFKJAI,Ivhu rine makomba akacherwa. Makomba acho haana kunyanya kudzama. Akacherwa achiitwa tumitsetse. Makomba aya anogona kushandiswa kusimiwa zvirimwa.
ID_DFSMMS,Liboso na biso tomoni awa baolakisa biso eza maneke balatisi ye ba liputa baolakisa motindo nini liputa oyo batongaki yango.
ID_DGRVJT,Shangu dzine ruvara rwebhuruu dzakagadzirwa nejira rejini. Dzine hiri yegireyi. Dzinopfekwa nevanhukadzi kana vanhurume. Dzakagadzikwa pamusoro pemataira ekirimu.
ID_DHVQIV,Nzvimbo iri muguta reHarare iyo ine migwagwa yakawanda mikuru ine dzimotokari dziri kufamba. Munewo vanhu vakawanda vamwe vakagara vamwewo vari kufamba vachienda vakatsaukana.
ID_DMJNOW,Shangu dzechikadzi mbiri dzakaita gogo. Dzigere panzvimbo ine mataira machena. Imwe yacho yakagara pamusoro peimwe. Dziine mabhandi akasiyana akatenderedza shangu.
ID_DNCKDJ,Liboso na ngai awa namoni mwana moko ya mobali atelemi amemi mwa eloko ya libende sima na ye namoni babiloko moko ya salete salete na mwa ndako oyo ya kala.
ID_DNJYJQ,ba soda batelemi balati elamba na bango ya kitoko mpenza elamba ya kisoda balati pe basapato ya moindo balati pe ba mikaba ezali na langi ya shokola pe na ekoti ezali na langi ya motane ba mosusu baza na ekoti ya langi ya pondu mosusu moko azali na ekoti ya langi ya moindo.
ID_DNOWAN,Awa tozali komona baza kolakisa biso elamba moko ezali monene ezali lokola kitenge moko ya monene kasi ezali kitoko eza na balange ya bolulu na mai ya pondu tozali komona ezali kitoko.
ID_DPCENG,Musoro momunhu muduku mune vhudzi rakatsvukuruka iro rakati nyangarara. Mumativi makagerwa kusiya vhudzi rose rapera uyewo ganda richionekera.
ID_DPORVV,Na foto oyo nali komona balakisi nga eza sani ya pembe batie yango likolo ya mesa mosani oyo namoni mbisi namoni fufu pe namoni pondu namoni na pilipili.
ID_DQKDOH,Motokari inotakura zvinhu zvinorema. Pane mavhiri arikuoneka akakura ane ruvara rutema. Motokari yacho ine ruvara ruchena ruri kubudira kumberi. Musoro wacho hausi kunyatsakuoneka.
ID_DQNKGM,Na elili oyo nazomona bazolakisa biso motu na balabala azopusa blouette esika nazomona esika azoleka na balabala ezali na elili na mure bakomi soni labutanti.
ID_DRGIQX,Poto inobika yakabaitirwa kumagetsi uye kavharwa pamusoro payo ndeyesirivheri uye ihuru ine mubato mutema.
ID_DRMIBV,Na bilili oyo nali komona loboko ya ndeko moko asimbi kamwa bidon na kati eza mafuta ya motuka wana babengi yango toyota.
ID_DRQDHR,Awa nazomona bis ezomema bato ya bis ya monene ya transport kasi kuna nazomona nzete ya monene ezali na matiti mingi.
ID_DTAXKI,Zvishongedzo zvevanhukadzi zvakarongedzwa kuti zvitengeswe uyewo zvine ruvara rwesirivheri. Marebero azvakaita anoratidza kuti zvinokwana mumaoko kwete mumhuro uyewo zvine ruvara rwesirivheri. Zvine tubhora twakazvitenderedza tumwe tunosanganisira mavara ebhuruu. Zvakanaka uye zvinotora maziso.
ID_DTWMNJ,Hwiza inoziikanwa nezita rekuti mbuya mugogoda. Hwiza iyi ine ruvara rwakachenerukira. Nechepamberi payo pane ruvara rutema. Mumasuo ayona ine ruvara rweyero yoita makumbo ari kumberi ane ruvara rweyero zvakare.
ID_DUCAYT,Bato mingi bavandi mibale na basi basimbi mikanda bazokoma bazolanda bango nyonso makambo bazoteya bango.
ID_DVOOKJ,Na bilili oyo nali komona balakisinga awa eza kiti moko ya bireou na kamwa meza na yango kiti oyo eza na balangi ya bozinga na meza eza na langi ya moindo pe namoni kamwa sache na se ya langi ya bozingo.
ID_DVUHKU,Awa tozali komona ebale tozali komona ebale ekoki kozala riva congo tomoni na kati tomoni babwato babwato etelemi na kati ya mai tomoni ebale yango kuna na kati tomoni mwa bamatiti ezali na katikati ya ebale tomoni mwa bamatiti yango wana tomoni ezali ebale ezali ebale ekoki kozala congo riva.
ID_DYHFNJ,Nharaunda munogara vanhu zvinoratidza kuti ichangotanga kugara nokuti dzimwe dzimba dzichiri kuvakwa uyezve hadzisati dzapera izvo zvinoita kuti vanhu vange vachiwana mabasa akaita sekuvaka.
ID_DZSHEQ,Logo ya benoi gardien ezali specialiste asalaka biloko ya mabaya ya nzete bazosala piblisite na ye po bato baya kotala ye baluka biloko asalaka basomba yango.
ID_EALPPR,Amai vakamira vakabata mwana parutivi pavo nechekurudyi. Mwana ane hembe nezvebhuruu zvitema nezvitsvuku. Ivo vakabereka bhegi rine bhurauni. Parutivi pavo pane macheya matsvuku nemachena akagadzikirwa kireti yechingwa. Mberi kune varume vakabereka masechero uye vane makepisi vose.
ID_EAXNCQ,Bhutsu tsvuku kana kuti ine ruvara rweredhi yegumbo rekurudyi iri yechinhukadzi.
ID_EBIVAA,Motuka komema bato epai na epai etelemi pembeni ya balabala.
ID_ECOUKU,awa namoni eza na mibali mibale oyo bafandi na mwana-mwasi moko oyo alati babilamba ya maputa namoni bafandi na kati ya ndako na nsima na bango namoni eza na ba biloko ya mpema ebele oyo bati na mire.
ID_ECTELE,Mudhorobha mune mugwagwa une tara. Pane vanhu varikufamba vamwe varikudarika mugwagwa panewo motokari dzirimo dzakaita semakombi nemarori nemota diki. zvekare mune midhuri yakavakwa ichienda mudenga.
ID_ECYWVS,Awa namoni eza alimentation na kati ya alimentation namoni ba milangi ya masanga ebele eza awa baoteka nde yango oyo balakisi biso awa.
ID_EDVJNY,Panze pane sofa rakagadzikwa muvhu. Sofa iri rine ruvara rwakaita rutema. Pamusoro pesofa iri pakagadzikwa makusheni ane ruvara rwakati chenerukei.
ID_EGBJZM,Awa esika nazali komona nazali komona eza lokola na zamba nazomona ba nzete mingi ndako moko to mibale nazomona pe ba ngomba moko milayi milayi.
ID_EHELCY,Na elilo tozomona esika bazolakisa biso tracteur motuka monene esungaka kobongisa nzela nazomona esika bazolakisa biso tracteur ezali kobongisa nzela.
ID_EIDXID,Liboso na ngai nazomona mesa moko ya kitoko likolo na yango nazomona bafololo mibale.
ID_EJKPKL,Na elili oyo nazomona bazolakisa biso motu azopusa pusu esika nazomona eza na eza na ma bidon ebele ma bidon ya velitre eza lokola azokende koluka koluka mayi.
ID_EJUKLB,Mureza wekunyika yeJapan uyo wakasungirirwa padanda resimbi mudenga. Une ruvara ruchena rwakautenderedza. Pakati pawo pane chiratidzo chedenderedzwa chine ruvara rutsvuku.
ID_EJXBUL,Bsika oyo balakisi biso bato baza mingi mingi mingi mpenza batelemi baza kolanda soki baza kolanda nini toyebi te tomoni kaka batelemi tomoni batikamwa tapi moko ya langi ya bululu na se soki balingi basembela soki balingi basala nini toyebi te bango moko nde bayebi kasi bato yango bazali mingi tomoni ngambo kuna ezali zamba ezali na ba nzete mingi ezali na ba matiti mingi soki bazala kosambela soki bazali kosala nini toyebi te bango boko nde bayebi.
ID_ELYVBC,Matomatisi akawanda achiri mumunda asi akura zvino uye aibva akatsvukirira asvika panguva yekuti achikohwewa.
ID_EOGJIP,Vanhu vakapfeka nhumbi dzinoratidza kuti iyembe dzemutambo. Vakapfeka hembe dzine ruvara ruchena namabhandi. Vamwe vane mabhandi matema vamwe vane mabhandi ebhurauni. Mumwe akapfeka chitema kumusoro nebhandi nekupasi kune zvichena. Vanhu ava varikuratidza kuti vanhu varikuita mutambo wekarati. Pane munhukadzi mumwechete werudzi rwechivanhu nemunhukadzi mumwechete werudzi rwechichena.
ID_EOQIYP,Vasikana vanoita zvemutambo webhora ramaoko. Vaviri vakapfeka zvakafanana vaviri vakapfekawo zvakafanana. Vaviri vekuruboshwe vakapfeka hembe dzine ruvara rwebhuruu dzakanyorwa pamberi neruvara ruchena. Koitawo vamwe vaviri vakapfeka hembe dzine ruvara rwepingi yakachenerukira kumusoro yakanyorwa neruvara rwepingi nechepamberi. Kuzasi vakapfeka zvikabudura zvine ruvara rutema.
ID_EORGOX,oyo batie liboso na biso awa ka muke aza molangi ya malasi oyo batiaka na nzoto.
ID_EPQEMO,Na bilili oyo nali komona balakisi nga awa eza wenze namoni bazo tekisa biloko ya kolia ba tomate ba birai pe namoni ba milangi misusu kuna.
ID_EPSMXE,Furegi iri rakagadzirwa nemavara anoti kudenga kwekutanga kune ruvara rutema ruchitevedzerwa nekamutsara kane ruvara ruchena kuchiteverwa nerumwe ruvara rutsvuku runetirai enguru yebhuruu mukati pachitevera zvekare kamwe karaini kauti kamutsara kachena kwachiteverwa zvekare neruvara rwekupedzesera runova ruvara rwegirini.
ID_EROPVG,Miti yemijakaranda mihombe ine tirang yakakura ine makwande ebhurauni nesitriti raiti tirikuoneka rakanamirwa mapositasi. Mberi kune jurahoro nemiti yemipaini uye yemjakaranda ine maruva epepuro. Pasi pane chigubhu chakadonha nehuswa hwakaoma nejecha.
ID_ERPYFF,Mapoto ayo anoshandiswa pakubikira ane mizera yakasiyana siyana. Mamwe mahombe mamwe madiki ane mivharo yakagadzirwa negirazi uye mibato iyo yakagadzirwa zvine ruvara rutsvuku.
ID_ERVOTT,Awa nali komona biloko oyo balambaka namoni babirai ba carote batungulu ba pomme bambuma nyonso bato baliaka mpona sante na bango.
ID_ESDDEB,Motokari huru inodanwa nezita rekuti Ixkavheta ine ruvara rweyero namavhiri makuru ane ruvara rutema neyero. Kumberi kwayo ine foshoro yakasungirirwako yashakara ine ruvara rwebhurauni.
ID_ESVWGG,Awa namoni balakisi biso mwa carton moko eza na kisi na kati kasi nayebi te soki eza kisi ya bokono nini batiango likolo ya mesa.
ID_ETBDET,Vakomana vari munhandare inotambirwa bhora.
ID_ETCPAZ,Nzvimbo inowanikwa muguta. Ine motokari dzakanaka. Inewo zvipangwari zvinoshandiswa nevanhu vaya vanoda kushambadza. Pane migwagwa yakaiswa tara. Kumberi kuri kubudira zvivako zvakakwira mudenga.
ID_ETGYHN,Panobuda chirimwa chebarwe chatobereka hupi yebarwe isati yasvika yabudisa rebvu namamwe mabarwe ari mumunda anoratidza kuti akahondoroka.
ID_EUGOLJ,Chitoro chinotengesa nhumbi dzechidzimai nedzechirume uye mune mukadzi arimo arikuona zvinhu Akabata bheke tsvuku nehembe dzakaiswa pazvidhori dzina maruva maruva nedzimwe dzisina maruva.
ID_EUQEQC,Elili oyo bali kolakisa biso awa tomoni ezali bongo na kati ya ndako songolo kati ya ndako yango tozomona lokolo moko ya sapatu ya bandeko mibali batiango na se
ID_EXRHDG,Vana vechidiki varimukati menhandare yekutambira mutambo yebhora uyezve neyekumhanya. Vamwe vasikana vamwe vakomana. vamwe vakagara pasi vamwe vakamira uyezve kudivi kune vamwewo varikutamba varikuko.
ID_EYKBKF,Na balabala oyo namoni motuka moko ezoleka eza na langi ya mbwe eza na bato baza na kati moto mosusu afandi na nsima alati bilamba ya bozinga namoni pe eza na motuka mosusu yango pe ezoleka na balabala na mopanzi kuna namoni eza na lopango moko ya mosaka liboso nango eza na banzete ebele.
ID_EZCCJG,Vanhu vari munhandare yebhora. Vakapfeka hembe dzemutambo. Pane bhora riri muchadenga. Mumwe akamira arikuratidza kuti ane chekuita nebhora iroro kuti rakandirwa mudenga. Pane vakagara kuzvigaro varikuyeva zvirikuitika munhandare nevarume vaviri mumwe ari kune rimwe divi varikuona zvirikuitika varikuita semarefu emutambo uyu.
ID_FALXJI,Masofa akarongwa zvakanaka ayo ane mitefetefe inogarirwa navanhu munguva dzekutandara kuzorora kana kuitawo zvimwe zvinhu. Ane mapiro awo ane ruvara rutsvuku nerwegireyi. Pakati pawo zvakare pane tafura.
ID_FASBOF,Na foto oyo nali komona balakisinga bandeko mibali baza ba joueur baza na kati ya balabala bali kosala spore pe balati bilamba ekokani nde namoni balakisi nga.
ID_FATGBJ,Logo na langi ya mosaka makomami moindo ya mwasi alati elamba ya langi ya moindo pembe rose pe langi ya lilala bongo mpe na chokola na bozinga alalisi pe suki.
ID_FBJMUD,Pamusha apa pane miti yakasiyana. Pane mujakaranda uyo une mashizha akaregedzana. kozouya pedyo nechidziro pane miti mitatu ine mashizha akapfekana.
ID_FBVFQS,Awa pe namoni balakisi biso lisusu ba buku ebele namoni moko eza buku oyo ya bana mike bana ya kelasi ya ko desine na kati.
ID_FCQYCF,"Nzvimbo inotengeswa zvuma nemhete zvemhando yepamusoro. Zvimwe zvachona zvakarongedzwa nechepamukova kuti vanhu vaone se nzira yekushambadza. Zvinhu izvo zvuma nemhete zviripo zvine ruvara rwegoridhe, ruvara rwesirivheri nemamwewo mavara."
ID_FDEPXL,Namoni eza esika basambelaka liboso na ngai namoni eza na balangi misatu ya liboso eza langi ya bololo ya mibale eza langi ya pembe ya misato eza langi ya motane.
ID_FDHAJW,Munhukadzi arikufamba padivi perodhi. Akafuratira akapfeka rokwe refu rinosvika kumakumbo rine ruvara rwebhuruu neruvara rwebhurauni. ine maoko mapfupi. Akatakura bhegi rechikadzi rine ruvara rwebhurauni. Mumusoro akapfeka dhuku.
ID_FECWJL,logo ya la coste eza na langi misato eza langi ya pembe langi ya vert na langi ya mwindu na lolema ngando ya motane.
ID_FEQNNF,Awa tozali komona ndako moko ezali ya kitoko babengi bakomi ailave dolisie ndako yango ezali kitoko tomoni na nsima na yango tomoni mwa ngomba moko ezali na matiti ya mai ya pondu.
ID_FEXOME,Na foto oyo nali komona balakisinga awa eza bilamba ya bana basi nali komona eza na balangi ya bozinga ya longondo pe na balangi misusu.
ID_FFIIOR,Na elili oyo nazomona bazolakisa biso etaleli ya pembeni makasi pembeni makasi mpenza ya bikeli ya mokili nazomona bazolakisa biso ekeli ezali lokola pungupungu ezali lokola ndakisa ya pungupungu.
ID_FGBZEX,Nyama yakabikwa zvakanaka yakasangana netumwe tunhu turimo tunenge tumupunga tunoita kuti ikorere zvakanaka supu yacho. Uyewo nyama iyi kana munhu oda kudya anogona kuisawo kana sadza parutivi chingwa mamakaroni nezvimwewo zvakadaro kuti nzara yacho ibva yanyatsopera.
ID_FGIQHS,"Foto namoni balakisi awa namoni eza ndako ndako wana eza ndaku munene kuna na ya mokuse awa namoni ba fenetre mingi ming mingi ba fenetre eza ba couleur naba veranda eza diva ba fenetre, nde namoni awa."
ID_FHZRBF,Muchina uyo uri kugadzirwa une ruvara rwebhuruu neruvara rutema neruvara ruchena. Wakanyorwa parutivi pane gwapa jena nemavara matema.
ID_FIBLOU,Shangu mbiri nhema dziri kuonekwa chikamu chepakati kumberi nekumashure kwakadzivirirwa. Mukati mutsvuku uye dzine tambo nhema. Dzine tsvina.
ID_FIVZJF,Awa pe esika na komi awa nazomona na misu na ngai bandeko eza obele pancarte eza pancarte moko ya monene ya monene mpenz eza na misu na ngai pancarte oyo eza mpona piblicite ya kobunda na covid naomona awa eza ya piblicite ya kobunda mpona covid dixnef eza pancarte moko monene.
ID_FJHUKW,Na bilili oyo nali komona balakisinga logo pe eza na balangi ya pembe na moindo na kati te nali komona balakisinga na logo oyo.
ID_FKEVFH,Miti yakawanda kwazvo uye iri mupfupi inoratidza kuti yakaungana panzvimbo imwe chete ine mashizha akanyatsosvibira zvinoratidza kuti iri kuona mvura nekudya kwakakwana.
ID_FKSFHH,Shangu dzekurudyi nedzekuruboshwe. Dzine ruvara ruchena nerwebhuruu yakacheneruka. Pane kamufananidzo kenaiki kakanyorwa nezvitema. Dzine tambo chena.
ID_FKVEEO,Shangu mbiri dzakavharika dzine ruvara rutema Dzinopfekwa pazhinji nevanhurume.
ID_FLRZJY,Munhukadzi akarukwa musoro wake magodi marefu akangomira mira.
ID_FNKFXO,Chikamu chenhandare. Nechedivi rekuno kune varume vakapfeka hembe dzinopfekwa nevatambi. Umwe akagara pachigaro chake. Kumberi kune vamwe vanhuwo asi kune zvimwe zvigaro zvisina kugarwa.
ID_FOIWOL,Eloko baolakisa biso awa namoni eza sapato yango eza ya bana basi nde bati likolo ya tapi baolakisa biso awa na miso na biso.
ID_FOJOIW,Gonye huru rine mavara akasiyana siyana unorarama nekudya maruva rakakora zvikuru uye rine makumbo mazhinji.
ID_FOKRFJ,na elili oyo nazali bongo komona loboko ya moto asimbi lopete azolakisa biso lopete lopete oyo ndenge namoni eza lopete oyo balataka mpo na libala te to eloko songolo pe tomoni azali bongo na kati ya ndako
ID_FRPCWP,Awa nazali komona bana mibali bazali kobeta eloko babengaka baskete bazali kosaka na bamosusu balati elamba ya mosaka na mosusu balati pe elamba ya bozinga.
ID_FRPIJN,Miti yakareba zvikuru inoonekwa ina mashizha mashoma. Inenge yave nguva yechirimo. Denga rina makore mashoma uye zuva richiripo ririkuoneka kuti ing dzinonguva dzamasikati.
ID_FSMBVW,Awa tozomona bato bazosala election soki ezali ya politiqe wana nayebi te nazomona journaliste moko azali na micro na ye ya langi ya bozinga azotunisa ye ba question moto moko ndenge amonaki election wana.
ID_FTZRME,Na bilili oyo toali komona balakisi biso awa eza bato ebele bafandi pe na pembeni na bango lopango wana namoni batie ba dessin misusu.
ID_FUPBNF,Mhuka yomusango iyo ine nyanga dzakakorerera. Ina maziso makuru yoitawo nzeve dzakakura. Ine ruvara rwebhurauni muviri wese. Pamberi panewo mavara mavara machena.
ID_FUVCDX,Musoro wakarukwa bhudzi namabhureidhi marefu ane kuzasi kwaanoperera kwakatesvera akakora. Anorukwa achibva divi rokuruboshwe achienda kurudyi achidzokera kumashure nekuseri kwenzeve. Musikana wakamarukwa wakapfeka dhirezi dzvuku risina mahoro.
ID_FUVYYY,Michero yakaibva yakarembera padanda remuti. Ine ruvara rweyero uye kumativi kwayo kuri girini. Pairi hapana mashizha yakangomira yakarembera iri yega. Michero inodyirwa nevanhu kuti ibatsire muviri kurwesana nezvirwere uye yakanaka kuti haina mafuta.
ID_FVYBJQ,Besu reshiri rakareba. Yakatorwa muiri weshiri usiri kuoneka. Rinoratidza kuti ndereshiri huru nekuti minhenga yacho yakakura. Ine ruvara rutema. Kuseri kwacho kune miti yegirini nemaruva.
ID_FWBYPB,Nazomona na elili oyo esika bazolakisa biso milangi ebele etandemi ezali lokola eza na ndako ya botekisi nazomona ezali lokola lisaleli ya ba mama mpona kosunga poso ya bana na monoko ya lopoto babengi yango poudre.
ID_FXFVEC,Bandunda oyo eza matembela biloko ya kolamba epe ekolia.
ID_FXNXBA,Shangu mbiri dzemwana mudiki dzakagadzikwa pasi pana mataira aneruvara rwekirimu. Shangu idzi dzine ruvara ruchena uyezve dzine zvekunamisa pamusoro. Mukati madzo dzine ruvara rwebhuruu.
ID_FYISHL,Chiruva chechimuti chakachekererwa pazasi kuita denderedzwa. Pamusoro zvekare chikachekererwa kuita denderedzwa nechepamusoro. Chimuti ichi chine mashizha egirinhi ane kahuyero nemamwe ane kahubhurauni nezvimiti zvinoita kunge zvaoma zvine ruvara rwebhurauni. Chiri padivi pechivakwa chine zvidhinha zvitema.
ID_GAWUMM,Miti dzakakura nedzipfupi dzina mashizha akawanda akasvibira ane ruvara rwegirini.
ID_GCKZBD,Mukati memotikari murikuonekwa mushina unoratidza kuti motikari iri kumhanya sei une zvitanda zvitsvuku zvakatenderera uye pakanyorwa nemavara machena.
ID_GCYPCZ,Vanhu varikufamba mukati meguta. Padivi pavo pane motokari dzakamira dzakatevedza guta ipoita chingoro chinotengesegwa zvikafu zvimwiwa zvete ribhodhi.
ID_GDGYJP,Awa tozali komona ezali ndako moko ya etage kasi tomoni ndako yango ezali ya sika tomoni bauti kotongaka yango kala mingi te kasi tomoni eza na balangi oyo ezali langi ya pembe na mwindo tozali komona na ngambu kuna tomoni shokola yango wana tozomona ndako yango ezali kitoko na balabala moko ezali liboso na yango esika bato balekaka na esika bamotuka etelemaka tomoni ezali kitoko mingi ndako yango.
ID_GDLJUS,Awa namoni mama mok eza lokola na balabala mai moko eza liboso na ye wana mango alati elamba ya ba mama katolike bakomi maria mama maria avandi naye na balabala na ban moko aotala na ye balabala bato baoleka na bango.
ID_GESZQP,Bvudzi rokuwedzera rakarukwa pamudzimai uye rakasanganiswa pakati ndobva rareba richikwira mudenga uye rine ruvara rutema tema.
ID_GGDBGD,Sango guru rine miti ine mashizha egirini. Rinewo huswa hwakawanda hwakaoma hwebhurawuni. Pasi pane mumvuri womunhu.
ID_GGKGFR,Foto oyo elakisi biso mwa terre ya baskete na kati ya teren ya baskete namoni ba mobeti baza ebele pe namoni mobeti moko basoute baza na balo na ye na maboko.
ID_GGLQZP,Na bilili oyo nali komona balakisinga awa eza batu ebele ba mama pe ba mobali bafandi na moni mopapa moko atelemi azoloba na bango pe balati ba cache nez.
ID_GHLRHR,Komichi yegirazi ine ruvara rwegirini yakagadzikwa mundiro yegirazi ine mavara machena neebhuruu. Parutivi pane ndiro dzedhaga.
ID_GHZNHD,Mudhorobha. Iyi nzvimbo inowanika mudhorobha. Mudhorobha mune motokari dzakamira dzimwewo ndedzinofamba dzichifamba mumugwagwa une tara uye pamugwagwa apa pane marobhoti.
ID_GKEQRS,Liboso na ngai nazomona balabala moko ya monene likolo na yango nazomona batu ebele batelemi ba mosusu bazotambola.
ID_GKZCUH,Vasikana vana vari mukati menhandare yekutambira mutambo webhasiketi bho uye vakapfeka nhumbi dzine ruvara rwebhuruu. Vasikana ava ndevechitema uyezve vane miviri iri pakati napakati.
ID_GKZTUQ,"Munhurume akamira uyo akabatawo bhora kuruoko rwake rworudyi. Ruoko rweruboshwe akasimudza zvigunwe zviviri mudenga. Akapfeka nhumbi ine ruvara ruchena, bhurukwa rine ruvara rutema pamwechete neshangu nhema."
ID_GLIUNU,Vanhu vakabata madhiramhu uye mabhosvo. Vakapfeka mbatya dzebhuruu vachiridza. Vane mahiti mumusoro ebhuruu. Mireza iri padyo nevanhu vakagara.
ID_GOJFMX,Bandeko esika na komi awa nazomona na miso na ngai eza obele bana mike bana mike na monoko ya lopoto babengaka bana mike baana kati ya kelasi eza bana ya gardien ya maternel ya ecole maternel baza na kelasi na bango eza bana mitano bafandi na kiti bazosolola ya bana mike ya kelasi.
ID_GPQJUU,Shangu imwe chete yechidzimai yakavharika. Ndeyeganda uye ndeye kuruboshwe. Ndeye ruvara rwepingi. Yakagadzikwa pasi pane mataira machena nematema.
ID_GQDNFR,Awa na moni eza esika ya bisengo liboso na ngai nazomona babilenge ya mibali na ya basi bango nyonso balati bilamba oyo ya langi ya pololo na pembe.
ID_GQPKUB,Elili oyo ekolakisa esika batandi makemba yango ya mobeso nano ya langi ya pondu.
ID_GRLGGS,foto eza liboso na ngai na moni eza place oyo basalaka bamwa ba mbula ya kitoko mpenza ya mokuse no ya milai pe na moni sima yango ndako moko ya kitoko mpenza.
ID_GRNIBG,Foto eza liboso na biso namoni mwa sani moko ya kitoko mpenza eza likolo ya mesa namoni na kati bamwa ndunda moko ya kitoko mpenza pe na mwa pilipili oyo ya langi ya ma ya pondu eza nano mobeso pe ezalaka kitoko mpenza pe epesaka mwa solo ya kitoko na kati ya bilei.
ID_GTHNLE,awa namoni toza na kati ya lopangu moko ya monene namoni na kati eza na mwa ndako moko ya kitoko makasi oyo bapakoli yango langi ya pembe liboso ya ndako namoni eza na basapatu oyo batiki libanda.
ID_GUMKQC,Oyo baza kolakisa biso ndako tomoni ndako oyo batongi kitoko nde baza kolakisa biso awa tomoni ezali na banzete kuna na kati na kajarden moko kazali libanda.
ID_GVCCGR,na bilili oyo tozali bongo komona tozomona ba kopo mitano batie yango esika moko soki totali malamu bakopo yango eza na eloko moko nakati tokoyeba te soki eloko yango eza ya kolia to eza eloko nini
ID_GVCKDT,Foto elakisi biso mwa balabala ya molai na kati ya balabala na motuka eza te moko te pe namoni bandako pembeni ya balabala oyo na bamwa lampe ya publike na kati ya balabala pe eza kopela eza balabala moko kitoko mpenza.
ID_GWDPBR,awa namoni toza na kati ya kilasi namoni bana ya kelasi nyonso awa bafandi na se moko aza liboso azokoma na molakisi na bango pe afandi pembeni namoni bango nyonso balati ba biloko na mutu.
ID_GWQLRG,Nzvimbo ine mugwagwa wevanhu vanenge vachifamba netsoka. Ine miti yakati pano neapo ine mashizha egirini. Hapana huswa hwakawanda hwatiri kunyanya kuona.
ID_GXWURJ,"Mureza une ruvara rwenhundurwa, ruchena, rutsvuku, rwebhuruu uyezve une chiratidzo chetiraiengo chiri nechekuruboshwe chine ruvara rwegirini."
ID_GYTAHY,"Tireyi, bhini nemasherefu okutsvetera zvinhu kana kuti zvinyorwa kana kuti zvishandiswa muhofisi."
ID_GZANIC,"Vanhu vari mukereke Paine vakapfeka mamasiki, hembe chena nhema uye umwe aane magirazi."
ID_HBRDXA,Munhukadzi akarukwa mitsara yemadhiredhi inoenda kumativi ichibva nechepakati. Madhiredhi ake matema uye marefu zvekudarika mazamu ake.
ID_HCAQMQ,Liboso na nga awa namoni mwana mwasi oyo bapesi coupe ye abetaka baskete.
ID_HCOKTE,Varume vatatu vakamira vakapfeka nhumbi dzeirtaimu kumusoro umwe. kutsvuku akapfeka chitsvuku vaviri ndezvegirinhi. Kuzasi vakapfeka zvebhureki.
ID_HCWVMP,Biloko ya kolia na sani likolo ya mesa eza bongo na soso ya kokalinga ezali bongo na boudin ya kokalinga pe pembeni ezali na ndunda na sani ya mwindu.
ID_HDHFPP,Ezali kati ya supermache esika batekaka babiloko a kolia tozomona ezali parti batekaka ba biscuit babengaka yango gouteu parfum vanille ezali ya marque ya belle france.
ID_HGBIRJ,hikupusha chingoro chine mawashani bhasiketi migomo ine ruvara rwebhuruu neutsvuku. Munhukadzi akapfeka hembe yeyero kumusoro tirauzi rakasvibira. Motikari imwe ine ruvara ruchena.
ID_HGGJZI,fulu na kati ya mai eza na basalite ebele na ba milangi ya kopal babwaki yango na mai plasi mai ezoleka matiti pe eboti na bandako kuna na suka fulu etondi pembeni ya mai na balabala.
ID_HGSMNI,Muchero wepopo wakaibva ndokuchitochekwa napakati kwava kubviswa makanda ndokubviswa mhodzi hamheno zvazopakurirwa nechemukati imomo zvinenge mhodzi dzamatamba kana dzamakosvo kuti zvigohiwa zvakasangana.
ID_HGSVJW,oyo namoni awa eza neti filtre ya air ya motuka monene neti camion nde yango oyo baolakisa biso awa.
ID_HGTFYG,Awa tozomoni ezali nyama babengi pantere nde baza kolakisa biso awa tozali komona ezali buku oyo babengi image stock tomoni pantere nde balakisi awa soki okuti na kati okoyeba makambo pantere saraka.
ID_HINBMW,Elili oyo nazomona liboso na nga namoni mesa moko ya kitoko likolo ya mesa oyo namoni mwa saani ya pembe ya kitoko pe na kati namoni mwa supu ya kitoko pe namoni bamwa ndunda na mwa misuni pe na mwa pima ya kitoko penza.
ID_HKJBKE,Gedhi remba rine ruvara rutema. Ririkuratidza kuti riri mukati memiti neruzhowa rine ruvara ruchena. Panze pane miti yakawanda. Miti imwe ine ruvara rwegirini nemaruva inonhwirira imwe miti haina maruva. imwe miti inonzi mashirabhu nemimwe miti yakakura uye netumaruva tudiki tumwe tusingakure zvinoenda mberi.
ID_HNLXNE,Mhete yakanaka inovaima yakanyorwa kuti riyana iri mubhokisi rinotevetera. Kunze kwaro kune ruvara rutsvuku iyo ndeyesirivhera.
ID_HNSQWM,Mubhedha une hedhibhodhi nemasaidhibhodhi zvebhuruu zvakaisvonaka.
ID_HNTJIA,Chuma chine muchinjiko uyezve chiri kuratidza kuti chakagadzirwa nesimbi yakasimba uyezve chiri mukara yegoridhe uyezve chakagadzikwa pamusoro pechinhu chinogara dvuma chiri mukara yeredhe.
ID_HOAJII,Shangu dzechidzimai dziri pamwechete. Shangu dzacho dzakangogadzikwa. Ishangu dziya dzisina tambo uye ishangu dzekuti munhu anogona kupfeka achida kuvhakacha. Shangu dzacho hadzidhuri kana uchida kudzitenga.
ID_HPCUNS,Ezali batata kasi moko afandi aza pembeni ya tata soda oyo mosusu pembeni azali kolakisa lisapi na ye boye soki bazolanda nini koyeba te eloko bazosala balati bango nyonso bilamba ya mwindu.
ID_HQEFTR,Oyo na moni eza sandale ya mibali soki olingi opema makolo epema olataka kaka ba sandale oyo ezalaka kitoko soki moto alati yango ayokaka malamu makolo ezalaka bien nde omona bato nyonso balingaka ba sandale oyo.
ID_HQVEIS,Ndunda ya mobesu eza na sani esilisami kosalema ndunda mobesu yango eza na balangi sangami eza na langi ya pondu langi ya motani langi ya longondo langi ya pembe.
ID_HRQBUU,"Chitoro chiri kutengesa zvuma zvinopfekwa muhuro. mhete dzinopfekwa munzeve, maringi anopfekwa muzvigunwe uye mabhenguru anopfekwa mumaoko. Izvi zvinhu zvakagadzirwa nemhando yezvinhu zvakasiyana siyana."
ID_HRTYFL,Murume akamira padivi pejuraho remapanera akajoinedzwa joinedzwa. Pane miti yemijakaranda ine mashizha nemaruva epepuru. Akamira murume padivi akatarisana nematombo padivi pemugwagwa wetara. Akapfeka mutirauzi mutema nehembe yebhuruu kumusoro.
ID_HUPTLA,Bandiko remuriwo wekabichi rakabatwa muruoko. Rakaratidzirwa richina mashizha akasvibirira uyewo rinoratidza kuti richakanaka rakamirira kubikwa.
ID_HUUNAY,Na balabala mama moko azoleka amemi mwana na mokongo asimbi sac me na maboko tante moko eza wana place ya koteka bayimi te na mobali moko atelemi likolo ya moto na ye koto nsima amemi bakese ya sucre.
ID_HVDLMN,Muti webhurauni une makwande emutanda muhombe. Pasi pawo pane mumvuri wawo nesora rakaoma rekake uye jecha dzvuku. Necheparutivi pane mugwagwa wetara. mberi kune jurahoro ine mapanero. Mukati mayo mune muti wemujakaranda une maruva epepuro neimwe yemapaini.
ID_HVVTQF,E awa namoni toza likolo ya ngomba moko ya monene namoni eza na mwana mwasi moko oyo azoleka na nzela moko na kati ya zamba wana namoni pe pembeni na ye eza na bamwa matiti ebele.
ID_HXGURG,awa namoni toza na kati ya ndako moko ya monene namoni eza na batata ebele oyo bafandi liboso na bango eza pe na batata misusu oyo bafandi bazosolola.
ID_HXTVSU,bili oyo ezali komonisa biso buku tozomona eza na ba dessin ya bana moke.
ID_HXUZOB,Esika bakondaka bato esi ekomi na zamba matiti ebele eboti eza ya mobeso eza na bakasa eza na langi ya pondu eza na likasa moko lipekapeka etelemi sango eza ya mobesu eza na langi ya mai ya pondu lipekapeka yango eza na langi ya chokola eza na bakasa mosusu ya kokauka eza na langi ya chokola na langi ya mbwe.
ID_HYHDGB,Awa namoni balakisi biso ka mwa étagere moko ya kitoko e namoni basilisi kobongisa yango bapakoli yango langi ya pembe e namoni eza ba étagere oyo batiaka na bandako esika oyo babongisaka suki.
ID_HYKBKK,Awa namoni balakisi ngai bana basi eza bana basi mitano bazosala biloko ya miniserie eza neti bazotanga bazotanga ba biloko ya miniserie na ya couture eza bana basi bazotanga biloko ya menuserie na couture na kopakola balangi.
ID_HYKQPA,"Chimushini chakatsvetwa pasi paivhu. Chine ruvara rutsvuku, rutema, ruchena. Chine mavhiri marefu neanotenderera. Chine mibato mitema negirazi chepamusoro."
ID_HZNFNO,Mwana-mobali oyo kitoko ye wana aza pembe kasi bakangi ye suki ya kitoko aza na suki ya milai ye aza na nzoto ya pembe kasi alati neti kazaka ya mwindu kasi suki na ye pe eza na langi ya chokola pe neti mosaka.
ID_HZRRCJ,oyo tozali bazali kolakisa biso motu ya mwana mobali elenge mobali oyo basilisi kokata esuki tomoni bakati kitoko modelo bakati suki na ye ezali kitoko kasi tomoni suki na ye ezali ya mwindo kasi ezali kitoko kitoko na ndenge basali yango.
ID_IABFQG,Bana basi misato bazobeta bale ya voleboll ba oyo ya ngambo oyo balati pembe pembe ba oyo ya kuna balati mosaka bazobeta bala yango na mabele.
ID_IAQVWH,Ba soda batelemi na ba polisi ba soda bazali ba mikonzi balati bapete ebele na lipeka mosusu aza polisi atelemi pembeni na bango bazali pe na ba misusu na nsima bilongi na bango ezomonana se.
ID_IAZYFG,na fhoto ndenge nazali komona eza fhoto bakangi photo pluc badesinaki batu misatu namoni eza bandeko misatu ya mibali moko akangi moninga naye na lokolo oyo bakangi ye na lokolo pe tomoni na loketo naye bakangi ye singa bazali kobenda
ID_IBOQSR,Muchero unowanikwa mumunda nguva yekunaya. Muchero uyu unokura zvisingaite unonzi nwiwa. Nwiwa iri rine ruvara rwegirini kunze. Mukati maro rine ruvara rutsvuku nemhodzi dzichena nedzimwe dzakanoita dzitema.
ID_IFDPXA,Na elili oyo nazomona esika bazolakisa biso armoi esalemi na ndenge na yango moko ekeseni na misusu esalemi na libaya ya elengi ya bien na malafia ezali etaleli ya elengi ya ko sepelisa miso esika bazolakisa biso elengi na yango.
ID_IGVBWB,Imba inoratidza kuti yakavakwa kare ikaiswa marata uyewo ine mudhuri wesemende Hainawo kuzoiswa ruvara.
ID_IHETUB,Awa eza na kati ya companie basalaka blok a mashine oyo egumbaka a bloko ya mabende babloka kosala bato kosa bafungola blo mabombo ebele kaka eza biloko ya societe.
ID_IIDVMA,Ba ngomba moko ya minene minene bangomba ango eza na ba nzete ebele na ba matiti ebele na katikati ya bangomba ngo eza na mwa mai oyo eleki likolo ya mai wana batongi po moko ya monene makasi eza na ba mituka oyo ezoleka likolo ya po wana.
ID_IILLRK,Esika oyo batandeli biso pilipili euti na bilanga eza mofudin eza na balangi ebele toza na langi ya motane toza na pilipili ya langa pondu toza na pilipili ya langa lilala toza pe na pilipili ya langi ya mosaka.
ID_IIOLEC,Poto ine ruvara rwesirivha rine goridhe iine mubato. Yakavharwa nemuvharo une ruvara rwesirivha nemubato wegoridhewo zvakare.
ID_IJLJDF,Elenge ya mobali azotambola azokende wapi elenge ya mobali .
ID_IJZINK,Na katikati ya balabala ya monene bandako ya milai eza mingi eza bana balilisi ya kitoko na se nango mituka eza mingi etelemi ya mwindu ya langi ya mbwe bato batelemi na balabala yango banzete pe ezali nyonso eza esika moko.
ID_ILSQAM,Mapepa anoshandiswa navarairidzi nevana vechikoro. Anoshandiswa kuita zvakasiyana siyana. Pana manira anoshandisa kunyorerwa zvimwe zvinhu kana kuisa kumadziro.
ID_ILZBDG,Lipabul batie na kati marki ya kokalinga na musuni pembeni na yango friqe ezali pe eza na ndunda mobeso na pembeni na yango.
ID_IMABFP,Motokari chena yakamira. Kumashure kwayo kune rori iri kutevera iri kufamba. Kumashure kwerori kune imwe motokari diki nhema iri kutevera. Kurutivi rweruboshwe rwerori kune mota tsvuku iriko zvakare.
ID_IMDKXQ,Tafura dzinoshandiswa mumahofisi kugara. chigadzirwa kana chivezwa. Ichena ine maraini anochinjika machena nematema akaenzana mberi nechitema pakati chinotaridza kuti pakati payo. Ine cheya chena ina maoko matema. Kudivi kune kabati ina madhirowa.
ID_IMGJFD,Awa tozali kotala bato babilenge mibali oyo bazali bakonzi tomoni balati kitoko balati ba kazaka ya kitoko toloki balati ba cravate tolomi balati na ba chemise na kati tomoni bazali kosala eloko babengi masano tomoni bavandi na bakiti bango nyonso bazali kokoma bazali bato ya politiki.
ID_IMQQQV,Foto eza liboso na biso namoni mwana mwasi ya kitoko pe ya pembe mwana mwasi oyo aza na basuki moko ya kitoko mpenza azolakisa biso ndenge bakangaki ye suki na ye ya kitoko.
ID_INGTEI,Awa namoni balakisi biso tata moko oyo azoleka liboso ya ndako namoni tata yango alati kitoko makasi pembeni namoni eza na mwa ndako moko oyo bapakoli yango langi ya pembe.
ID_INJFRV,Ishangu mbiri dzemativi ose emakumbo. dzine ruvara rutema dzakatsvetwa pasi. Dzose dziine tambo dzokusungisa dzakakochekerwa pamusoro padzo.
ID_INNLQH,Na elili oyo tozali komona museleke te azali kotambola na matiti ya langi ya pondu donk oyo ezali museleke te.
ID_IODZNG,"Vanhu vakawanda varikufamba mumugwagwa. Vamwe varikufamba vakatakura zvinhu zvavari kutengesa. Kumativi kwemugwagwa kune misika yakarongwa iri kutengesa muriwo, matimati nehanyanisi."
ID_IOLJWF,Nzvimbo ine miti huswa namazitombo. Pane mazitombo ane ruvara rutema neruvara ruchena. Koita miti ine mashizha ane ruvara rwegirini. Huswa uripo une ruvara rwakachenerukira.
ID_IOSAJP,"Mureza unomiririra imwe nyika rwakagadzirwa namavara akasiyana anosanganisira matema, yero, ruvara ruchena, rutsvuku neruvara rwakafanana nedenga risina makore rwakasvibiruka pakati pawo."
ID_IQDIMJ,Na bilili oyo nali komona balakisi nga awa eza na kati ya ndako wana bamelaka masanga namoni ndeko mobali moko ya monene atelemi pe asimbi telefone na ye namoni mama moko alati bilamba ya mikuse.
ID_IQYLWJ,buku ya kelasi.
ID_IRJYBB,Elili oyo ezali kolakisa biso bilei kitoko biso ba kongole toliaka ezali fumbwa oyo ezali fumbwa batie na kati mwamba na pilipili pembeni donk ezali bilei kitoko babengi fumbwa.
ID_ISKCCH,"Vanhu vari pakati penhandare vanovavana. Vatatu vakapfeka mbatya dzine girini uye tema. Umwe wakapfeka mbatya dzeyero. Vari pedyo nemudhuri pakanyorwa kuti ""Zim Cyber City."
ID_ISOCJR,Eoa a.
ID_ISSMME,Awa na moni eza esika basambelaka liboso na ngai nazomona mesa likolo ya mesa nazomona chapele moko ya molai ya kitoko mingi.
ID_ITMCTW,Maruva arikuratidza kusvava uyezve mamwe akatumbuka sezvatumbukwa zvacho zvasvava zvaoma. Pana mashizha akaoma ane ruvara rwebhurauni mamwe ave neruvara ruchena anratidza kuti ari kudonha kubva pamashizha eruva iri.
ID_IUIMQR,Na bilili oyo nali komona awa eza bambuma ya kolia nde nali komona eza na balangi ya pondu pe eza ebele.
ID_IVGGPA,Imba yakavakwa yakaita dendenedzwa ikapfurirwa neuswa. Dzimba idzi dzinowanzokuwanikwa kumusha dziri dzimba dzekubikira. Pamusuwo pacho pane munhu akamira. Nechekunerumwe rutivi rwemba iyi kuri kubuda motikari diki yakamira.
ID_IVNORQ,Michero yakasiyana siyana yakachekwa ikaiswa mubhodhoro mune mvura inodzivirira kuora kwawo kuti igozodyiwa munguva ichatevera.
ID_IVVGIB,Awa na moni eza na bato ebele oyo batelemi esika moko na kati ya ndako eliboso na bango eza na mwa mesa ya monene na ordinatere eza na mesa na mwa kopo ya komela mai.
ID_IWEWTQ,Logo ya pembe pe makomi na yango eza na langi ya bozenga basalela yango mingi na kati ya ba societe na ba entreprise.
ID_IXDKJW,"Mucheka une ruvara rutema, ruchena nerutsvuku. Unogona kushandiswa iwo kumiririra nyika."
ID_IYXUVC,Maruva akasiyana siyana uyezve nemurume akabata hwahwa hwake uyezve akapfeka nhumbi yebhuruu nejini ruva repepuri.
ID_IZARIE,Mureza wenyika inonzi dhominika. Mureza uyu une zvikamuzvina zvine ruvara rwegirinhi uyezve yoita mitsara ine mivara yeyero mitema nemichena. Pakati payoine denderedzwa ritsvuku rine nyeredzi dziri mukati dzine ruvara rwegirini neshiri.
ID_JADHES,Ndiro ine zvokudya zvinosanganisira mupunga uye nyama yemombe yakatsvukira. Parutivi pane imwe ndiro yegomba.
ID_JBDFJJ,Awa pe eza lokolo eza na balabala nazomona mutuka moko lokola zei ezali koleka nazomona pe na pancarte moko ya emtien.
ID_JCDLVE,Awa tozali komona bazali kolakisa biso ndako moko ya etage ezali na langi oyo ezali ya mosaka na pembe kasi tomoni ekoki na yango oyo babengi portail ezali ya mwindo kasi na cloture ezali ya pembe tomoni na bafololo ezali pembeni na yango.
ID_JCQMTM,Dzimba idzi dzine marata matsvuku. Dzimba idzi dzakachengetedzwa nemudhuri. Mudhuri iyi ndeye kirimu. Kumberi kwedzimba kune gunga.
ID_JCUBGG,Na elili oyo nazomona bazolakisa biso etaleli ya libanda esika bazolakisa biso fololo na kati ya ekolo esalema na nsima.
ID_JCXYBZ,Mukomana akapfeka hembe chena nemudhebhe webhuruu neshangu chena akabata bepa dema arikufamba achienda nekune mvura. Akafuratira chivakwa chine ruvara rwebhuruu. Nemukomana akamira akapfeka tisheti ine ruvara rwebhuruu ine maoko mapfupi. Pane munhu akagara pasi ane hembe ine ruvara rutsvuku.
ID_JDBNBJ,"Musikana wakamira. Kumusoro wakapfeka hembe ine mavara akarerekera kuruvara rwechisoja. Ina mavara matema, mavara akarerekera kugirini namavara machena. Kuzasi wakapfeka mutirauzi wakabharuka mumabvi. Mutirauzi uyu une ruvara rutema. kumakumbo wakapfeka shangu mapatapata ane ruvara rutema nechepamusoro necheparutivi une kasimbi kane ruvara rwesirivheri."
ID_JDMXJQ,Mapundo akamera akawanda chaizvo anoratidza kuti ndeeruvara rwebumhudza uye ndeerudzi rumwe chete. Panoonekera sekuti pane panga pachisakurwa pachibviswa mapundo iwaya asi kuti achakawanda ari pasati abviswa.
ID_JEKZXG,Awa namoni balakisi biso basaani oyo babombaka biloko na kati na mesa.
ID_JFEGKS,Murume mutsvuku ari pambozhanhare yake. Akapfeka chikabudura chitema uye shangu dzerudzi rwematenesi dzisina mushinda. Murume uyu arikufamba mumugwagwa achipesana nemota chena.
ID_JFHUZS,Pineu mibale ya motuka etoboki.
ID_JGYBLF,Mapushi erudzi rwepfumbu maviri rimwe rakatsika rimwe erudzi rwepuma. Arikuratidza kusakara asi akachena zvawo. Akagara pasi perudzi rwepfumbu nemitsetse mitema.
ID_JHGCDD,Nzvimbo ina maruva akawanda ana mashizha akasvibirira. Murikubudikira munhurume mumwechete akapfeka hembe yebhuruu nemudhebhe wakasvibirira. akabatawo ngowani nerumwe ruoko rwake ine ruvara rwakasvibirira.
ID_JHHVQW,Musasa wekutengesera wakapfurirwa nemapurasitiki matema Uri parutivi pemugwagwa wetara. Mumugwagwa mune munhu arikufamba uye pane tambo dzemagetsi dziri kufamba dzichitevera mugwagwa.
ID_JIMMLA,Eya namoni batata mikolo ya mindele bafandi esika moko bazosolola.
ID_JIWBNE,"Awa namoni eza ba sapato ya basi, ba sapato mingi eza kitoko penza namoni eza na ba langi mingi ba langi ya mosaka pe ba langi ya moyindo nde namoni yango."
ID_JKLYVJ,Zvishongo zvemumaoko zvakasungirirwa pamucheka. Pane wachi yakakura ine pamusoro pegoridhe. Yakashongedzwa mukati nechinhu chinenge rize nechimwewo chiri kurutivi rwerudyi. Ine bhandi rebhurauni. Poita chimwe chishongedzo chitema chine pamwe pogoridhe. Zvishongedzo zvakanaka nekuti zvinowedzera vadzimai kunaka uyewo zvinoenderana nebhutsu kana mabhegi avanenge vakapakatira.
ID_JKWHQU,"Vanhu vari kufamba mupevhumendi uye jurahoro, miti dzakareba, mashizha emujakaranda akadonhera pasi, zvigubhu zvakadonhera zvakare pasi, mopu."
ID_JLJRGG,Panzvimbo pane mishina inoshandiswa kugadzira migwagwa ine ruvara rweyero. Pane dzimba dzakapfurirwa nematenga matsvuku uye nzvimbo iyi yakakomberedzwa nemudhuri wakavakwa zvakasimba.
ID_JNBDOP,Sango rine sora rakaoma nemiti yakasvibira ine mashizha egirini. Rakakomberedzewa newaya ine mapouro esimbi machena uye miti midiki.
ID_JODRQI,bendele bendele yango ezali bendele eza na langi boye ya bozinga eza pe na langi ya motane kasi yango bendele oyo ezali bendele ya mboka oyo nayebi te.
ID_JPKLRV,Esika nazali komona awa nazomona eza balabala bato ebele bazali koleka na balabala yango mpe nazomona eza lokola balabala yango epanzana nazomona basalite nazomona banzete kweyi nazomona balabala yango ekuti koloba te eza nzela moko mwa mawa mpenza.
ID_JRCNAR,Musoro wemunhukadzi wakarukwa uchishandiswa vhudzi rake rokuzvarwa naro rine ruvara rutema rareba zvokurembera kugotsi. Akarukwa achivhurwa mitsara mitsara ichirukwa kubva kuhuma ichidzokera kumashure ichindosiwa yakarembera.
ID_JRCNKZ,"Awa namoni eza drapeau drapeau wana eza na trois couleur, couleur moko eza ya pembe, ye mosusu eza ya bleu na mosusu eza ya verte nde nazomona eza drapeau ya pembe."
ID_JSLETR,Nzvimbo ina matombo tombo nemiti. Miti iripo inoratidza kuti haina mashizha angori matanda akamira ane ruvara rwakachenerukira kwoita mazitombo akazara ane ruvara rutema neruvara rwakachenerukira.
ID_JTAVKT,Bato ebele bazali esika matanga ezali sanduku ya moto akufi ezali wana liboso moto moko azoyemba asimbi mikro na maboko oyo ematisaka mongongo ya moto.
ID_JTZFPP,Awa tozomona ezali loboko loboko yango ezomonaa neti eza loboko ya mwasi pe mwasi yango aza mwasi ya libala mpona lisapine ya mibale alati lopi to ezolakisa ete aza mwasi ya libala.
ID_JVFLIH,Mukati memotokari inoratidza kuti itsva. Ine zvigaro zvine mavara matema neegireyi. Mune mabhandi anochengetedza vanhu kubva munjodzi. Parutivi payo pane ruva guru rine mashizha egirini.
ID_JVWWXY,Mhando yenyoka inonzi anakonda. Yakazvimonerera pamuti. Iri pedyo nemvura. Nyoka yacho ine madododo matema asi ine ruvara rweyero.
ID_JWAFPP,na photo oyo nazali bongo komona loboko soki totali malamu ndenge manzaka eza milayi ezali bongo loboko ya ndeko mwasi asimbi na loboko naye molangi ya mokie pene bakomi na molangi yango ezali bongo mafuta ya basi ya kumipakola na nzoto
ID_JXEBBV,Temberi imwe chete ine mudhuri mutsvuku. Pamusoro pawo pane chikwangwani chakanyorwa chichena chine mavara matema. Pamusoro pane denga remarata.
ID_JXFHBA,Shangu yerudzi rwetenesi iri imwe chete ine ruvara rwebhuruu neruchena pamberi pacho yakasungwa netambo.
ID_JZOPGC,Musikana wakarukwa zvakanaka zvinonwisa mvura. Nechemuuzasi akarukwa madhiridhi achitina manama nemusoro. Nechekugotsi anosvika achinoungana kuita hata. anobva anorembera achienda kumumwewashure.
ID_KAXPYS,bilili oyo nazali komona awa nazomona ezali bongo mesa likolo ya mesa yango nazomona ba sahani sahani moko ezali bo na mbisi ya mayi sani mosusu namoni ezali na ndunda pe sani mosusu kuna namoni pe batiye mapa nakati
ID_KCSMOL,Vanhu vari munhandare varikutamba mutambo webhora. Panoratidza kuti pane timu mbiri yevakapfeka zveyero kumusoro nevakapfeka zvebhuruu. Akapfeka zveyero ane bhora raari kuda kuedza kuti amhanye naro kuenda kunomwisa. asi pane mumwe akapfeka zvebhuruu ari kuedzawo kumhanya kuti amovharidzire. Pane vakagara varikuona zvirikuitika nechekumberi.
ID_KCUAHT,awa namoni bolakisi biso batu oyo bazosala sport ya vole baza bana masi balati culotte
ID_KDCLWN,Mopu imwe chete iri pasi. Ine ruvara rutsvuku negireyi. Ine mubato mutema.
ID_KDXEAT,Elili oyo ekolakisa elili na kati ya bilili na kati ya bendela bendela ya balangi ya mosaka nzela ya mosaka na likolo nzela ya pembe leki nzela ya mwindu na se pe ya mosaka na kati ezali elili ya maboko mibale ya motane esimbi maseke na bikoti ya motane pe mosaka.
ID_KGNJCZ,Musoro wemunhukadzi une vhudzi rakasungwa zvakanaka. Vhudzi iri riri kusungwa zvipundu zvipundu richibva kumberi richidzoka kumashure uye bvudzi racho rinoruvara rwebhurauni riri kuonekwa nechekure asi pasi paro pane ruvara rutema.
ID_KHKIOB,Tsoko shanu dziri kubudikira mujinga memuti une midzi yakabudikira yakakura zvikuru. Shoko idzi dzine ruvara rutema neruchena kumeso kwadzo nekumusana. Dziri mumahuswa egirini.
ID_KHNWAX,Ezali sapato ya mobali sapato yango eza na se yango kasi yango sapato yango eza na langi ya pembe eza pe na langi boye eza neti ya sikabo kasi sapato yango eza na nosika.
ID_KITUNQ,Motokari iri kufamba iri mumugwagwa mukuru uyezve yadarika nepane bhiriji rihombesa rine marambi akawanda machena neepepuru.
ID_KJKKHS,Awa namoni bato ebele batelemi na ndako pembeni ya motuka nayebi te bato sala nini.
ID_KJPMTZ,Awa tozali komona ezali esika oyo mabele ekweyi ebukani esika oyo babenga erosion tomoni bato mingi bazali wana bazali kotala ndenge nini mabele ebukanaki bazali kokamwa bazali kokamwa mingi.
ID_KJVWAL,Uyu mudziyo uyu tinoshandisa kutesita zvinhu zvedu zvese zvemagetsi uyezve uri mukara yeredhi uyezve una manhamba aripo pauri mudziyo uyu.
ID_KMVRGB,Rusero rudiki runa makotopeya mana namabhanana erudzi rwemadiki nepaine apuro yakasiiwa chekumuromo chisina kubviswa. Zvakarongedzwa zvakanaka. Zviri patafura repuranga zvinoratidza kuti zvinhu izvi zvichiri fureshi kunze kwemabhanana aakuratidza kuda kusvava nekutsva pane mamwe mativi.
ID_KNAKMY,"Mafirizhongo chikafu chakabikwa nemuto unoshamisa uye unouye murika. Chinoti nyama, magirini, mambatatisi nezvimwe zvakawanda wanda zvakasanganiswa ipapo kudya namambo."
ID_KNYOLJ,Ezali alimentation kote batekisaka babiloko kolia.
ID_KPHGHG,bele ezali na langi misato langi na likolo ezali na langi ya mosaka na katikati ezali na langi ya pondu na se ezali na langi ya motane katikati ezali na minzoto moko ezali ya langi ya pembe.
ID_KQDYTS,Mudzimai arikufamba mumugwagwa. Wakapfeka hembe ine maoko marefu. Hembe yake ine ruvara rweyero neruvara ruchena neruvara rutema. Mumaoko akapendekera bhegi rine ruvara rutema. Mumusoro ane dhugu rine ruvara rutema zvakare.
ID_KQOSNA,Batanaimo inzvimbo ine zvitoro zvakawanda zviri mairi. Chimwe chezvitoro chiripo Itvisels. Pane motokari mbiri chena nenhema dzakamira pamberi pechivakwa ichi.
ID_KQOZUQ,awa namoni eza na bandako oyo eza pembeni ya balabala namoni na balabala eza na bamituka oyo etelemi namoni pe awa liboso ya bandako eza na bamwa mandalala moko ya kitoko.
ID_KQXUZF,Madzimai amwe arikufamba. vamwe vakagara pamusika vachitengesa jinja nezvimwe zvakasiyana. Izvowo zvinoita kuti vawane mari vakwanise kuchengeta mhuri dzavo.
ID_KRJRRI,Munhu akabata banga neruoko rwake rworudyi rworuboshwe rwakabata domatisi rwakaritsigira kuti risadonha achiri cheka cheka neruoko rwake rwerudyi. Zvichiri tifungidzire kuti pane zvaari kubika uye ari muimba yekubikira.
ID_KTMEGI,namoni awa eza na stade ya baskete namoni bana mibali bazo beta basket.
ID_KTXNJJ,a na ngai nazomona ndako moko ya matiti na kati na yango nazomona bato bafukami bazo sambela.
ID_KTZGRZ,Nzvimbo inodzidza vanhu nezvekucyaira motikari. Pane madhiramu aripo akarongwa uye pane mota chena irikuratidza kuti ine munhu mukati. Madhiramu aya anoshandiswa kuti vanhu vadzidze kupinda pakamanikana vasingakwesherani nevamwe. Uyewo pane imwe mota nhema inotori pakati pemadhiramu chena irikuratidza kuti yabuda mumadhiramu.
ID_KUAFOJ,Miti ine mapazi akawanda uye mashizha egirini. Pasi pane zvidhinha zvakakomberedza majecha machena akaunganidzwa okuvakisa.
ID_KVBDQL,Mwana mudiki wakabata sumburena yebhuruu kunze mukati ine ruvara rwesirivheri. Mumakumbo mwana uyu wakapfeka mapushi eruvara rwenhundurwa. Nechekumusoro wakapfeka hembe ine mavara mavara. Une chikabudura chebhuruu.
ID_KVDOAK,na bilili oyo tozali bongo komona photo ya libota libota tozomona ndeko ya mwasi ya mokolo oyo akoki kozala maman na bango asimbi mwana moko ya mwasi pe pembeni naye tozomona mwana moko ya mobali ya muke
ID_KVEFCF,Liboso na nga awa namoni bazwi kamwa insecte nde baolakisa biso awa batika yango likolo ya tapi po tomonaka yango malamu.
ID_KVLQAJ,Liboso na ngai nazomona eloko moko ya kitoko mingi likolo na yango namoni bakomi na monoko ya lopoto becon papaya.
ID_KWGXEV,Masofa akagadzirwa namatanda. Ane matanda ane ruvara rutema neruvara rwakachenerukira. Nechepamusoro pawo ane ruvara ruchena. Masofa aya anoratidza kuti akanaka uye anoyevedza kuona akagadzirwa zvine unyanzvi.
ID_KWONMZ,Awa namoni eza na batata ebele oyo batelemi esika moko na kati ya kilasi namoni liboso na bango eza na mwa mesa oyo eza na babuku na mwa molangi ya mai likolo namoni batata yango balati ndenge moko eza neti baza bazuzi na mwana mobali moko oyo atelemi katikati na bango.
ID_KXHRFU,Na foto oyo na moni balakisi nga awa eza ba joueur batelemi na kati ya terrain bali ko kanga bango foto pe balati bilamba ekokani me oyo ya liboso teko oyo alati bilamba ya langi ya mosaka.
ID_KXUYAU,Mugwagwa usina tara uri mudhorobha. Mugwagwa uyu wakanangana nechitoro chinonzi Farm  City. Kunze kwechitoro ichi kwakapakwa motokari zhinji dzine ruvara rwakasiyana.
ID_KXVLRC,Na elili oyo nazomona esika bazolakisa biso motuka motuka eza na langi ya mobeso bafongoli na nsima esika nazomona ezali na masaki ya gitungu mibale.
ID_KYQFZI,Ba carton ya bakaye ya ba farde calate babik ya koteka mpona bana ya kelasi.
ID_KYRBIL,Foto oyo elakisi biso na kati ya ndako moko ndako oyo eza ya kitoko mpenza pe eza ya pembe na ndako oyo namoni mwana mwasi ya moke avandi likolo ya mesa pe pembene yango asimbi mwa televizio moko ya monene.
ID_KYSXGP,Ndako oyo ezali na porte ya moindo pe mwana moko atelemi liboso ya lopango oyo na kati ya ndako wana likolo bakomi makomi ezali na langi ya mayi ya pondu.
ID_KZHIEW,Muti uri mudondo pane mauswa nerukato. une hunde mbiri zasi wakabatana kumusoro une mhanda dzakawanda wakatemwa mwamumatavi kukasara matete. Kuruboshwe padavi rakatemwa pane gomarara rakamera rine ruva dzvuku.
ID_KZOKGB,Awa nazali komona biloko oyo basalelaka na bilanga babengaka yango kongo pe kuna na liboso na moni mwa bilanga baloni biloko lokola ba chu eza komonana kuna liboso.
ID_KZSWED,Chikoro chakakura zvikuru chine makirasi romo akawanda zvikuru uye chakavakwa chine ruvara rweyero uyezva midhuri yayo yakarongwa iri nemutsetse uyezve chikoro ichi chakapoteredzwa newaya.
ID_LBCZYP,Awa eza kiti nazomona esika ya batuko nini ya kya kolekisa ngonga ntango basilisi nzomi oya bofandi omeli eza na bakiti babongisi eza bakiti oyo basali yango ya mabaya eza na langi ya chokola.
ID_LBHOTH,Nzvimbo ine zvitsvina pane vanhu vakamira nevamwe vakagara. Pane mumwe akazembera chingoro chakabheurwa. Pari pane rori iripo ine ruvara ruchena nekamusara katema padivi kakanyorwa nemavara machena.
ID_LBNNVO,elili oyo nazali komona awa nazali komona ba kiti ya kitoko oyo batu balingaka mingi kotia na sima ndako to esika batu basololaka libanda tomoni pe esika yango bakiti ezali ebele
ID_LBOBOR,mai eza penepene ya zamba na kati ya mai eza na banzete na matiti banzete yango eza na kasa eza na lange ya pondu matiti yango pe eza na bakasa eza na langi ya pondu matiti moko eza ya kokauka matiti mosusu eza ya mobeso na loboko ya mwasi ya mai oyo eza na zamba.
ID_LBPCDU,Murume akazembera pasimbi ine ruvara rweyero. akapfeka hembe tema netarauzi rejini. Pamberi pake pane murume akagara akaisa masiki pamuromo akabata mari muruoko rwerudyi. ruoko rweruboshwe rune wachi uye ari kutengesa mamasiki.
ID_LBUPDF,Bandeko esika tokomi awa naomona baolakisanga na misu na ngai eza esika oyo batekisaka babiloko ebengami na monoko ya lingala bambabola naomona awa eza bambola oyo babongisaka yango na bamanzanza.
ID_LCANJA,buku ya bana-kelasi ya mitano ezolakisa bango kotanga mpe kokoma.
ID_LCIVIO,Loboko ya motu esimbi karto ya kisi carto ya kisi yango eza na langi ya bozinga na makomi eza na langi ya mwindu na mosaka na motane na moni bakomi na kisi yango diklofenac eza kisi ya komela mpona kosoagne ba maladi.
ID_LCVUBW,Na bilili oyo twali komona awa balabala amoni ndeko moko azotambola na balabala oyo amoni bamituka namoni ba nzete ya molayi namoni pe bandako moko ya molai ya kitoko.
ID_LDWRZZ,Mukati mechitoro mune zvigubhu zvemizera yakasiyana zvakadurikidzana zvezvinwiwa zvakasiyana siyana. Parutivi pane munhurume mumwe chete akamira akazembera pachidziro.
ID_LEPTJM,bilenge mibali bazosakana bale ya match na kati ya stade bato ebele bafandi na stade bazotala bango.
ID_LFETUG,Namoni na kati ya ndako moko boye mwa mesa eza na bamwa biloko likolo na yango namoni bamwa beteni peteni ya bamwa mbala oy ya sokali na kati ya sani ya monene pe namoni bapondu na basani ya monene pe na bamwa biloko oyo ebele ya kolia monani baza kozela batu ba ya kolia pe eza mwa eyenga moko boye.
ID_LFOMIT,Muguta reHarare. Munhurume arikufamba akaisa maoko muhomwe aine kepesi uye masiki. Motikari ichena. Motokari dzirikufamba mumugwagwa. Denga rine makore.
ID_LFZTDM,bilili oyo bazali kolakisa biso awa ezali bongo na se ya mayi bakamataki poto oyo nase ya mayi pe nase ya mayi yango tozali komona nkoba nkoba awa zali nkoba ya mayi eza nkoba ya zamba te
ID_LHDEEV,Nhundurwa dzine mavara ezerere netuchena hadzina kuibva. Dzimwe dzacho dzakachekwa kuitwa madenderedzwa matatu.
ID_LIEJMC,Hembe yechikadzi yakareba ine ruvara rutema nezvinohwinya zveruvara rwakasiyana siyana. Irikutengeswa muchitoro nedzimwe hembe dzakananikwa. Pane mabhegi akananikwa nevhiri remota riri kuoneka kushure.
ID_LIOGPY,Ba mapapa ya sika oyo ya bana basi namoni eza na balangi ekeseni namoni eza oyo eza na langi ya mosaka mosusu eza na langi ya pembe mosusu eza na langi ya moindo na mosusu pe eza na langi ya chokola eza esika oyo bazotekisa yango.
ID_LLASDQ,Nzvimbo ina vanhu vakasiyana siyana varikufamba. Vamwe vakapfeka hembe dzine ruvara ruchena koitawo vamwe vakapfeka hembe dzine ruvara rutsvuku. Nechekurutivi kunoratidza kuti kune zvitoro.
ID_LLFEAD,Tsuro dzakati wandei dziri muchirugu chakagadzirwa nemapuranga uye nefenzi. Muchirugu umu mune mauswa pasi kuitira kuti tsuro dzigarepo uye dzisabaiwa nematanda iri pasi.
ID_LMSRXP,ako na biso oyo ezomonana ke eza kote ya libanda omona antene parabolique ela yango pe eza ya ko kauka esalongire bato baza te bana bakendeki classe.
ID_LNPWHH,Bilenge mibali babilenge mibali baza koyokola mecanique.
ID_LNYEZX,Shangu imwe yekuruboshwe pana mudiki yakavhara mberi nekumashure uye inoratidza kuti inopfekwa nguva dzechando nekuti inodziya.
ID_LPEIYY,Mwanasikana wechidiki akapfeka rokwe rake refu neshangu dzake mbiri uye akamira padhuze nechigaro.
ID_LRTXFY,Kambuyu katema karikudya mashizha egirinhi. Kane makumbo mana arikuoneka.
ID_LSWZUO,Mukomana ari mugiraundi rekutambira nhabvu. Akapfeka jezi repingi nemasokisi matsvuku neshangu dzekutambisa nhabvu dzebhureki dzine mitsara michena.
ID_LTFSXS,Ba desine mobali alati lineti bakomi ka fc eza logo.
ID_LTOEWY,Oyo eza lokolo ya sapato ya mwana mwasi batie yango na mabele ezali sapato ya kitoko mpenza ezalibatie yango na mabele na kati na yango ezali bululu na likolo eza na malangi ebele mwa ba biloko bati na likolo ya motane ya pembe ya moindo eza likolo ya sapatu ya mwana mwasi eza mpenza kitoko kitoko kitoko mingi.
ID_LUJEWA,Na moni ezali mafuta ya kopakola baza koteka go eza maa mafuta modele mingi ezali a na kati kote batekaka ba mafuta.
ID_LVPXZS,Wachi yechikadzi yegoldh. Kachinji kachunha inowanzopiwa munhu seegifti kana kuti purezienti kana kuti sechipu iri wachi yegolodi yechikadzi.
ID_LWTHMI,Ndiro chena yebhonzo yakagara pamucheka une ruvara gwegireyi uri patafura yedanda. Mundiro mune sadza jena uye mune muriwo une matomatisi nehanyanisi.
ID_LYKQXB,Ba joueur oyo mibale bazali na kati ya terrain balati bilamba ya kokokana pe eza na langi ya mayi ya pondu ezali pe na langi ya mosaka baza ba joueur.
ID_MACGWC,Zvivakwa zviri mukati medhorobha uye mune motokari dziri kufamba mumugwagwa. dzimwe dzakamiswa padivi pemugwagwa. Imwe ine ruvara rutsvuku imwe ine ruvara ruchena uye imwe ine ruvara rwebhuruu.
ID_MCNTAD,Oyo ezali drapea ya mboka.
ID_MCYHND,Panzvimbo yokutengesera pane vanhu vakawanda. Pane mai vakabereka mwana nembereko tsvuku ine mutaro mutema uye madomwe madomwe. Pane murume akabata nharembozha mumaoko akamira parutivi pemaputi.
ID_MDBXFH,Muchina unoshandiswa kusona hembe. Muchina uyu wakabatanidzwa netebhuru ine ruvara rwebhurauni. Kuzasi kune simbi dzine ruvara rutsvuku uyew muchina wachona une ruvara ruchena neruvara rwebhuruu.
ID_MDCGJE,Liboso na ngai nazomona equipe ya rdc ezobeta ndembo.
ID_MEVBOM,Eloko nazomona awa bandeko eza obele bendela ya bendela moko mpenza ya monene mingi bendela oyo namoni eza na balangi balangi minei ekeseni bendela oyo eza mpenza ya bendela moko ya kitoko mingi.
ID_MEYEQA,Awa nazomona eza lopango sikoyo ba dekore yango nazomona pe bafololo pe eza wana bafololo eza na langi mai ya pondo.
ID_MFQGCD,Nazokomona buku buku yano eza ba desine na bana couverture nayango eza bato misatu moko ya suki ya mosaka msu na suki ya moindo mosusu aza na ba tredre.
ID_MGDHTX,Elili oyo ekolakisa nzela ya monene ya gudron na kati ya zamba nzela eza na milongo ya langi ya pembe bato baza na loboko ya mwasi bakoleka na loboko pe ya mobali bato bazwa koleka na kati ya zamba monene.
ID_MHRFHJ,Varume nevakadzi vane mizera yakasiyana vakamira panzvimbo ine masimbi inoratidza kuti inogadzirwa zvinhu zvakasiyana zvinogadzirwa nesimbi zvinosanganisira magedhe epamajurahor. Masimbi anoiswa pamafafitera kuti bavha dzisapinda zvinyoro nezvingoro zvinotakurisa zvinhu mutauni.
ID_MHZXZI,Kopo ya jus eza na langi ya motane.
ID_MJJIBY,Mudziyo unoshandiswa kana uchida kugeza mazino. Mudziyo wacho uyu wakanakira pakuti unogona kuisa bhatiri wotokwecha mazino iwo usingafambisi.
ID_MJORJS,Na elili oyo elili ezali kolakisa biso etaleli ya mosika ya libanda ya esika ya botekisi na esika yango nazomona ezali na bilembo bilembo ya botekisi esika bakomi na monoko na lokota ya bopaya wewe.
ID_MJSRCG,Awa nazomona bana mibali bake kosala sport balingi bakende kosala sport na moni balati bilamba ya sport bana mibali ba mosusu batelemi bamosusu bavandi.
ID_MJZITO,Awa toza komona baza kolakisa biso tomoni esika moko banzete ezali mingi na bafololo na esika baloni bafololo kasi kuna liboso kuna tozo komona ndako moko ezali ya etage moko kasi ndako yango ezali mpenza kitoko mingi te ondire ezali ndako moko babengi na lopoto ya bandone oyo bato batika bafandaka lisusu na kati te nde yango wana tozali komona.
ID_MKIPOE,Bhora rakagadzikwa panzvimbo ine uswa hune ruvara rwegirini nemavhu akawandisa. Pane mashizha embanana akaoma akadonhera pabhora iri. Bhora iri rine ruvara rweyero neruvara rweyepuro.
ID_MLEGVG,E awa namoni toza na kati ya sale monene namoni eza na bato oyo basimbi bambonda na makolo bazobeta eza na bana basi na bana mibali namoni pe mosusu azobeta lindanda bango tu balati ndenge moko.
ID_MMIEEU,Nazomona na elili oyo bazolakisa biso bileko ya bilei nazomona ezali lokola motekisi atie bileko ya bilei ya kolia po bato bayo kosomba.
ID_MNHJZF,Muti uri pakati pamatombo makuru maviri rimwe riri parutivi. Une mashizha maduku egirinhi.
ID_MNKDTM,Nzvimbo iri kutengeserwa mhando dzefoni dzakasiyana. masitai foni akanyorwa pazasi. uyewo foni dzakarongedzerwa muzvinhu zvemagirazi kuti vaone. Kutengesa zvinhu zvakadai zvemhando dzakasiyana kwakanaka nekuti vanhu vanoya vachitsvaga zvavanoda chaizvo uye vanhu varikutengesa vanotowana kurarama uyewo varikutengesa ipapo vanowanawo mabasa vanopihwa nevaridzi vezvitoro.
ID_MOIEXY,Ba motoka minene oyo ekangi nzela te kasi kuna mosika antene ya molayi eza nde tour de controle epi awa tomoni ba contenel etelemi pembeni ya motoka oyo.
ID_MPUFTN,na bilili oyo tozali komona awa ezali bongo kabati pe kabati yango tomoni ezali libanda ezali bongo na kati ya ndako te pe tomoni esika ezali batiyango likolo ya matiti
ID_MQDJDC,Ba mafuta oyo eza ebele awa eza ya kopakola mwasi oyo atiaka yango na motu ba mosusu ya kopakola ba mosusu ba parfum na milangi oyo.
ID_MQICOY,Chuma nemhete yemumaoko zvakapfekwa mumuoko. Mhete dzemumaoko dziviri dzine ruvara ruchena koita chuma chemumaoko chine mufananidzo werudo wakarembera pauri. Chakabva mufananidzo uyu wakabva wanyorwa namavara matema. Chuma chemumaoko chine mabhora zvakare ane ruvara rwepingi nemabhora ane ruvara rwesirivheri.
ID_MRAIGA,Na elilio ezali na kati ya ndako ya botangi bana kelasi bakotanga balati pe milato ya ndenge moko ya boziga mokanda eza likolo ya mesa bakolandela ndenge bakosala na bisalisi na bango.
ID_MRGPUB,Vanhu vakawanda vakamira mumutsara. Vari pamagirosa. Mumwe wavo munhukadzi wechikuru mumwe chete akagara pasi. Pamberi pake pane bhaketi richena.
ID_MUWHHA,Awa na moni eza esika basalelaka politiqe liboso na ngai nazomona mokonzi moko atelemi sima na ye koza ba mbila mibale oyo bazokengela ye.
ID_MUYVGV,Kisi eza na langi ya pembe motani pe mbwe na bozinga.
ID_MVMHDG,"Pamufananidzo pane midziyo yakasiyana siyana yekushandisa muimba yekubikira. Midziyo mizhinji ine mibato ndirikuona banga, mugoti wekubikisa sadza, mugoti wokubikisa muriwo neimwe midziyo ine mibato yepuranga."
ID_MVOEEV,Foto oyo nazomona awa na miso na ngai eza obele koza mwa ndako moko ndako oyo eza ndako moko ya monene mpenza bandeko epi nsima yango pembeni ya ndako oyo naomona eza obele nzete moko eza pembeni awa.
ID_MVWCPO,Mvuu mbiri dziri mumvura. Imwe inoratidza kuti ndiyomai imwe imwana nokuti iduku. Dzine ganda rine mavara ebhurauni nematema.
ID_MVXHMA,Awa tozali komona wana basi mibale moko azo kokanga suki ya mosusu asalaki yango modele ya kitoko mpenza.
ID_MWGZPD,Mashini oyo batie awa eza mashini oyo ebimisaka poussiere na ba biloko ya electronique soki neti biloko electronique ekoti poussiere eloko oyo esalaka mpona kopepola yango.
ID_MWLIFS,Shangu yeruvara rwedenga rwakasvibira. ine ruvara ruchena muzasi neruvara rwegoridhe kumasure rwakanyora kuti puma uye ine tambo dzisina kusungwa dzakasimukira pamusoro peshangu.
ID_MWXPLB,Makanika arikusungasunga motokari ari pasi payo achishandisa zvipanera zvekugadzira nazvo motokari.
ID_MWZVRV,"Zvinyoreso zvemavara zviri pasherufu. zvakadurikidzana. Zvine mavara anoti, yero, pingi, girinhi neorenji."
ID_MYASSN,Foto elakisi biso na kati ya ndako moko boye na ndako oyo namoni mobali moko atelemi na ye likolo ya eloko pe aza kopakola mwa langi na ndako oyo pe alati mwa single.
ID_MYATCF,Varume nevakadzi vakapfeka hembe dzekudzanisa. Vakamira pasora rakasvibira rakachekererwa zvakanaka. Vane majakazi mumakumbo uye vakapfeka mbikiza nehembe tema. Pane mumwe ane rogwe jena akapfeka zvakasiyana nevamwe.
ID_MYSUOX,Apa papati uyezve parikuratidza kuti pakarongwa macheya nechivhiti vhiti. Macheya aya akaiswa mucheka muchena uyezve pakarongwa kapeti pasi yegirini.
ID_NANEDK,Pane shangu mbiri dzine ruvara rutema dzakaiswa masvokisi ane mavara akasiyana siyana mukati madzo. uye dzakatsvetwa mumba makaiswa ruware ruchena.
ID_NBXFCB,wa naomona na balabala camion etelemi na balabala camion monene ya pembe na mopanzi kuna na komona eza ndako.
ID_NCTBDJ,Pazasi pezambuko apa pazere miti yemujatirofa. Mujatirofa unomera pane mvura. Pane mapepa akawanda ayo akasvibisa nharaunda.
ID_NCTMCH,Awa na moni eza na kati ya ndako liboso na ngai nazomona saani moko ya pembe na motane na kati ya saani nazomona bambuma moko ya kitoko oyo na monoko ya poto babengaka papai.
ID_NDLOUL,Oyo moto asimbi sani eza na biloko ya kolia eza pepe supe eza nyama basangisi na ndunda bati pe ba pilipili ba pepi mibale eza na langi ya mosaka na nyama yango pe eza ya kotokisa basangisi yango na ndunda eza elengi boye.
ID_NDMSAY,Shangu mbiri dzakanaka kwazvo dzine ruvara rutema. Dzakavhurika mberi nekushure uye dzine tambo yakakora pamberi kuitira kubata gumbo dzinopfekwa nevanhukadzi kana vanhurume.
ID_NEFGZN,Zvibhodhoro zvakawanda zviri pasi zvemizera yakasiyana. Pane zviduku poitawo zvihombe zvine ruvara rutema nemivharo michena. Ndezviya zvine mishonga inoshandiswa pamishina yakaita seyekudhinda mapepa kana imwewo mishina inoshanda namapepa.
ID_NEMBWZ,Varume vanoratidza kuti ndevemutambo. Vakapfeka nguwo dzakafanana dzine ruvara rumwe chete ruchena nezvitema. Vakapfeka shangu dzakasiyana siyana. vamwe vakamira vamwe vakakotamira.
ID_NHJQMJ,Chitoro chekutengesera hembe chine madziro egirazi anooneka zviri mukati. Mune zvidhori zvakapfekedzewa hembe dzavanhu. Chimwe chidhori chidiki chakapfeka dhirezi remwana repingi.
ID_NIXPQE,Mbeto batandi ba dra ya pembe pe na ba cusin na tapi ya langi ya motani esangani na langi ya chokola fololo na mesa ya liboso awa pe na mopanzi kuna fololo na ngolomani na nsima ya mbeto yango na langi ya mosaka batie pe bilei na plateau ebiloko bazwaka ya kolia na tongo.
ID_NJUTWH,Midhudhudhu iyi yakarongedzwa zvakanaka. Pamberi payo yakachengetedzwa necheni iyo yakapendwa zvitsvuku nezvichena.
ID_NJZYRN,Na elili oyo nazomona bazolakisa biso bato ya mibali ebele balati bango nyonso ndenge moko bazokende.
ID_NKDDHC,Na balabala taxi bus na mopanzi na langi ya pembe pe na langi ya pondu awa mibale mibale ba kobenda pusu mobali ya liboso alati ka butula ya langi ya bozinga ya pete pe likolo motani na ekoti ya pembe esangani na bozinga mosusu alati mwindu mwindu pe na ekoti ya pembe liboso kuna pe mituka na mopanzi bandako.
ID_NKKWME,Motokari dziri mumugwagwa. Dzimwe dzakatakura vanhu dzakazara dzakavhurwa mabhutu. Dzimwe dzakavharwa si dzirikufamba nemarori namagonyeti namamotabhaiki. Zvose zvisiri kufamba zvakatakura vanhu.
ID_NMFAKL,Na kati ya sale bato ebele basangani ba cameron mpona kolanda formation moko mpona babakutani.
ID_NNEJUC,Vanhurume vana vakabatana maoko vakamira vakapfeka nhumbi dzekutambisa mutambo. vakapfeka shangu nemasokisi zvakasiyana. Vakamira vakasanganisa maoko avo pamwechete vakabatana varikuratidza kuti vari kutorwa mufananidzo. Nechekurudivi kune miti yakawanda iriko nezvivakwa zviri nechekumashure. Pavakamira pane uswa hwakaoma.
ID_NNNBWD,Nzvimbo ine uswa namarara. Ine zvimiti miti zvakangorara pasi. Zvimiti izvi zvine ruvara rutema neruvara rwakachenerukira. koita zvimarara zvakangorasika pese pese zvine ruvara ruchena. Uswa huripo umwe une ruvara rwegirinhi umwe une ruvara rwakachenerukira.
ID_NOGIXK,Na bilili oyo nali komona balakisi nga awa mwana mwasi aza kitoko pe aza na miso ya kitoko nali komona ndenge bakangi ye suki pe amemi ka sak na ye pembeni na ye namoni ka mwa ndako ya balangi ya motani.
ID_NPRXQR,Awa namoni balakisi biso mwa motuka moko ya monene makasi oyo etelemi esika moko e namoni eza motuka oyo ememaka babiloko ebele me namoni bafungoli yango bazobimisa biloko na kati.
ID_NQRVCV,Elili oyo eza elili ya sango namoni na se bakomi paroise catholique se jean paul de eza ndako ya nzambe oyo ya ba catholique.
ID_NRKEFH,Esika na komi awa bandeko nazomona liboso na ngai eza obele babendela babendela mibale eza awa bendela moko eza bendela ya union africaine mosusu eza bendela oyo ya mbokaa congo brazaville.
ID_NRYMLU,mwa balabala ya kitoko mpenza pe na balabala oyo namoni bato mibale namoni baza likolo ya mwa moto bato oyo emonani baza bamwa polisie namoni balati bamwa elamba na bango pe nsima na bango namoni motuka oyo eza kokende oyo babenga yango mini bus pe namoni pembeni ya balabala oyo bamwa paraplie na bamwa biloko bato baza kotekxa yango eza mwa balabala ya kitoko mpenza.
ID_NSIWDG,Murume akagara mumotokari. Motokari yakamira. Kumberi kwacho kune mugwagwa.
ID_NSLCMX,Awa namoni eza esika oyo bazotekisa ba mafuta ya ndenge na ndenge ya bana basi na ya bana mike.
ID_NSYLRD,Awa nazomona mwasi asi moko boye azolakisa suki na ye nazomona suki na ye bakangi ye suki ya maboko bakangi ye suki na ye ya naturele azotala na se.
ID_NTGLVW,Eloko nazomona awa liboso na ngai eza eleko oyo babengaka eza mafuta ya bana mike ya ba bebe ya kopakola na nzoto ya mafuta moko ya kitoko vrema mpona babebe sikuna molangi yango pe namoni koza foto ya bana mibale batolovide balati eloko te likolo eza babebe.
ID_NTGXTG,Elili oyo na moni liboso na ngai namoni basi mibale batelemi balati kitoko pe balati bamwa biloko ya matoi oyo babengaka ngo na monoko ya lopoto ba biju pe namoni moko aza na mwa sak me na loboko pe barobe na bango eza na balangi oyo ya bozinga batelemi pe kitoko mpenza.
ID_NTYPHW,Bana minei baza place moko mibale bavandi na kiti moko mibale batelemi mwana moko alati elamba ya likolo ya pembe akangi maboko ye aza mwana mwasi na nsima na bango ba matiti ya langi ya mai ya pondu.
ID_NUNSVE,"Midziyo yakasiyana siyana inoshandiswa muimba yokubikira. Yakaiswa mubhodhoro. Mune zvipunu, mune mugwaku, mune musika wakagadzikwa nesimbi yerudzi rwesirivha mune mugoti zvakare."
ID_NUOSCF,Shiri ine ruvara ruchena muviri wese iri mudendere. Inoratidza kuti yakafuratira vana kana mazai ayo. Parutivi pana masora akasvibirira.
ID_NWLPMF,Na foto oyo nali komona balakisinga eza carton ya kisi ya komela batiango likolo ya mesa te nali komona balakisi nga awa.
ID_NXAUAF,Awa tozali komona elenge mobali ya telemi abetaka ndembo ya makolo tomoni alati ba uniforme na ye oyo ezali ya mayi ya pondu tomoni atelemi na terrain.
ID_NXLUAE,Bhiri rekuisa pamotikari rakagadzikwa riri rega. Rine ruvara rutema nesirivheri pakati uye rakanyorwa nezvichena. Rakagadzikwa pamusoro pechinhu chine ruvara rutema nesirivheri uye pasi paro pane mataira akatsinhana zvakanaka.
ID_NYOCNO,Munhurume nekadzi varikuteverana. Munhukadzi akabereka mwana kumusana netauro rine ruvara iri mitsetse michena nezvitsvuku. Pamberi mumwe makapfeka nhumbi ine maoko mapfupi eruvara rwebhuruu neekuzasi bhurugwa rakareba rine ruvara rwebhuruu.
ID_NYWGFD,ekesi bazotekisa biloko oyo oyo bana basalisaka eza biloko ya bana-kelasi ekoyeba te ezali na langi ebele eza na langi ya bozinga eza na langi ya longondo eza na langi ya lilala eza na langi ya motane eza biloko ebele boye.
ID_NZNZDT,Na awa na moni balakisi nga maindi eza na kati ya nzete na yango pe eza maindi ya kitoko eza na ba langi ya mosaka pe na ba pembe pembe na nzete na yango eza na ba langi ya pondu.
ID_OAGKDL,Liboso na nga awa nazokomona eza parfum moko bakomi nayango scenario pui bakomi pe losho parfum.
ID_OAGTZM,Musikana mumwe chete wechidiki arikufamba achidya muchero wechitema. Musikana uyu une rokwe refu rine ruvara rutsvuku nehembe ine ruvara ruchena. Akabata purasitiki rine ruvara rutema.
ID_OCZFPU,Chitoro chinotengesa nhumbi dzemukati dzemadzimai dzakaita semabhurugwa nemabhura. Pane zvidhori zvitatu zvakapfekedzwa zvimwe zvezvinhu izvi. Chimwe chidhori chakapfeka bhurau nebhurugwa zvitsvuku.
ID_ODFKRY,Awa namoni balakisi nga likolo ya mesa oyo batie sani ya kitoko na kati ya sani oyo namoni biloko ya kolia pilipili ba misuni pe na ba legume.
ID_ODGKGY,makolo mibale ya sapatu mpona mibali eza bongo na langi ya move.
ID_OESMJN,Michero miviri yerudzi rwendimu. Rimwe chete rakachekwa nechapakati. Tichitaridzwa mukati maro omo makatsvukirira uyewo rakaibva rangomirira kushandiswa kana kudyiwa.
ID_OEWYCL,Dzimba dzakavakwa dzakabatana. dzimba idzi dzakasiyana mavakirwa dzaitwa. Dzimwe dzine ruvara rwakachenerukira uye dzidiki. Koita imwe iri kubudikira necheparutivi inoratidza kuti yakavakwa nezvidhina zvinozivikanwa kuti zvidhinha zvekubhotswana. Zvidhinha izvi zvine ruvara rutsvuku neruvara ruchena.
ID_OFMRHS,Miti dzakawanda dzemarudzi akasiyana siyana. Umwe une maruva epepuro ndewe mujakaranda. Pamberi pane bhusita remasaisai rakagadzirwa namasimbi akareba uye ane mavara matsvuku namachena.
ID_OGFYLY,Dhekodha riri pasi. dhekodha iri rine ruvara rutema rakanyorwa nemavara machena nemavara matema kuti CaNal boks. Rinoratidza kuti rakabatidzwa uye rakanaka.
ID_OIEWKO,Elenge mobali atelemi liboso ya elembo ya airtel elembo yango eza na langi ya motane na pembe ye moko alati elamba ya langi ya mosaka.
ID_OIRQQG,Mushina werudzi rwemotokari yekutimba pasi. Inozivikamwa nezita rokuti giredha. Ina mavhiri mahombe uye kumberi kwayo kune dhishi rakashama rina mazino pasi rinotakura mavhu. Rinochera mavhu namazino acho rotutira mukati richindorasira kune imwe nzvimbo.
ID_OIZXCN,Muchero wemarichi wakawisa zvisingabviri zvino ose atsvuka kuratidza kuibva achirembura matavi emuti uyu ana mashizha akasvibira zvikuru achipenyerera mukupenyawo kwezuva.
ID_OLQQKH,Zvipembere zvakawanda zvinodarika zvitatu. Izvo zvakamira panenge parutivi pomugwagwa. Zvipembere izvi zvihombe uye zvinoratidza kuti zvava zvekare. Zvine ruvara rwedota muviri wese.
ID_OMIOGO,Ba sakosi ya bamama bamemaka na maboko eza ya sika eza na zando ezotekisama basakosi yango eza ya moke na oya monene etongami na mayaka eza na balangi esangani pe ekeseni basakosi moko eza na langi ya shokola mosusu eza na langi ya mosaka mosusu eza na langi ya mwindo sakosi ya moke eza na mayaka etongami na mayaka eza na langi ya longondo esangani na pembe.
ID_OMVDDX,Awa tozali komona eza eloko babengi bare e restaurant tozali komona na kati awa baza koteka masanga ezali esika pe batekaka na biloko ya kolia kasi tomoni balakisi biso bakiti oyo ba fauteil ya kitoko na mesa ya kitoko kasi batu bazali te kasi na ndako yango ezali kitoko mingi.
ID_OMYCXL,Murume ari kusimbisa muviri wake. Akapfeka hembe yakasununguka kumusoro inosiya maoko ari pachena. Maoko ake akabatirawo simbi iri kumusoro. Nechekuzasi akapfeka chikabudura chakatsvuka.
ID_ONBGPT,awa tozali komona ba materiele wana esalaka biloko ebele ya ba construction ba elektricite tozomona ba pence tozomona ba tournevise moko eza na malangi ya moindo na motani esalaka biloko ebele.
ID_OOXOVZ,Masitrobheri matsvuku mukati memudziyo wekuchengetera mutsvuku. Sezvo nguva yokukohwa yasvika uye anotengeswa obva atengeswa mamwe achidyiwa.
ID_OPDKDJ,Balabala ya kokufa mpona mai ya mbula mai ya mbula ebeti etondi wana bato azoleka na mopanzi moto moko alati elamba langi ya pembe na likolo langi ya bozinga na se na nsima eza mama azoyaka alati liputa lange ya mosaka.
ID_OPOHQH,Vanhu vari panzvimbo inopihwa zvidzidzo. Pane vanhu varikuratidza kuti vapedza zvidzidzo saka vakupihwa mapepa avo. Vakapfeka magauni ekuratidza kuti vagira Juweta. Panewo vari kucherechedza vari pamberi.
ID_OQBYLS,"kuratiza zvima free maketi zvinotengesa bhutsu uyo arikuratidza kuti ane mapushi masendosi. Mapushi zveruvara rwakasiyana siyana yero, waiti, bhuruu. Madzimai achifamba achidarika vanhu vakasiyana siyana uyu akatobata mwana arikufamba arikudarika achiona kuratidza kuti ari kuda kutengawo zvirimo mumashopu imunhu."
ID_OQHYVU,Vanhu varikufamba panzvimbo inotengeswa zvinhu zvakasiyana. Pane munhukadzi akabereka mwana wake kumusana. Mwana uyu akasiya maoko ake ari kunze. Koitawo munhurume arikufamba akapfeka mujivha webhurauni neheti mumusoro. Varikufamba vakananga kunotengeswa zvinhu zvakawanda zvakasiyana siyana.
ID_OQJLPT,Awa esika na komi awa nazomona na miso na ngai eza e obele na wenze me wenze oyo namoni bazotekisa babiloko ndenge na ndenge na omona awa bamafuta kopakola basabuni babiloko ebele ebele vreme naomona a abasi eza na kati ya wenze.
ID_ORDZHU,Mureza une mavara maviri arikunyatsooneka. Nechekumusoro kune ruvara ruchena asi munewo makada kusvibira. Kuzasi kwacho kune ruvara rutsvuku. Hapana kamwe kamufananidzo kari pamureza uyu.
ID_ORXUPM,Mhuka inonzi garakuni. Garakuni racho rine manhenga machena. Rinewo makumbo maviri. Nechekumberi kune chinhu chakatsvuka. Garakuni racho riri munzvimbo yakaiswa fenzi.
ID_OSQUUH,Murume akabata bhora. Mumaoko ake makapfekwa magirovhosi anorudzi ruchena. Wakapfeka hembe inoruvara rutsvuku nemawoko eyero. Unoratidza kuva mubati webhora pamutambo wenhabvu.
ID_OUJCUX,Bandeko esika na komi awa nazomona bana basi bilenge bana basi awa balati ba bilamba ya biloko ya ba sportif baosakana na bango osakana football baosakana sport oyo ya ndembo ya bana basi misato.
ID_OUJOWD,Na foto oyo nali komona balakisi nga balabala pembeni na balabala namoni lupango ya pembe na kati ya lupango oyo namoni ndako ya pembe pembeni na ndako namoni banzete ya milai.
ID_OUMCAD,Varume vasere vari mukati menhandare yekutambira mutambo webhora. Umwe wevarume vasere ava urikubudikira chidimbo chimwe chete. Umwe wavo wakapfeka nhumbi dzeyero vamwe vakapfeka nhumbi dzebhuruu. Umwe wavo akapfeka nhumbi dzitema.
ID_OWIOED,Awa nazali komona camionete moko ezali na langi ya pembe tomoni mosusu ezali pembeni yango nyonso etelemi tomoni ezali na langi ya bolulu etelemi wana ezali eloko babengi parking tomoni etelemi ezali kitoko.
ID_OWPLHO,Na bilili oyo tozali komona ezali ba sangu oyo ntango ya colonisation babandaki kokolonize biso awa tobangona tomoni bazali ba sangu balati bakanzu na bango ya molai ya pembe tomoni bazali kopesana mbote na bandeko ya mboka.
ID_OXFWCP,Magirana dhira akawanda. Ndeeyero uye ane mavara egirini. Rimwe chete rakachekwa rikaburitsa zvimedu zviviri mukati maro mutsvuku uye rine mhodzi dzitema.
ID_OYEAHK,Foto oyo namoni liboso na nga na moni loboko oyo esimbi mwa molangi ya mafuta ya basi mafuta oyo ezalaka kitoko mpona nzoto ya basi basi soki bapakali yango bazalaka kitoko mpenza pe na nzoto ya sembesembe.
ID_OYPRHA,Mudzimai mutsvuku arikunyemwerera zvekuti mazino ake epamusoro ari kunyatsooneka. Akagerwa musoro achibhisa bvudzi rose. Akapfekawo zvekuti muviri wake wekumusoro unosara uri pachena.
ID_OZLILC,Awa nazomoa nazomona eloko ebengami sapato sapato yango eza sapato komona yango puma puma epi sapato yango eza ya langi ya langi ya moindo
ID_OZSILI,Vanhu vakagara vari kukurukura. Pane akamira nechepangoro. Munhu uyu akapfeka hembe ine maoko mapfupi ine ruvara rwebhuruu neruvara ruchena. Kuzasi wakapfeka mutirauzi une ruvara rwebhuruu koita vamwe vakagara pasi mumwe ane hembe ine ruvara ruchena. akapfeka nguwani yake ine ruvara ruchena zvakare. Kuzasi ane mutirauzi une ruvara rutema.
ID_PAKEML,Nazomona mai ya ebale ebale ba mabanga eza na batia na bakantine misusu eza na ba bido bakata nazomona pe moto na mai azosokola maboko na mopanzi fulu ya salete ebimaka na mai eza na mopanzi wana.
ID_PATITK,Kunzvimbo ine mvura ine rwizi runoyerera makamera mazipundo akaita mashanga anomera mune mvura nomubhanana urikubudikira kudivi rwerudyi. Kuruboshwe pasi pane marara dutu anotaridza kuti panzvimbo panouya vanhu vachirashira marara pasingabvumidzwi.
ID_PAUVNP,Zvivako zviri pedyo nemugwagwa. Zvinofanirwa kunga zviri zvivako zvinoitirwa bhizinesi Hazvina kukura. Nzvimbo yacho haina vanhu asi ine mugwagwa uri pedyo.
ID_PAZHTC,Mudhorobha mune zvivakwa zvakawanda zvine midhuri yakareba uye yakadurikidzana. Parutivi pazvo pane motokari dziduku dzakawanda dzinofamba mumugwagwa.
ID_PBZOVJ,Elili oyo ezolakisa biso etaleli ya nsima esika tozomona mwana mwasi akangi suki ya maboko ezali ndenge moko te na misusu kokai na misusu nazomona bazolakisa biso modele ya suki ya maboko na ndenge ekangami.
ID_PCHJMX,Mushini unoshandiswa pakuoongorora zvirwere zviri muviri uye unobairirwa kumagetsi kuti uone kushanda. Mushure mekunge wabatidzwa padyo pane kamu inotwasanudzisa bvudzi.
ID_PDIVWS,Chitoro chinotengesa zvishongo zvemuhuro zvemunzeve zvemumaoko zvemumakumbo zvakasiyana siyana. Zvimwe marini emuchato zvakagadzirwa zvakasiyana siyana zviri mumasherefu zvakaiswa pamusika kuti vanhu vaone zvishongedzeke zvimwe ndezvegoridhe zvimwe zvesirivha zvimwe zestnlst.
ID_PEKFBS,Eloko naomona eloko na omona awa bandeko na esika moko boye basalaka ba biloko balobaka na monoko ya lopoto eza place babongisaka ba concasser na omona eza machine moko eosala ba concasser eza ba mabanga mabanga oyo ya miki.
ID_PEYHNZ,Bato mingi batelemi elongo bazotala makambu moto oyo avandi na se azoteya bango.
ID_PFEHBE,Nzvimbo yakakomberedzwa nerusvingo uye simbi. Nzvimbo yacho iyi ine huswa husina kunyatso kusvibira. Huswa hwacho hauna kukura. Panewo muti wakaita zvekusimwa. Nechemukati merusvingo rwakavakwa nezvidhina mune miti mihombe iri kubudira.
ID_PGCLNI,Mukadzi akarukwa mabhanzi akanaka. Akarukwa neshinda nhema ari makupo. Akavhurwa mitsetse yakanyatsonaka nekuti ganda remusoro ririkuonekwa kuchena kuti weke. Iye akatarisa nechekurutivi. Mumabhanzi akaitwa hata yakanaka nechepakati achienda kumberi.
ID_PHABFK,Badza mudziyo unoshandiswa kuita mabasa akasiyana siyana. Vamwe vanoshandisa badza kutimbira mumunda kana kuchera makomba. Vamwe ndovanoshandisa panguva dzekusakura.
ID_PHGEPM,elili oyo tozali komona tozali komona ba mbuma pe tomoni bassin tomoni bambuma yango eza manga ma manga yano esi eteli batandi yango nase misusu batiyango na kati ya bassin
ID_PIRDKK,Nyama ya zamba oyo eza mibale nyama ya zamba yango eza na langi ya chokola na minoko ya liboso eza na langi ya mwingu nyama ya zamba yango eza na zamba eza na matiti ya mokuse eza na langi ya pondo.
ID_PIWSSK,Miti miviri irikubudikira uri mudhuze una mashizha akasvibirira. Poita umwe uri nechekumberi womurara una mashizha akasvibirira. Panewo tambo dzamagetsi dzirikubudikira dziri kuvhungana nemiti idzi.
ID_PJWOTA,saki ya mokongo ya bana-kelasi ya bana mike ezali ya bozinga ya makasi motatomboli yango po alakisa yango ezali na ba poche mibale pe ezali na ba poche pe pembeni.
ID_PKWEOW,Bana minei mibale ya mikolo mibale ya mike ya mike moko alati tolo polele alati jupon mosusu alati elamba likolo ya lange ya pembe ya mokolo alati elamba ya lange ya motani ya lange ya mosaka langi ya mpondu mosusu alati elamba likolo ya lange ya mpondu.
ID_PLPFOQ,Chirimwa chevise ichi chakachekwa. Chinoratidza kuti mukati macho mutsvuku kunze neruvara rwegirini rakacheneruka. Chirimwa ichi chinoratidza kuti chaibva chava kuda kudyiwa.
ID_PLXELZ,"Imba yokutandarira ine zvekugarira masofa, machena, mamwe ane ruvara rwebhurauni nezvimapiro zvokutsamira mukati. Nechekumberi kuri kuonekawo kicheni yokurongedzera zvinhu nefiriji yokuisa zvinhu kuti zvitonhorere."
ID_PMAOSQ,Ichi chivakwa chinevhurandi. Chivakwa ichi chinogona kuva chiri chitoro. Tinoona chine simbi dzekuvhara kudzivirira vangadi kuva vachipinda zvisiri pamutemo. Pavhuranda racho tinoona paine maruva ekushongedza nzvimbo iyi. Mudenga tinoona makasungirirwawo tunhu tukushongedza tutsvuku ne tuchena.
ID_PMRSSB,Kamba iyo inoratidza kuti iri mumvura inoita makwati kunze kwayo. Pamusoro payo panewo datya riripo rinoita zvekutomhuka kana richifamba rine ruvara rwegirini nemamwe mavara.
ID_PNORCR,Na bilili oyo toli komona eza moto ali komona eza na ba moteure ebele pe ya kitoko moto oyo eza na balangi ya bozinga.
ID_PPVGVT,Na esika tokomi awa nazomona ndeko mobali moko atelemi awa alati babilamba ya maputa epi ndeko yango namoni aotala na maboko na ye telepone na ye mpona abenga motu.
ID_PQWUBQ,Mumunda mune mavhu akachegwa chegwa nemapundo mamwe akaoma nemamwewo manyoro. Nechekumhiri kune tumwe tupundo newa kuda kufukidzirwa nemavhu akachegwa chegwa awo.
ID_PQWWAS,Gwenzi kana kuti ruva rinoratidza kuti riri pane mvura yakawanda. Rina mashizha akasvibirira ane mizera yakasiyana. Mamwe mashizha akareba poitawo mamwe mapfupi.
ID_PRBMHZ,Awa toza komona baza koteka ba croi ebele batiango likolo ya manzete baza koteka yango baza ko expose yango.
ID_PRSUDQ,Vatambi vomutambo wekiricketi. vari muHarare sports club umo mune nhandare yavo iyo ina masora akasvibirira. Pane vakapfeka zveyero poitawo vane zvegirinhi vari pakati pokutamba mutambo wavo.
ID_PSPVUJ,Bhutsu yechikadzi imwe chete yakagadzikwa pasi ine ruvara rweorenji. Mukati ine ruvara rwakachena. Ine mabhandi arikuonekwa anoshandiswa kuzosunga kumbo. Pasi apa pane ruvara rutema neruvara rwakachena rune madododo matema.
ID_PUGWCR,peyage oyo baya na langi ya mbwe eza na ba poto ya langi ya motani na langi ya pembe eza na poto mosusu eza na langi ya lilala esika mingi eza na ba milongo ya kotengama ya langi ya motani na langi ya pembe
ID_PUOAUM,Midziyo yekuchengetedza hanzu zvakanaka zvinoita kuti dzisaunyane asi dzigogara dzakarembera dzakakochekerwa kumuti.
ID_PUPCBF,Mahuswa emushenjere nemamwewo maruva akamira akakombwa nematombo ane ruvara rwebhuruu nezvicheka. Akanakawo uye ndeemhando dzakasiyana. Mamwe ane tushizha tutete mamwe ane mashizha akakura. Uyewo mamwe anokura achienda nepasi mamwe anokura achienda mudenga.
ID_PUXKZB,Vasikana vanotamba bvora vakamira vakasisa maoko kumashure vakatarisa mberi. Vakapfeka shangu masokisi uye mabhurukeruvara rutsvuku nehembe dzeruvara rwegirini.
ID_PVJVYB,Musoro wemunhukadzi wakarukwa. bhudzi rinorembera richidzaka nomusana rakaonyana zvinonakidza kuona uye riri muruvara rutsvuku.
ID_PVXWGL,Mharadzano dzemugwagwa miviri yakapamhamha ine tara. Murikufamba motokari dzine mandudzi akasiyana nevanhu varikufamba mujinga vamwe varikuratidza kuti varikuda kubira migwagwa. Vamwe vakagara vachiratidza kuti varikutengesa. Nechekumberi kwacho kurikubuda midhuri yakanaka zvinoratidza kuti nzvimbo iyi iri mukati medhorobha.
ID_PWNRMS,Vanhu varikufamba vachienda kunzvimbo dzakasiyana. vari pazvitoro mudhorobha vanosanganisira varume nevakadzi. vamwe vari mumakombi apo vachienda kuine imwe nzvimbo.
ID_PXMPIS,Awa tozali komona pantoufle mibale bati na se tomoni ezali ya kitoko ezali ya bana mibali tomoni ezali na langi misatu tomoni eza na langi ya mwindo tomoni eza na langi ya mai ya pondu tomoni eza alangi ya pembe kasi ezali sapato ya kitoko soki asombi yango oko regrete te.
ID_PYLEZL,IHara ifoko imbezo ibadza. Tinoshandisa kurima midziyo iyi. Midziyo inoshandiswa pamba.
ID_PYSGDM,Sapato ya moke ya bana mibale.
ID_PZNPDS,Dutu ramaruva akasunganidzwa pamwechete Ane ruvara ruchena kunze. Rowe arichinoita ruvara rwakanoita yero pakati. Mamwe haasati abudikira atumbuka ane ruvara rwegirini.
ID_QAFTFH,katikati ya butique ya cosmetique nazomona batekaka babiloko ya mafuta ya kopakala na nzoto nazomona pe basabon likide na ba pomade ya bana moke ya vaslene babengaka yango famillia
ID_QBLCHX,Elubu ya makayabu na ndunda na dongo dongo sani ya mbele ya langi ya pembe culere supu suka.
ID_QDWOCD,Motuka oyo esalaka taxi ya langi ya pondu likolo eza na langi ya mpembe likolo logo na yango ya taxi eza na langi ya mosaka na bakoma na langi ya mwindo mwinda na yango eza langi ya motane.
ID_QELUFU,Mhete yemuhuro yakasimudzwa iri muruoko rwemunhu kuti anyatsoiwongorora kuti yakamira sei. Mhete iyi ine ruvara rwesirivheri uye yakareba.
ID_QFAWQN,Misoro yezvidhori miviri. yose yakasungwa madhugu ane mavara mavara. Miromo yazvo yakapendewa zvitsvuku.
ID_QJKNRG,Boye kasi nde nazomona ezali liboso na nga eza ndako neti na nsima ya ndako boye nazomona eza na langi moko ya shokola boyefe na nsima ya ndako yango nazomona eza na langi moko ndire ya pembe me pembe makasi te.
ID_QKDYKB,Masuwa mibale ya moke mpena ya monene na langi ya pembe pe na langi ya bozinga bendele likolo na langi ya pondu langi ya mosaka pe na langi ya motane na nzete likolo nango na kati ya ebale.
ID_QMZGIX,Hofisi ine feni ichena. mahwindo egirazi ane ruvara rutema. Mudhuri webhurauni une mutsara webhuru.
ID_QNVSXY,liboso nanga awa namoni motuka eza pembeni na lopango pe eza na balabala ya mabele nde balakisi biso awa.
ID_QNYPTX,Bandeko awa na misu na ngai nazomona obele bana basi mibale ya kitoko vrema bakangi suki na bango ya kitoko pi mwasi yango pe alati chemise ya jane na minoko na ye amipakoli .
ID_QOYCEF,Elili ezolakisa biso matiti ya kotia bilengi na bilei ezali matiti eza na kati ya katini esalemi na nzete bokoko matiti yango na monoko ya lopoto babengaka yango fei de lorier eza matiti batiaka na biloko ya kolia po epesa bilengi epesa esolo elengi.
ID_QPGYFR,Motokari inoshandiswa pamakwikwi okumhanyirana. Ine manyerekete machena namatema. Pana mavhiri akaunganidzwa kuitira kudzivirira kukuvara kwevanotekenya motokari idzi. Kune huma huri kuonekwa kubva mumotokari idzi.
ID_QQBRNC,Shiri yemhando yeshiri dzinowanikwa pedo nepakawanda mvura. Ina makumbo marefu nehuro yakareba. Irikufamba zichiita seiri kuda kubhururuka kana seichangomhara. Yakasimudza mapapiro ayo. Ine ruvara rwebhurauni neruchena nerutema.
ID_QQNNCC,Awa tozali komona ezali camion moko oyo ezali ya monene tomoni ezali camion te ezali bus oyo ya monene nde tomoni etelemi pembeni ya balabala tomoni ezali na langi oyo ezali na langi ya mwindo tomoni na oyo ya motane ezali na kati tomoni etelemi na balabala yango tozali komona awa tomoni ngambo kuna bandako oyo ya etage ezali na langi ya pembe nde tozali komona awa kasi na balabala ba motuka eza koleka te.
ID_QQXOPN,Nhandare iri kuyevedza kutarisa nemhaka yekuti ine huswa hwegirini hwakanyatsochekererwa. Panewo chivako chiri kumashure. Nhandare iyi inogona kutambirwa mutambo wekiriketi.
ID_QRTYMF,"Mafaira akawanda anoti maflat fails maaciriva failesi nemamwewo. Mafaira aya mamwe ari mumapurasitiki akaiswa pamusoro akarongedzwa pasherufu repamusoro mamwe ari pazasi anonzi maakirivha pasherufu yepakati. Pane mapepa anoiswa anozoita kuti kana uchinge waisa zvinhu mukati wochinyora kuti uzokwanisa kutsvaga zvinhu zvauri kuda. Ane ruvara rwakasiyana siyana anoti bhuruu girinhi, neyero nepingi nemamwewo matsvuku."
ID_QRXFFJ,Na elili oyo nazomona esika bazolakisa biso dalapo elembo ya dalapo esika nazomona eza na molongo ya mwindo eza na lange ya mwindo lange ya motane na lange ya mobeso ezali na elembo ya.
ID_QSHFNI,Nzvimbo ine zvivakwa zvakawanda. Zvimwe zvine zvitinha zvitema poitawo zvimwe zvivakwa zvakaiswa ruvara ruchena. Pane vanhu vakawanda vakabereka mabhegi varikuenda nokubva panzvimbo iyi inoratidzika sechikoro.
ID_QSKAEW,Zvivakwa zvakawanda zvinoratidza kuti panoitwa zvinhu zvakawanda. Zvimwe zvine ruvara ruchena. Imwe yacho kambani iripo inonzi imara univesting in Africa. Zvakanyorwa nerudzi ruchena. Pane ruvara rwebhuruu. Zvinongoreva kuti pane zvivakwa panzvimbo iyi zvakawanda asi imwe kambani iripo ndeye Imara.
ID_QTCLHN,Masora akawanda ari pasi. Ane mashizha ane mizera yakasiyana egirini. Parutivi pane matombo.
ID_QTXJXV,Girazi rakabatwa neruoko rwemunhu rine zvitaira taira. Girazi iri rinoshandiswa kunwa mvura kana zvinwiwa zvimwe zvakasiyana siyana.
ID_QVBLES,Majirafu tu marefu refu.
ID_QVBRUU,Elili oyo eza liboso na nga na moni eza bendela bendela oyo eza bendela ya peyi moko boye eza na langi misato langi ya moindo langi ya mosaka langi pe ya motana.
ID_QWDAYZ,Chanza chemunhu chiri kubudikira chakabata mashizha emuti. Mashizha emuti aya mamwe ane girini yakanosvibira mamwe ane girini yakanochenerukira. Mukati mechikwenzi umu mune kopisi itsvuku yakaturikao.
ID_QWUCDJ,Vana vakomana vechidiki vakagara zvavo. Vana ava vanoratidza kuti izera rimwe chete uye vakapfeka nhumbi dzechinyakare izvi zvinoonekwa zvavakapfeka muhuro mavo. Vana ava vana mai vavo padivi pavo.
ID_QYCETT,Na esika tokomi awa bandeko na omona eza bapapa ebele na bamama ebele bafandi na sale moko ya monene baza pe na babuku na bango liboso baosala mwa eloko babengaa monoko ya lopoto mwa réunon.
ID_QYNCYO,Munhurume akarukwa musoro nemiswe yemadhogi uye wakareba kwazvo une ruvara rutema uye akaisa mabhidzi marutivi.
ID_QYYXVJ,Motuka ya monene efandami liboso ya ndako motuka oyo ekoki komema biloko ya ndenge na ndenge ezali motuka ya monene oyo tokoki kobenga hui pie to pe si pie ememaka biloko ya monene makasi.
ID_QZWLVA,awa namoni mwa tinere moko eza naba matiti ebele na mosika nazomona bato ebele eza neti eza na zando na bamituko etelemi pembeni.
ID_RBHTCP,Bendela oyo eza liboso na nga eza bendela moko ya kitoko bendela oyo eza na balangi ebele ya motane ya bozinga ya pembe pe na oyo ya mosaka.
ID_RBMMXG,Musoro une bvudzi rakasvibira wakarukwa nebvudzi mitsara yakawanda uye mutsara wakamonamonwa nebvudzi rekutengwa rine ruvara rutsvuku.
ID_RBRMRJ,Oyo ezali eloko nazali komona ezali livre ya kotanga eza istware istware ekomi kozala istware ya farao.
ID_REPXZM,Kanyama ya moke na moni eza kanyama ya moke.
ID_RFARPF,Awa bazali kolakisa biso karton ekoki kozala carte ya jus ya manga mpona ekomami manga na hectare.
ID_RGNNZN,Mai ya liziba eza pembeni ya libanga fololo pe eza wana pembeni fololo yango eza na langi ya mai ya pondu.
ID_RGUARG,Imba yakavakwa zvakanaka ikapendewa neruvara rwekirimu. pavhurandi pakaiswa zvitinha zvitsvuku. Imba iyi yakapoteredzwa nejurawor rine ruvara rwekirimu. Pane gedhe pamba apa uye pane muti wokuti vanhu vanogara kana vari panze vachitandara zvavo.
ID_RHQGBX,Boye nazomona eza bato baza ba sportif bafandi na terrain bazosala ba entrainement na bango bazosakana ezali batata bafandi na mwasi pe moko aza pembeni na mwafandi.
ID_RHZQWU,Awa tozali komona ezali bendele bendele yango tomoni ezali na balangi oyo ya bululu ya pembe ya motane tomoni ezali na minzoto oyo babenge ba etoile ezali na langi ya mosaka soki ezali ya mboka nini toyebi te.
ID_RHZZCB,Awa nazomona kamwa carton ya moke ya kisi eza carton moko ya moke bakisi eza na kati kisi nango nkombo na yango artefane na pembeni wana nazomona tomwa mabanga moko boye ya pembe.
ID_RIWQZN,Chidhindo chinoshandiswa navanhu kunyanya mumahofisi chinoratidzawo mvumo yekuita zvinhu pangava pabepa kana kuti pai pachingada kuiswa. Chinonyanya kushandiswa nevakuru venzvimbo.
ID_RLYSVG,"Shangu tema, idzo dzakasonwa pamusoro padzo. Hadzishandiswi tambo kana munhu achinge ava kupfeka. Dzakaiswa pasi."
ID_RMLTDJ,Mushina unoshandana magetsi uri pasi pane ruvara rwebhurauni. Mushina uyu unoshandiswa muzvikuru muzvidzidzo kana mumahofisi pakunyora tsamba kana mamwe magwarowo. Une ruvara rwesirivha uyezve pane mucherechedzo wehapuro pamusoro pemushina uyu.
ID_RMYARZ,Shangu dzakagadzikwa pasi imwe ndeye kuruboshwe imwe ndeye kurudyi. Shangu idzi dzina mavara machena namavara egireyi. Nechemurutivi dzinoratidza kuti dzine ruvara rutema.
ID_RNMXPP,Mureza wenyika yeMaltivisi une ruvara rutsvuku negirini neruchena pakati. Une mufananidzo wemwedzi.
ID_RPKIIV,Muriwo uri mugadheni wakarimwa unoratidza kuti muriwo werugare uyezve. Muriwo uyu unoratidza kuti wanga wareba asi hauna mvura yakakwana zvekare hauna chikafu chakakwana. Une ruvara rwegirini asi uri kuratidza kusvava.
ID_RQNSVH,Munhukadzi wakarukwa musoro wakasonererwa vhudzi risiri rake pamusoro rakanaka kuuma rakakura kugotsi ipfupi. Kudivi rekurudyi mberi rakandonamirwa paganda rake rakamonyana monyana wakapfeka magirazi achisekerera.
ID_RRJHAQ,Murume uyu arikuchengetedza chivanhu. Muruoko rwake akabata mukondo. Akapfeka matehwe. Nechepadumbu pake ane nyanga yaakasungira nedhende dzvuku. Mumaoko ake mune matehwe.
ID_RSLMJI,Maruva akadzvarwa kuti nzvimbo itaridzike zvakanaka. Akaitwa matatu matatu zvine unyanzvi. Mamwe ari mudendenedzwa ari egirini. Pakati pakaiswa anenge zvimuti akatumbuka maruva matsvuku.
ID_RVJKZK,Vanhu vakati wandei varikufamba parutivi romugwagwa. Zvimwe varikuenda uko vachawana zvekufambisa kuti vagodzokera zvakare kudzimba dzavo sezvo vapedza zvavanga vawira muguta.
ID_RYIGAJ,Zvinowedzeredza runako. Zvinopfekwa mumaoko. Zvakapfekwa zviine mavara mavara akawanda. Zvakapfekwa nemunhu tema muruoko rwake.
ID_SACORM,E awa namoni toza na kati ya terrain namoni eza na bana mibali na bana basi oyo batelemi pembeni ya terrain na nsima na bango pe namoni eza na mwa lopango moko oyo eza na mwa ndako moko ya monene ya pembe na ba matiti oyo eza liboso ya lopango.
ID_SAHAQF,Mushina wamagetsi wakakwadaburwa kuita zvipisi zvipisi uye tambo dzinobatanidza moto dzangoti nyechi kose kose.
ID_SAJIZD,namoni photo oyo bolakisi biso eza mobali atelemi aza na bane na kati ya maboko naye na batu mosusu bavandi na sima naye.
ID_SBFDCO,Midziyo inoshandiswa kuita mabasa amaoko pamusha. Midziyo iyi inosanganisira chigero foko nefoshoro. Foshoro nechekumusoro kwayo ine ruvara rutema. Nechekuzasi ine ruvara rwakachenerukira kwoita zvakare chigero chine ruvara rutema nechekumusoro kuzasi chine ruvara rwakachenerukira zvakare.
ID_SEHLEP,Mafuta oyo mafuta ya kitoko ya kopakola babengi yango cokoa biter formula ezali mpona kopakola na nzoto ebombei yango ezali na langi ya pembe na ezali na langi ya chokola ezali pe na langi ya bozinga ezali pe na langi ya motane moto asimbi yango na maboko.
ID_SEJVSP,Musha wakakomberedzwa newaya. Mukati memusha umu mune sora ririkubudira rinoratidza kuti rakatsvukuruka kana kuti tingati harina utano zvichibva zvaita kuti tifungidzwe kuti rava nenguva risina kumbowana mwando. Pane dutu rezvigubhu zvakaunganidzwa kuratidza kuti zvinorasirwa ipapo. Nechekunze kwacho kuri kubuda marara akangorashwa rashwa anoratidza kuti mapepa.
ID_SEZFBH,Bana-kelasi batelemi awa na balakisi bamemi babuku na maboko.
ID_SFDNNH,Foto elakisi place oyo batekisaka bikeko na moni oyo eza biloko basi balataka pe na biloko batiaka na barido na ba hotel.
ID_SFFHJS,Awa nazomona na miso nanga poto ya bana bana mibale batelemi awa liboso na ngai eza bana mibale ya mibali batelemi liboso na nga awa bana mibale ya mibali.
ID_SGJXRJ,Chibhetibheti chine ruvara ruchena. Chinooneka zvakare ruvara rutsvuku zvinoratidza kuti hachina mambava akanyatsowanda. chinogona chiri chimwana chechibhetibheti. Nechekumberi chine nzeve dzakamira chobva chaita maziso matsvuku.
ID_SIAOXE,Mudhorobha mune midhuri yakavakwa ichienda mudenga. Munewo vanhu vakawanda varikufambamo. Mune motokari dzirikufamba mumugwagwa ine tara. Imwe motokari ndeyegireyi imwewo ichena yakashama zvakare pane vanhu vanotengesa varikutengesa zvinwiwa.
ID_SIVQTY,Awa namoni balakisi biso mwa buku e namoni eza buku oyo eza na lisitwale ya mwana mobali moko oyo asimbi apare ya foto na maboko na mwasi moko afandi pembeni na ye.
ID_SJPJUN,Elili oyo nazomona liboso na ngai eza liboka liboka oyo esalisaka bato kotuta na kati pondu pilipili nguba na biloko mosusu.
ID_SKVOBK,Na bilili oyo nali komona balakisinga eza frigo mpeza moko na kati ya ndako nali komona biloko na kati bamilangi pe na bamwa sani.
ID_SLTFUI,foto oyo elakisi biso mwa motuka na kati ya motuka wana moni bamwa soda balati kitoko baza na bamanduki na mboko moni mosusu atelemi aza na manduki moko ya monene azotala na liboso na ye emonani bato oyo bakei na kati ya bitumba.
ID_SLVCBA,Bhutsu dzinopfekwa nemadzimai. Dzakagadzikwa pasi. Bhutsu dzacho dzakagadzirwa zviri nyore uye dzine akaita mabhande uye dzine ruvara rwebhuruu. Bhutsu dzacho ndedzevaya vanofarira zvemucheno.
ID_SLVYIM,Balabala ya molai na kati ya zamba banzete eza ebele kasi namoni mutuka na kati ya balabala oyo te te balakisi biso na foto oyo.
ID_SMSMAM,Mudhorobheni mune zvivakwa nemigwagwa. Motokari dzimwe dzakamira pamativi emugwagwa. Vanhu varikufamba vachiendawo kunzvimbo dzakasiyana siyana.
ID_SMUHMR,Na bilili oyo nali komona balakisinga awa eza bakopo ebele na kati ya bakopo oyo namoni biloko ya balangi ya moindo pe batie yango likolo ya sima ya makaro ya pen.
ID_SMXLEB,kasi boye okoyeba te soki eza neti nini boye ezali moto batie na kati ya ebale ya moke neti rivere kasi batie na kati boye eza kosala ye batem eza na batata mibale basingi ye na loboko mibale.
ID_SNVZKP,"Matehwe mana empada aine mavara machena, tema uye ebhurauni. Akawaridzwa pane girini pasi."
ID_SOGDSX,Mumba yekurarira mune mubhedha wakakura chaizvo. Mubhedha uyu wakawaridzwa jira rine mitsetse uyezve mapiro ane mitsetse. Pedyo nemubhedha uyu pane chioniso chiri parutivi.
ID_SOQAUT,na elili oyo tozali komona biloko ebele te eloko tomoni kaka eza na kati ya ndako na se tozomona ndako yango eza ya monene mingi na ba carreauo ya minene na se.
ID_SPPKTX,Pamberi pezvitoro zvakapfurirwa nemarata pane vanhu vakawanda. Vamwe vari kufamba vachitevedza mugwagwa. Vamwe varikudimbura mugwagwa. Pane murume akapfeka shati yebhuruu netirauzi dema. Mukadzi akapfeka shati chena netirauzi dzvuku. Mai vakapfeka siketi chena nebhurauzi reyero.
ID_SQJWFH,Bana mike ya basi batelemi bazosimba na loketo na bango moko akangi suki atie biloko ya pembe na kati mosusu pe akangi suki atie biloko ya pembe na kati moko alati elamba ya langi ya bozinga mosusu pe alati bilamba ya langi ya pembe.
ID_SQYKGE,Mureza une makara maviri. Rumwe ruvara rutsvuku ndorine nzvimbo yakakura. Ruvara rwebhuruu rwuri nechekumusoro nechepakona.
ID_SRCDPP,Wanasikana vechidiki wanotamba bhora ramaoko rinoti rimwe boka rine riri kurudyi rimwe riri kurutivi rweruboshwe.
ID_SRQHVW,na bilili oyo tozali komona liboso nabiso awa ezali bongo na balabala tozomona ba ndeko bazali kokende tomoni ba ndeko ya basi mibale bazali kokende na batu mosusu pe liboso na bango ebele.
ID_SSRXVC,Tambo yemagetsi ineruvara rutema uye tambo iyi iri hobvu. Inoratidza kuti rimwe divi inonotora moto pamagetsi. Kune simbi mbiri dzakaita dzine ruvara rwesirivha. Rimwe divi inoratidza kuti inonoisa moto kumushina.
ID_SSVFHN,Uyu mufananidzo unoratidza mureza. Mureza une ruvara rutsvuku kumusoro neruvara rutema pakati. Pakati pane muvara muchena pobva paita nyeredzi mbiri dzine ruvara rwegirini.
ID_SSZFJO,Awa na moni eza esika batekiselaka bakiti liboso na ngai nazomona kiti moko ya kitoko mingi eza na balangi misato langi ya liboso ezali pembe langi ya mibale ezali ya mwindo ya misato ezali ya mosaka.
ID_STHTYS,Vatambi vebhora vari munhandare vachitamba bhora.
ID_STNWGU,Miti iri mugomo yakawanda. Iri mugomo mune matutombo. Miti iyi ine ruvara rwegirini mimwe yacho yakaita zvekusvibira. Pane mimwe miti iri nechepazasi mukati medzimba dzine ruvara rweyero nematenga ebhurauni. Miti iyi ine mashizha akasangana egirini ane kahuyero.
ID_SUQHVC,Mbudzi nhanhatu dzine ruvara ruchena nemisoro yakandotsvukuruka. Mbiri dziri kufamba mumugwagwa pasi. Dzimwe ina dziri padhuze nemudhuri wemba.
ID_SVEIZO,Shiri ina makumbo marefu iri tema nemutsipa wakareba nemuromo wakareba yakatakura vana vayo kumusana vane ruvara rwebhurauni. Shiri iyi iri pane masora ane ruvara rwegirinhi.
ID_SWNBNQ,Miti yamarudzi akasiyana ine mashizha egirini. Pamberi pane ruzhowa rwefenzi uye pane mapango akamisikidzwa uye akatenderera.
ID_SWVGWH,Zvikashandiswa kukoma zvipikiri masimbi nemapuranga.
ID_SXHEXC,Na foto oyo nali komona eza logo ya equipe wana balobaka yango athletico madrid de nali komona balakisi nga awa.
ID_SXNTQP,Muriwo uri mundiro. Muriwo uyu wakabikwa zvakanaka zvinomwisa mvura. Une ruvara rwegirini uye yakaiswa hudobidobi hune ruvara rutsvuku uye yero.
ID_SYDXFF,Takishopu ine zvinhu zvakawanda zviri kutengeswa zvinwiwa. Zvekare pane mukomana akapfeka chisikipa chitsvuku aripo. Panewo mudzimai ari kudarika akarukwa bhureidhi. akabata bhegi dzvuku nechipepa chichena.
ID_SYGVYQ,Bazo kotonga ndako ya etage.
ID_SYIVJF,Munhurume arikufamba. Akapfeka bhachi dema rine hembe yakacheneruka mukati. Akapfekawo mudhebhe une ruvara rwedota uyewo akabata bhegi rine ruvara rwedota muruoko rwake rworudyi.
ID_SZCLMK,Huku dzakawanda dziri muchirugu. Ndedzemhando dzechibhoyi dziya dzinochengeterwa mumisha. Dzina mavara akada kuenderana ebhurauni zvitema nezvichena.
ID_SZMOVM,Vakomana vaviri vari pakati pekurwa pamutambo wetsiva. Vakomana ava vakapfeka zvakasiyana mumwe akapfeka zvichena mumwe akapfeka zvebhuruu.
ID_TAAQQG,Zingizi rine musoro mutema nemuviri mutema une mitaro yeruvara rwegoridhe nemapapiro ane ruvara rwepfumbu. Rakamira pamusoro pechirimwa chine ruvara rwegoridhe. rinoratidza kuti riri kudya mukati meruva. Nechekumashure kunoratidza kuti maruva aya eruvara rwegoridhe akawanda achienda.
ID_TAJLWS,Chigayo chakakura. Chigayo ichi chine ruvara rwesirivheri. Nechepakati pacho pane ruvara rwebhuruu. Muzasi munoratidza kuti makashama.
ID_TAVWGO,Motikari chena ine chikwangwani cheyero chakanyorwa nezvitema. Yakamira parubwe. Parubwe pane mapundo egirini ane zvitsvuku.
ID_TBHFHI,Mwasi moko alati kitoko baliputa kitoko liputa yango eza na langi ya bosaka pe na langi ya bozinga mwasi yango akangi suki na ye bien alati matalatala azosala aza liboso ya masini na ye na mikanda na ye na maboko.
ID_TCAKFV,namoni liboso nanga awa eza bakiti ya kekele eza soki mine bon eza na couleur ya bleu blanc jaune bleu na oyo yango ya monene yango pe ezaka na couleur wana.
ID_TDFPVB,Mureza wenyika yegatamara unamavara ebhuruu wekutanga nekumucheto. Pakati pane ruvara ruchena. Panewo mucherechedzo weshiri nebepa uyewo nezvakaita zvirimwa.
ID_TDKZJK,Crayon ya malangi pake ya liboso eza na langi ya bozinga mosusu eza na langi ya chokola creyon mosusu eza na langi ya pondu mosusu eza na langi ya bozinga ya mapata mosusu eza na langi ya pondu mosu eza na langi ya rose mosusu eza na langi ya longondo mosus eza na langi ya mosaka mosusu eza na langi ya lilala.
ID_TGHGEF,eleli oyo ezali kolakisa bato bazali kotanga pe bazali ebele bazali mpenza ebele basangani basi na mibali bazali kotanga.
ID_TGHZFK,Muchero wemhando yezvinanazi Zvakatanhiwa zvimwe nezvidhongoti zvacho. Zvinoruvara rweorenji kumusoro zasi zvinoruvara ruchakaita girini kutaridza kuti zvazvisati zvanyatsotsvuka nemazvo.
ID_THPHQM,Mudhorobha mune zvivakwa zvakawanda. Chimwe chakavakwa nezvidhinha chisina kupendwa. Dhoo regirazi ine ruvara rwegireyi. Vanhu varikufamba mumwe munhurume akapfeka tirauzi rakasvibira hembe chena nenguwani. Motikari dzakamira mudhudhudhu umwechete.
ID_TIXIKT,koba ya mwana a koba ya mwana azali bongo na langi ya mosaka.
ID_TJRFZC,Vatambi varikuserebhureta vakapfeka nhumbi dzeUganda.
ID_TJWMHI,Derere rechipudzi rakabatwa mumaoko. Rimwe riri pasi muchibhasikiti. Derere rine mhumhu mupfupi uye rakakora. Derere rinonaka kwazvo kudyisa nesadza.
ID_TKXQLV,na elili oyo tozali komona tozali komona bandeko mibali liboso na bango ndenge alati akozala aza albitre pe sima eza bato babetaka ndembo ya makolo.
ID_TLYNLJ,Shiri yakamira pachitsiga chemuti ine ruvara ruchena neruvara rwebhurauni neruvara rutema zvakasangana. Iine muchochororo murefu Yakamira iri pachitsiga chine ruvara ruchena neruvara rwebhurauni zvakada kuti sanganei.
ID_TMTBFW,Bandeko esika na komi awa nazomona na omona mboka moko monene mboka moko etoni bandako ebele epi na liboso na nga pe na omona eloko oyo babengaka pancarte piblicitaire kwa pancarte moko boye ya monene mpenza eya likolo na misu na ngai.
ID_TNMKEB,Awa esika na ezali komona eza esika moko ya kitoko esika ya kotambola esika kopema nazali komona ba nzete mai eza esika moko ya monene.
ID_TOSHMK,Na bilili oyo nali komona molangi moko batiango likolo ya mesa ya kitoko namoni pe bakiti bakiti wana eza na balangi ya longondo te namoni balakisi ngaa.
ID_TPVSMA,Tafura yakagadzikwa zvinhu zvinoshandiswa mumahofisi muzvikoro kana mune dzimwewo nzvimbo dzakasiyana siyana. Zvakaita samapenzura ayo anoshandiswa kunyora kana kudhirowa zvigero zvinoshandiswa kucheka namabhuku anoshandiswawo kunyorerwa.
ID_TRPWAZ,Zvirugu zvinoratidza kuti ndezve huku Izvo zvakavakwa namasimbi newaya. Pakaiswa zvikamu zviviri pasi nekumusoro. Munewo midziyo inoshandiswa pakuisira mvura uye chikafu chehuku.
ID_TSWXQX,Foto eza liboso na nga awa na moni mwa logo moko ya kitoko logo oyo bakomi medi life eza kitoko mpenza.
ID_TTMKHL,Eloko nazomona awa eza obele biloko baliaka komona yango ezaa biloko babenga aubergine eza mbuma moko baliaka eza mobesu kaka eza dessin moko ya kitoko eza dessin moko ya kitoko batia yango na salade eza biloko moko ya kitoko mpona kolia.
ID_TUTDTG,Na bilili oyo nali komona balakisinga eza ba mibali bazosala ba sport oyo babengaka yango ba karate te nali komona ba mosusu batelemi pembeni na ba ndako kuna bali kotala bango.
ID_TVCMKS,awa esika na komi awa nazomona obele naza na balabala me na pembeni ya balabala yango kuna nazomona ndako moko ya kitoko mpenza eza ndako moko eza ya langi ya gris epi na kati eza langi ya pembe eza ndako moko ya etage ya kitoko vrema eza pembeni kuna epi na pembeni ya etage wana nazomona koza ba mwa jardin ya mwa matiti matiti eza na se nako te ya parking yango.
ID_TWOJWP,Vanhu varikufamba pamugwagwa unowanikwa mudhorobha reHarare. Pane munhukadzi akaisa pendi tsvuku mumusoro make akapfeka hembe yeyero akaisa chivhara dzihwo arikufamba. Arikupesana neumwe akapfeka hembe ine ruvara ruchena kumusoro neimwe yepingi kuzasi. Pane miti irikuonekawo uye nzvimbo iyi inoratidza kuti inoitwa zvinhu zvakawanda nekuti pane vanhu vakawanda varipo. Pane umwe akagara padhizo nemadziro akaisa zvinhu zvake pasi zvekutengesa.
ID_TYRTLE,Mabhaudhi akaiswa pauriri huchena. Matatu maviri acho ane zvinenge zvimutsetse zvakatenderedza. kouya chimwe chisina chakagara chega. Chiri kurudyi chinoshanda kusungisa mabhaudhi ari kurutivi rwekuruboshwe.
ID_TYVXWN,Miti midiki yakati rebei. Ine matanda matete nemashizha mazhinji eruvara rwebumhudza yakasvibira. Imba iri kuonekwa nechechinhambwe kubva pane muti.
ID_UBPBMQ,Bana baza na kelasi ya maternel bazotanga babuku ya madessin anime bana ba misato bazotanga buku bavandi na bakiti ya langi ya bleu bazotanga ba buku na bango.
ID_UCVSCL,Na balabala bamutuka ezoleka kuna pembeni eza zando bato baoteka na bato mosusu bazo ya kosomba mama moko azokatisa balabala mobali moko avandi likolo ya puspusi na ye.
ID_UCVURN,"bilili oyo nazali komona liboso nangai awa, namoni ezali bongo na balabala, na balabala mutuka ya ndeko songolo ekufaki, tomoni ndeko moko azali nase ya mutuka asi alongoli pneu azali kobongisa yango."
ID_UEICYL,Nazomona na elili oyo bazolakisa biso esika babokolaka soso nazomona ezali lokola esika ya boboko li soso.
ID_UEKELA,Bato basangani na mesa ba mibali kaka bazokoma likolo ya mesa na bango wani eza ba mayi na ba sucre.
ID_UFHMFI,Mudhuri wakapendewa urikuratidza ruvara rwebhuruu pane mifananidzo yevanhu vakagerewa misoro nezvigero nemapanga nemaoko. Nechemukati pane muti wemubhanana uneruvara mashizha neruvara rwebhuruu rwegirinhi.
ID_UFMNXZ,Elakisi biso mwa eleko oyo ba benga yango na monoko ya lopoto lecteur oyo eza mwa eleko otiaka na televizion pe elakisi ba mwa bafoto oyo olingi omona pe elakisi ba mwa bilili mosusu ya kitoko mpenza.
ID_UFPBVD,Mutambi wemutambo webhasiketi bho mumwe chete. Ari munhandare pedyo nenzvimbo yokumwisa. Akamira negumbo rimwe achiratidza kuuruka kuti amwise bhora. Akapfeka chipika cheruvara rwebumhudza nechimwe cheruvara rutsvuku mukati uye mudhebhe mutema neshangu nhema. Kune vamwe vanhu vari kunze kwenhandare vari kuona achitamba.
ID_UGAAJY,liboso na nga awa namoni balakisi nga mwa bwate pe na kati ya bwate oyo eza na bakisi na kati likolo ya bwate bakomi talodol pa nde yango oyo eza kisi nde eza na kati.
ID_UGYTQG,Na bilili oyo nali komona balakisi biso awa eza bambuma kolia banana bapapaya pe na biloko misusu ezalaka na vitamine mpona nzoto ya motu.
ID_UGYUGB,Liboso na ngai nazomona basi mine bazoseka pe bazo sepela na maboko na bango baza na ndembo.
ID_UHJNPI,Chigumbu chine chimwiwa cheCoka Cola chine ruvara rwakasvibira. Chigumbu ichi chakavharwa nechivharo chine ruvara ruchena uye padumbu pechigubhu pane bepa rine ruvara rutsvuku pakanyorwa nemavara machena.
ID_UHKXAN,Na elili oyo nazomona bazolakisa biso kisi ya komela eza na efungeli esika bakomi filometa place kisi ya komela mpona kobikisa nkokoso ya malaria.
ID_UJQPMH,Batapata regirini rine mabhande ane ruvara rwegoridhe. Kagadzikwa pamusoro pejira jena iro rinopfekwa nemunhukadzi kana vanhurume kana kuchinge kuchipisa kana kushandisa pakugezesa.
ID_UKEIZM,Ndako ya kitoko makasi eza na lopango na yango na likolo ya lopango bati bamabende moko ya pembe ndako yango pe eza na langi ya lilala na balabala na moni eza na mwana moke moko ya mobali oyo azoleka pembeni ya lopango yango.
ID_UKNAIE,Liboso na nga awa na moni toza na kati ya ndako pe tomoni bati bakiti ya kitoko ba divan na kamwa mesa na kati ya ndako nde yango baolakisa biso.
ID_ULNXEP,Nyeredzi iri pamureza uyu ine ruvara ruchena. Kwozotiwo kumusoro kwemureza kune ruvara rwegoridhe. Pakati nepakati pemureza pane ruvara rwemashizha. Kwozotiwo kwekupedzisira pazasi pane ruvara rutsvuku.
ID_UOPBUE,Zvivakwa zvakakura zvakawanda zviri panzvimbo iyi zvakavakwa nezvitinha zvine ruvara rwebhurauni zvikapendwa neruvara ruchena. Pakati pezvivakwa izvi pane miti mihombe ine mashizha ane ruvara rwegirini.
ID_UQGGPU,Awa na moni eza na kati ya ndako liboso na ngai nazomona ba eskalier ya molai ezomata ezokende esika songolo.
ID_URHPQJ,Na elili oyo nazomona esika bazolakisa biso bana-kelasi ya mbula mikie na kati ya ndako ya kelasi bavandi nazomona elili ya mwana-kelasi ya mobali alati litala ya maso azotala liboso.
ID_UROXOJ,Tozali komona eza eloko oyo ya ba electronix tozomona baza kolakisa biso ba bafle ba bafle ezali oyo soki oza kobeta muziki to ozali koloba na mikro omona elekaka awa ebandi koloba makasi makasi po bato bayoka.
ID_URTBTP,Vanhu vakawanda varikuratidza kuti panzvimbo apa pane chiitiko changa chiripo. Vakapfeka hembe asi pana madzimai akapfeka hembe dzebhuruu zvekumusoro zvichena nesiketi yebhuruu uyezve nedhuku rakaita rebhuruu vanoratidza kuti madzimai echechi uyezve zvinoratidza kuti hembe dzavo dzinopfekwa kana paine ungano.
ID_URXXAU,Munhukadzi akapfeka mbatya dzake dzakanaka. Akamira akabata rimwe ruoko kurutivi rimwe rakarembedzwa.
ID_USSSXY,Shangu mbiri dzemunhukadzi dzakaiswa mavara pamusoro uye dzine tambo yekubata gumbo dzakavhurika dzinoratidza kuti dzinopinza mhepo munguva yekupesa.
ID_USZRFW,Munhurume akabereka bhegi neruoko rumwe chete. Unoratidza kuti wakatsikitsira ane zvaari kuona pamaoko ake. Wakapfeka hembe dzinopfekwa nevarume vechizvino zvino. Mumusoro make mune bhareta. makumbo make mune mudhebhe kumusoro kwake kune nhumbi.
ID_UTHIVY,Vatambi vari munhandare vanomwe. Vatambi vari nechepamberi vakaita zvekuchonjomara. Vari kumashure vakaita zvekumira uye vamwe vacho vakabatana kumapfudzi. Mutambi ari pakati akapfeka zvakasiyana nevamwe.
ID_UTOAQG,Biloko ya kolia ebele likolo ya mesa ezali bongo maki ya kotokisa salade bayeti frit soso ya kokalinga na tomson ya kokani.
ID_UTRRNL,Vana vari munzvimbo inoitirwa mutambo. Vamwe varikufamba vamwe vakamira vakatarisa murairidzi wavo. Vakapfeka nhumbi dzine ruvara rwakasiyana. Vamwe vakapfeka zvitsvuku vamwe vakapfeka zvichena uye vamwe vakapfeka zvegirini nepingi.
ID_UVMLAT,Mureza wenyika uneruvara rutatu rokutanga ruvara rwebhuruu ruchiedzika kuzasi potera ruvara ruchena popedzera nerumwe ruvara rwebhuruu.Pane ruvara ruchena parikuonekwa chipepa chakapeteka chakanyorwa neshiri yakamharapo.
ID_UWBFTZ,Bana bawewa ba motar.
ID_UWMENO,Awa nazomona bandako mibale ezomonana malamu mosusu ezomonana malamu te bandako ya ndenge ya kala na place monene ya kotambolela eza lokola nzela kasi eza na mabele.
ID_UXUXQS,kaloti oyo eza mibale mibale mibale ndenge moko kasi nyonso eza na ba ndunda.
ID_UYYZRT,Bilanga esili kobimisa ba mbuma nango oyo ezali fruit ba bengaka paka paka eza na langi ya lilala pe na mwa langi ya pondu moke.
ID_UYZIDF,Na bilili oyo nali komona balakisinga awa balabala pe bamituka na balabala namoni pe bato batelemi mpo bali kozela mamituka mpona bakotana na kati bamama basi bamisusu namoni bamemi basaki na bango na mokongo pe namoni bama ya bisoto wana bamilangi bisoto ebele eza pembe na balabala.
ID_UZCUNE,Milangi oyo eza na eleko na kati kasi misato nde ezomonana malamu biloko ya kati eza ya komela.
ID_UZNHDS,Nyama yehuku yakanatsobikwa zvakanaka uyezve yakabikwa zviri zvidya zvoga zvoga. Pamusoro pakabva pagadzikwa madomasi uyezve nezvimashizha zvegirini kuwedzera kunakisa zvibikwa izvi.
ID_UZPOHC,Shiri imwe chete iri mudendere yaro riri mumuti mukuru une mashizha egirinhi. Ine mavara ebhurauni namachena.
ID_UZQPIE,esika tokomi awa bandeko na ngai na omona eza obele buku eza buku moko ya kitoko mpenza buku oyo ya kosalisa bana na kelasi na moni akomi likolo na yango buku ya francais eya buku moko ya kitoko mingi.
ID_VAHYZX,Chidhori chine ruvara ruchena chakapfekedzwa nhumbi yechikadzi iri rokwe. Rokwe iri ririkuonekwa rakareba asi nechekumusoro rine tambo harina maoko akarebenuka. Nechekumashure kurikuonekwa chimwe chidhori zvichionekwa kuti zviri muchitoro chinotengesa mbatya idzi.
ID_VCINKB,Murume ari pakati pekugadzira injini yemotokari. Injini iyi ine mavara mavara. Nechemukati ine ruvara rutema kunze yoita ruvara rwesirivheri. Nechepamusoro ine maburi maburi uyezve inoti simbi simbi twakangobatana batana.
ID_VCTYHQ,Baba vari kufamba vakafuratira kuchikoro kwavari kubva. Vakatakura chikwama chavo chegoridhe. Vakapfeka hembe dzakasvibirira neshangu dzine ruvara rwebhuruu.
ID_VENALY,Bandeko awa pe esika na komi awa eza esika na kati ya ndako me na ndako oyo babengi yango eza ebele place balambelaka biloko ya kolia awa nazomona koza ba fri ndenge na ndenge bazobongisa yango mpona batia yango na mesa.
ID_VFDVNQ,Awa namoni eza esika batekaka ba buku ya bana na likolo ya buku yango namoni dessin ya nyama moko babengaka yango ngungi.
ID_VGRHEU,Dandemutande rine ruvara rwegirini ineruvara rutema neruvara rwebhurauni akaita mitsetse inobva kumusoro ichidzika kumashure. Yakagara pasi pana mashizha akatumbuka mamwe ane ruvara rwepepuru mamwe ane ruvara rwakaita bhuruu mamwe ane ruvara rwegirini. Dandemutande ritori neshinda dzayo pane ruva rine muvara wegirini.
ID_VINFUR,Munhukadzi akabata shaya akapfeka hembe ine ruvara rutsvuku. Akaruka zvinhu zvakanamira mumusoro zvichienda kumashure zvichiremberera. Muromo wake une ruvara rwepingi netsiye dzisina kugadzirwa.
ID_VJNISQ,Awa nazomona tondese ezali awa namoni pe ba crayon pe ezali eza ba materiel tosalelaka namoni pe ba bike pe eza wana.
ID_VJUJUD,"Mugwagwa miviri une tara neusina, motikari. miti ine mashizha egirini nemaruva epepuro, huswa hwakaoma."
ID_VKRKCQ,Bete ramabhachi ritema namapapiro makuru rakamhara padombo riri kutsvaka zvokudya.
ID_VMCOFZ,Mbozhanhare yerudzi rweiPhone yakagadzikwa pamusoro pegumbezi. Ine kamufananidzo katema kehapuro risina kukwana.
ID_VMOBST,bilei na kati ya restaurant soso nyama pe na ba ndunda na mbala biloko epai na epai pe na baloso.
ID_VMYEXJ,Na esika pe tokomi awa na moni eza place moko koza matiti ebele songolo songolo namoni pe na kati ya ba matiti wana koza bato misato bazosala sport na bango sport oyo babengaka na monoko ya lopoto sport oyo ya karate.
ID_VMYHSN,Shangu mbiri imwe yakagara pamusoro peimwe. Dzine ruvara rutema dzinoratidza kuti shangu dzerudzi rwesanduru. Dzakavhurika kumberi. Dzine ruvara rutema mukati dzakanyorwa neruvara rwegoridhe asi pamusoro dzine ruvara ruchena neruvara rutema. Dzakagara pasi pane ruvara rwupfumbu neruvara rutema.
ID_VNQOPK,Awa nakomona eza atelie bamashine ezali wana mashine ya ekonika fufu ekonika masango ekonika nguba biloko nyonso na komona eza bamashine bamashine esika batekisaka bamashine pe bakosala pe bamashine.
ID_VOZGMM,bandeko awa pe naomona eza bilei epi eza na kati ya nzungu baolamba namunango eza obele mbisi epi likolo ya mbisi oyo naomona batomate na matungulu na ba poivron rema mutu aolamba bilei oyo ekozala agu mingi ozala kitoko mpenza.
ID_VOZSMW,Singi yekugezera ine ruvara rwesirivha. Pane pombi yemvura yakakwera mudenga ndokuzobhenda. Panewo mishonga inoshandiswa kana uchida kugeza zvinhu.
ID_VSIQKV,"Mamwe amaturusi anoshandiswa kuita mabasa amaoko akasiyana siyana. Pane eskuru dhiraivha, pinjisi nesipanera. Pinjisi ine mubato une ruvara rutema namavara eyero. Pinjidzizi dzinoratidza kuti dzakarongwa nehukuru wadzo kunotanga doko kuchinopesera hombe hombe. Zvipanera zvine ruvara rutema namavara eyero zvakare."
ID_VUVJWI,Muti una mashizha madiki mazhinji anopa mumvuri wakanaka uye mukuru kwazvo.
ID_VXVHZA,Muti muhombe mitatu iri kumberi kwezvivakwa zvinobudikira zvine ruvara ruchena koita zvimwe zvimiti zvidiki zviri pasi pemazimiti aya.
ID_VYRCXO,Awa eza esika bakonzi batelemelaka makambo ya kelasi ndako ya kitoko.
ID_VYVYRL,Mango dzine ruvara rwakasiyana zinoti yero girinhi dzimwe dziri pasi dzimwe dziri mudheka ritsvuku. Parutivi pacho pane mahuswa egirinhi.
ID_VZFEWT,Vakomana vezera rechidiki vanofarira zvemutambo. Vakapfeka hembe dzavo dzakasununguka dzavanoshandisa kana vachida kutamba. Pane mumwe ari pamberi akatarisa pasi akabata bhora.
ID_VZPHOL,Nzvimbo inoratidza kuti parutivi pomugwagwa wedzimotokari namabhazi. Pane kamba kaduku kangangova kari kemagetsi kana kuti kenhare mbozha kakanamirwa mapepa akawanda evaimbi nevanoita zvemotengerwo enyika.
ID_WBDIEG,Dhorobha rine midhuri yakareba. Umwe une ruvara rwebhurauni mahwindo akawanda. Miti ine mashizha egirinhi. munhu ari pamota bhaiki akapfeka nguwani yebhuruu. Motikari dzine ruvara ruchena.
ID_WBXQTC,Munhurume akapfeka nhumbi ine mawara mawara. Muhuro make akapfekawo chuma icho chine chiratidzo chomuchinjikwa nechepamberi pacho. Zvakare ane bvudziwo rakapendiwa rakachinjiwa kara.
ID_WBZRLQ,Balakisi biso awa motu ya mwana mwasi bakangi ye suki nde azolakisa biso motindo nini bakangaki suki yango.
ID_WDPIDY,Oyo bakiti ya salon bakiti ya salo babenga ba divan eza pe na bakusana yango zana bakusa na yango mibale ekokana ya chokola na ba mwindo mosusu eza chokolakaka.
ID_WDZCRL,"Kabhokisi kemapini anoshandiswa mumakambani kana muzvikoro. Kabhokisi aka kane ruvara rutsvuku neruvara ruchena. Kakanyorwa namavara matsvuku nemavara matema. Mapini arimo anoratidza kuti ane mavara akasiyana siyana. Mamwe mapini ane ruvara rweyero, mamwe ane ruvara rwebhuruu mamwe ane ruvara rwepingi."
ID_WFSNBQ,Liboso na ngai nazomona moteur moko ya motuka.
ID_WGDFIO,Imba yakashongedzwa zvinonwisa mvura nekutandarira mune masofa matsvuku neanoenderana netafura asirinegirazi pakaiswa maruva akashongedza imba iyi mune zvemudenga zvishongedzo zvakanaka uyezve kumberi kunoratidza kuti kuri kuenderera nemataira ebhurauni. Imba iyi inoratidza sehotera.
ID_WGTTAV,Bato mibale bazotambola na nzela mobali azali liboso mwasi azali nsima mobali ya liboso asimbi katini ya pembe mwasi na nsima asimbi saki na maboko.
ID_WHRRVY,Namoni mwa ndako ya kitoko pe ya se ndako oyo eza na kati ya lopango pe namoni na kati ya lopango oyo mwa nzete ya monene pe namoni lopango yango eza na langi moko ya kitoko pe eza kongenga namoni liboso yango mwa matiti na mwa efololo ya kitoko mpenza.
ID_WHTMGC,Shangu tsvuku mbiri idzi dzinoshandiswa pamujaho kana pakumhanya uye shangu idzi dzinosungwa pamusoro kuitira kuti choka inyatsobata zvakanaka.
ID_WHUXCU,Mombe dziri mudanga uye mombe idzi dzine ruvara rwebhurauni. Dzimwe dzine nyanga. Panewo kamhuru kane ruvara rwebhurauni. Imwe mombe idzi iri kudya sauti ine ruvara ruchena.
ID_WIBEDZ,Foto oyo elakisi biso mwa buku eza buku oyo ya troisieme primare buku oyo eza buku ya histoare na jograpie monani eza ya kitoko mpenza.
ID_WLATQT,Panovezwa simbi panogadzirwa mawindo furemu nemadho furemu ayo matema aine dhiramu komana jenareta uye chikwangwani marara pasi.
ID_WLVCIE,Shangu imwe chete yakagadzikwa pasi pane ruvara ruchena. Shangu iyi itenesi ine ruvara rutema yoita madododo eruvara rwegireyi. Nechemukati ineruvara rutema yoita netambo dzine ruvara rutema.
ID_WLVUHQ,Hembe ine ruvara rwebhuruu yerudzi rweresi. Inemabhatani matema pamberi namaoko akafara yemunhukadzi irikuratidza kuti irikuratidzirwa iri kutengeswa.
ID_WNDDQC,Motuka oyo etelemi eza neti etelemi esika basukolaka mituka na moni bato mibale wana batelemi bazotala yango.
ID_WNPCLK,Makicheni yuniti arikutengeswa ane ruvara ruchena. Makicheni yuniti aya ane madhiro matatu nemadhoo matatu uyezve akagara pasi pane mapuranga. kuna masofa zvekare anoratidza kuti arikutengeswa muchitoro ichi.
ID_WOPOVQ,Esika na komi awa bandeko naomona baolakisa ngai na pepo na pepo oyo namoni baolakisa ngai eloko babengi na noko ya lopoto eza ebele helicoptere ezotambola na pepo.
ID_WPKARR,Vanhukadzi vakamira vakaita mutsetse vakabatana mumabendekete avo vakapfekawo nhumbi dzinoratidza kuti vatambi vemutambo wevhoribho. Varikuratidza kuti vave kuda kunotanga mutambo wavo.
ID_WRJKBM,tozomona eloko esimbi eloko babengi singa ya charge oyo esalaka moto ekota na kati ya telefone yango wana baza lakisa biso loboko esimbi yango ezali na langi ya pembe.
ID_WSBTTM,Buku ya bana-kelasi ya motoba ekolakisa bango lolenge ya kotanga pe kokoma orthographe.
ID_WSMAWR,bendele eza na langi ya bozinga likolo ya monene na ligne moko ya langi ya pembe na katikati mosusu na katikati langi ya motani na se nango lisusu molongo ya langi lisusu ya pembe na se lisusu langi ya bozinga na katikati eza na minzoto esalisi acle na langi ya mosaka.
ID_WTRVXN,Liboso awa nazali komona ezali bongo foto bakangi ndako pe ndako yango eza ndako ya kovanda te eza esika ya mosala po namoni bakomi likolo na monoko ya bopoto agence.
ID_WUBYWS,Chibhodhi chinonyorerwa nevana vadiki. Chine ruvara ruchena nerwebhuruu kunze. Chine chinyoreso chakatsvetwa pamusoro. Chakaputirwa nepepa repurasitiki jena.
ID_WUIHHV,Michero yakasiyana siyana inodywa nevanhu. Imwe yacho irikuoneka mhodzi dzayo tsvuku uye imwe yacho yakachenaruka. Michero iyi ine imwe mitsvuku irikuwonekwa iine mambava.
ID_WVPTRD,na liboso nangai namoni eza na monument likolo ya monument namoni bikeko mibale eza na maboko te de namoni mabele na lisusu alati te kuna ya rompe wana namoni ndako ya monene.
ID_WWYFTZ,Awa tomoni bana ba mike baza na kati ya kelasi baza koyekola baza mwa mingi baza kotala motu aza kolakisa bango baza koyekola baza mingi na kati ya kelasi.
ID_WXYBXH,Awa pe nakomona bilei naakomona kwanga na mopanzi bongo na katikati batie madesu na mopanzi kuna matie pilipili ya langi ya motani bongo na mopanzi kuna batie batie tanzu
ID_WZDBDJ,"Miti maporo uye tambo dzemagetsi. Jurawor, mugwagwa une tara, dzimba nehuswa hudoko hwakaoma."
ID_WZHDZH,Liboso na nga awa namoni batata mibale moto na moto aza na bik na loboko pe bao signe likolo ya ba papier oyo.
ID_XBHYWJ,Vakomana vanoita zvemutambo wetsiva vari pakati pemutambo wavo. Kune mumwe wakapfeka hembe ine ruvara rwebhuruu kuzasi hembe iyi yakanyorwa nemavara machena kudzi Twins speshial. Koitawo mumwe wakapfeka hembe ine ruvara rutsvuku nechikabudura chine ruvara rutema neruvara ruchena.
ID_XBNVDS,Shangu dzekutambisa mutambo. Vazhinji vanotambisa shangu idzi mutambo wenhabvu. Shangu idzi dzine ruvara rwakada kurerekera kuruvara rwenhundurwa pamusoro. Murutivi dzine ruvara ruchena. Nechekumashure dzine ruvara rutema.
ID_XBOTXS,Na bilili oyo nali komona balakisinga kamwa nzete ya mokuse pe namoni eza pembeni na libanga ya monene namoni kamwa sac pembeni na yango nde nali komona balakisinga.
ID_XDUUNH,Oyo bato bazo sambela na katiya eglise chretienne namoni kuru za esukuna na nsima baza na kati ya eglise bazo sambela merci.
ID_XEKFYB,Bangomba pe bisobe ya matiti eza na bandako bato bavandaka matiti mosusu ya ko kauka mosusu eza na ya mobeso ya langi ya pondu mosika naya na ba ndako nazomona manzanza na bango.
ID_XFCXUL,"Musika uri kutengesa zvakasiyana siyana. Pane makotopeya, zvinanasi, mabhanana, mango nezvimwewo zvakadaro. Makotopeya ane ruvara rwegirinhi nemavara mavara matema kwoitawo mabhanana ane ruvara rweyero nemamwe ane ruvara rwegirinhi akakangavira. Mango dzine ruvara rutsvuku."
ID_XFMSIQ,Awa namoni batongi bamabanga ebele na kati bati kamwa ndako bati vierge marie nde biloko na moni awa.
ID_XFQJTD,Awa tomoni sapato ya bana-basi tozali komona ezali kitoko tomoni ezali na langi oyo ezali ya motane na mwindo na kati kasi ezali ya bana basi ezali kitoko kitoko mpona kolata.
ID_XGOOWY,Liboso na ngai nazomona bamatiti ebele likolo na yango nazomona balabala na kati na yango nazomona bamituka na bato ebele bazotambola.
ID_XGTHZP,Nzela esi ebebi bato bazoleka ka na nzela wana ndenge wana.
ID_XHGAJR,Elembo ya mboka ezali bongo na langi ya pembe na makomi na langi ya chokola.
ID_XHJUVO,Bandeko eloko nazomona awa na misu na ngai naza obele na kati ya ndako me ndako yango monaza na place oyo babengaka na monoko ya lopoto na sale a mange na sale a manger oyo namoni bato bazoli ya bilei eza papa mama na mwana na ye baza na kati ya salle a manger baza na mesa bazoli ya biloko ya kolia.
ID_XIHAIR,Awa namoni balakisi biso mwa mpuku moko ya monene makasi e namoni eza mpuku oyo ezalaka na zamba na se ya mabele.
ID_XIPYIV,Awa nazomona tomwa babole moko boye oyo batiaka biloko ya kolia na kati otia na frigo babole yango sikoyo moko eza na coulere ya mosaka moko eza na coulere ya mai ya pondu bole mosusu eza na coulere ya motane bole mosusu eza na coulere ya lilala.
ID_XIZBQT,Awa tozali komona bazolakisa biso baza kolakisa biso monima tomoni sima monima nzete moko pe ezali wana kasi tomoni motu moko atelemi na ngambo ya balabala azali kotala monima yango motu yango alati pembe na mwindo na kasaki moko na mabeka na ye.
ID_XJNTHO,Oyo eza logo ya république du congo brazzaville logo yango ezalaka unité travail progres ezalaka na dessin mo neti lion asimbi moto na ba elépant mibale Sassu ngeso pe logo na ezala ba éléphane.
ID_XKEGLX,Zvinwiwa zvedoro rechirunguro mumabhodhoro rebhureki rebhoro. Riri mabhodhoro ane bepa rine zitsvuku. Ari mufiriji yegirazi inoonekwa zviri mukati kuti atonhorere. Ari kutengesewa akazara mufiriji.
ID_XKFXQJ,Motuka esali mikolo ebele ezali ekufa liboso ya lopango oyo ya polisi toza komona batole na ba fenetre ebele.
ID_XKPYUW,Liboso na nga na moni eza kabato abato monene kabato oyo batiaka ba buku ya kotanga nde na moni yango liboso na nga batie ba buku wana kitoko mpenza moi epesi mposa ya kotanga.
ID_XLFFGX,Mumugwagwa unoratidzika kuti unofamba mota dzakawanda. Kumativi kwawo kune vanhu variko. Vanhu ava vanosanganisira varume vaviri kozoti mukadzi akamira akatakura bhegi.
ID_XLNHAF,Na elili oyo tozomona esika bazolakisa biso moto ya loposo ya mondele azoli koloba liboso na ye ezali na mikro ya molai liboso na ye ezali na eloko esika bakomi na monoko ya lopoto secretary general.
ID_XLPSXR,Vhudzi refu rakasvibirira rakarukwa zvakati tsepete nomusoro. Nechapanhongonya panewo madenderedzwa amaraini ayo akanosungwazve vhudzi richinorembera. Poitawo mimwe mitaro inobva nechepanhongonya ichidzira musoro wese kuchizoiswa zvuma pekupedzisira.
ID_XMKMDY,Zvuma zvakarembedzwa kuti zvioneke hunako hwazvo kune vanenge vachida kuzozvitenga.
ID_XOSHIU,Awa tozali komona ezali na kati ya nzela tomoni balakisi biso bisi moko ya monene mpenza ezali na langi oyo ya pembe kasi ezali kokende na pembeni na yango tomoni bato bazali koleka bazali kokende esikaa songolo.
ID_XPFQKJ,Eloko balakisi nga a bandeko na miso na ngai eza obele ndako moko mpenza ya kitoko ndako moko ya monene ndako oyo balobaa monoko ya etage eza ndako ya ya etage epi eza ndako moko eza langi ya pembe pembe epi ba vitre nyango eza langi ya moindo.
ID_XQRCWT,Likolo ya mesa ezali na sani ya pembe ya mbele kasi ozomona eza na lutu na sani yango eza na kati eza loso na pondu na madesu kasi boye eza na mbisi ya kokalinga yango nde babengaka mpiodi boye ozomona pe pilipili yango eza elengi.
ID_XQUAPC,Ekeko ya moto eza likolo motango aza molai atelemi azotana ngambo kuna alati kazaka ya molai ya molayi ekomi na makolo batelemisi ekiki yango likolo ya beto moko boye ya langi ya mbwe.
ID_XSCBVZ,Chaja yerudzi rutema ine tambo refu yakamonerana monerana. Kumusoro kwayo kune tuzino tuviri twesimbi tunova tunobairirwa kumadziro kuti tutore moto. tichiisa kuti tuchaje midziyo.
ID_XTDFEU,Elili oyo na moni liboso na ngawa na moni mwa nzete ya kitoko mpenza nzete oyo emonani eza nzete oyo ba bengaa yango na monoko ya lopoto bambu eza kitoko mpenza.
ID_XTVWHW,Awa nazomona lokolo moko ya sapatu ya basi ezaka lokolo moko ya sapato ya basi.
ID_XUVOLK,Muti yakamira pamberi pamusoro pedombo reruware rwe girinaini.
ID_XVWCUU,Awa tozali komona bato mingi tozomona ba elenge mibali batelemi oyo bazali kosala makambo ya miziki ya kobina baza na tolopamba balati eloko te na likolo kasi na se balati biloko ya langi ya mosaka tomoni na basi mibale pe baza na kati na bango mosala na bango ezali kobina koyemba yango wana baza kolakisa biso.
ID_XXFOBP,Awa namoni eza milangi mingi na kati ya milangi namoni eza ba savon ya likide ya kosokola maboko nde nazomona awo moko eza na couleur ya vert na mosusu eza na couleur ya rouge nde nazomona.
ID_XXGTFT,Bana-kelasi bazosala masano bazosala epese oyo moko asoute alati bilamba ya lange ya bozinga misusu bavandi na se balati bilamba balange ya pembe misusu balati bilamba ya langi ya mai ya pondu misusu balati bilamba ya rose misusu balati bilamba ya mitani bavai na mabele.
ID_XXNSTV,Elili oyo ekolakisa loboko ya mwana mwasi ekolakisa ebombeli ya kisi ya langi ya pembe pe elili ya mwana moke alati elamba ya mosaka ya koseka ekombo koma ezali na nkombo pe ya kisi yango na bokono ya kobikisa.
ID_XXRGUZ,Muti une mashizha egirinhi akachenerukira nezvivana zvine ruvara rwebhurauni zvakawanda. Muti uri padivi pemudhuri. Mukati memudhuri mune zimuti zihombe rine mashizha egirini akawandisa. Pane mumwe muti une tumabazi twakaenda mativi tune mashizha tudiki twegirini. Panze pemudhuri pane tumaruva tune tumiti twegirini.
ID_XYNEAZ,Na esika tokomi awa nazomona eza obele papa moko boye papa oyo na monoko ya lopoto babengaka ye aza obele professeur professeur oyo na moni aozwa biloko abengaka ba cre autia yango na kati ya ba carton.
ID_XYNGYT,Mureza mumwe chete mutsvuku pakati pawo pane denderedzwa guru richena. Mukati maro mune nyeredzi nemwedzi zvitsvuku.
ID_XYRMYH,Mitsvairo yakatsveta pasi yakaturikidzana yekutsvairisa panze uye mumba. Vamwe vanhu varikufamba vamwe vakagara. Motokari yakamira mumugwagwa.
ID_XYSGOD,Umu muchitoro munoita zvekutengesa midziyo yekubikira. Mimwe midziyo ine mibato mitema. imwe midziyo ine mibato yeruvara rwegoridhe.
ID_XZETLA,Bazo kumisa Mtn awa.
ID_XZTSMF,Motokari dziri kufamba pane mugwagwa wakaiswa tara. Mugwagwa wacho uri pedyo nemiti yemijakaranda. Miti iyi haina mashizha akawanda uye ine maruva airi kudonhedza. Panewo rusvingo ruri kumberi runodzivirira kuti vanhu vasaende kudzimba dzevanhu nepavanoda.
ID_YAZDEC,Foto elakisi biso mwa poltapare ya kitoko pe na se eza na mwa place ya kotia yamwa biloko mosusu pe portapare oyo eza na mwa mabaya moko ya kitoko pe langi moko ya kitoko mpenza pe na moni eza na mwa bapine okoki kodeplace yango.
ID_YBCTRD,Murume muchena akagerwa ndokugadzirwa bvudzi rake zvakanaka. Murutivi rwemusoro make munoratidza kuti makagerwa bvudzi rakasiiwa radoko. Nechekumusoro bvudzi rakasiiwa rakakura ndokubva ratwasanudzwa richitarisa kumberi zvine unyanzvi.
ID_YBFFUC,Chidyiwa chinonzi tsangamidzi. Chinomerera muvhu. Chinonzi chinorapa zvirwire zvakasiyana kusanganisira mudumbu nedziwa nezvikosoro. Inovava imwe irapa yakachekwa.
ID_YCUAQR,photo nazomona liboso na ngai nazomona ndeko mwasi ya mokolo asi akoli asimbi mwana na maboko pe soki totali malamu mwana yango azobela aza na nzoto kolongono te
ID_YEGQGO,Sadza rakapakurwa nemuriwo wakanaka. Pane sadza rine ruvara ruchena koita muriwo neruvara rwegirini kobva kwaita mhashu. Mhashu dzinoratidza kuti dzakanyatsotsvukira uye dzinonaka.
ID_YEIYDD,Na bilili oyo nali komona awa balakisi nga mai ebele pe namoni ba mabanga na kati ya mai oyo te namoni ma soki namoni malamu kuna namoni ba nzete pe na ba ndako ya milayi.
ID_YGOOHY,Shangu dzemunhurume dzakapfekwa dzeruvara rusvipa uye dzakavharika kumberi kumashure kwakavhurika dzakanaka kwazvo.
ID_YGQLTC,Liboso na nga awa namoni balakisi ngai na mesa ba mwa etene ya citron na mwa asiete nde yango oyo tomoni awa.
ID_YHBQZY,bilenge mibali bango wana baza na molongo kasi baza neti kobeta bale yango wana bazibongisama mpona kobeta bale balati pe bilamba ya kokokana ya pembe
ID_YHQRIM,kisi nkombo nango doxycycline eza na bwate ya pembe na langi ya pondu eza bakisi ya komela mpona kosalisa bato baza na infection.
ID_YLFNDR,Aya maruva maruva echirungu. ukatotarisa paanotona kuti ane angradza kuti anodiridzwa uye ane utano ukatotarisa unotona kuti akutobereka michero yawo uye ukatotaisaanoratidza kuti anobukira nepasi.
ID_YLGJGF,Nekiresi nemhete zvakatsvetwa pachimudhori chine ruvara ruchena zvine ruvara rwegoridhe. Zvakabatwa neruoko kutsigirwa. Zvakatsvetwa pasi pane ruvara rwegirini.
ID_YLLAAX,Maruva akadyarwa ayo arikukura. Anewo mashizha egirinhi mamwewo arikubhuruma zvine ruvara rwepichi. Anonakisawo nzvimbo pangava pamba kana papi paakadyarwa.
ID_YLLSZV,Awa na moni eza buku moko boye likolo ya buku wana ba desine mwana mobali aza likolo ya mwa nyama na mwana mwasi aza pembeni.
ID_YNKOQY,Awa nazomona mashini awa.
ID_YOANOW,Ndiro ine ruvara rutsvuku ine chikafu yakagadzikwa pamusoro petafura rine ruvara rwebhurauni. Ndiro iyi yakapakurirwa sadza. Sadza rine ruvara ruchena uye mune nyama yakakangwa zvinonwisa mvura ine ruvara rwebhurauni. Padivi pane girazi rine chinwiwa chine ruvara rweorenji.
ID_YOMUYB,Muti unenge mupopo uri pedyo zvikuru netambo dzamagetsi. Kana ukabatira kutambo idzi vazhinji vanobata mupopo uyu vanogwinwa. Pane shiri dzakamharawo pamusoro petambo yapamusoro.
ID_YOWFFV,"Nzvimbo yakaungana vanhu vamwe varikuita zvekutengesa mbatya. Pane mudzimai wakabata mbatya dzaari kutengesa. Mudzimai uyu arikutengesa mbatya dzine ruvara rwegirini, dzimwe dzine ruvara rutsvuku dzimwewo ndidzo dzine ruvara rwebhuruu."
ID_YPRMZQ,"Chirimwa chemaepuro chine kara tsvuku, mashizha egirini, mutanda wacho webhurawuni nemashizha mamwe eredhi."
ID_YQCOJH,"Masamusa akawanda kwazvo ane ruvara rweyero. Akatsvetwa pachinhu chakafara uye akaiswa miriwo yakasiyana siyana yakachekwa chekwa. Pane madomasi, bhurokori, bonyeni neremoni."
ID_YQXMBU,Awa tomoni ndako moko esili te esengeli babongisa yango ekomi ya paka ekomi esali mikolo ebele esengeli basala eloko babengi renovation po esi ebebi esi ekomi ya kala.
ID_YRDTWP,Ba nzete ya milayi na langi ya pondu.
ID_YRXNJR,Motuka oyo ezali neti ya sika kasi ozomona ezali motuka neti eza kitoko pe makasi mingi yango eza na langi ya mwindu eza pe na langi ya mbwe.
ID_YSXMAC,Na esika na komi awa bandeko na omoni eza na amwa nzela moko ya mabele na pembeni na nzela na mabele na moni eza obele ba mituka mibale etelemi wana ba mituka oyo eza na langi ya mayi ya pondu.
ID_YSXZVS,Motuka moko ya monene etelemi eza na langi ya motane eza pe na milongo ya langi ya mosaka na nsima na yango eza na langi ya pembe eza na bapina ya minene na se na yango pe eza na langi ya pembe.
ID_YTBYDD,boye ezali balabala ozomona mituka na bato pe baza pembeni ya mituka yango ya monene yango eza na langi ya pembe kasi ndako yango eza molai kasi eza neti ya kobetela boye yango eza neti ya kala eza na langi ya mbwe.
ID_YTIZJS,Gonye rine ruvara rwebhurauni rakasimudza musoro uye rine dumbu rinoratidza kuti rakaguta uye rakaiswa panotefetera pane ruvara ruchena.
ID_YUBNIJ,Na bilili oyo nali komona na sani oyo namoni pondu namoni bakwanga namoni pe ba misuni ebele biloko ya kolia oyo eza ya kitoko.
ID_YUELGH,Awa nazomona logo bakomi luxio beauty land.
ID_YUFIOJ,Awa na moni eza esika batekiselaka biloko mingi liboso na ngai nazomona na kati ya etagere bamilangi ebele bazozela bato baya kosomba.
ID_YXYKJA,Na esika tokomi awa namoni bazolakisa nga bandeko eza obele esika baotekisa babiloko oyo bakomiaka na yango na kati ya kelasi oyo babenga yango ba cre oyo eza ba cre ya ndenge na ndenge ya balangi ya pembe ya motane.
ID_ZABUUU,Mureza wenyika yemuAfurica Une ruvara rutsvuku kurudyi neruvara rweyero kubva kumusoro kuri kuruboshwe ichiteverwa negirini.
ID_ZCEOXY,Ndako kasi eza ndako ya molai ya monene kasi ndako yango eza na lopango moko eza na lopango yango eza mwindu yango ndako yango eza neti mwa ya kala eza sika te ezaesika bato bafandaka esika bato bafandaka.
ID_ZCKRYZ,Bakonzi ya mapinga mibale bafandi na buroa moko alati teni ezali na langi ya moindo pe asimbi vere na maboko mosusu alati teni oyo ezali na langi ya pembe.
ID_ZDNNEM,Awa balakisi ngai bana mibale mibale bafandi baza na kati ya ndako bana mibali.
ID_ZDVLXF,poto namoni namoni eza poto ya sapato batu balataka eya mwasi
ID_ZFGUDY,Sango hombe rine miti mizhinji yakasvibira uye rinoratidza kuva neivhu dzvuku. Rine sora rakaoma uye parikuonekwa chikomo chine miti mizhinji.
ID_ZFITUP,Na foto oyo nali komona balakisinga eza na kati ya lopango ya blangi ya motani pe namoni bandako mibale moko eza na balangi ya moindo na mosaka mosusu eza na balangi ya pembe pe namoni biloko libanda babasin na balipapa.
ID_ZFMADM,Na bilili oyo nali komona bandeko mibali baza bakonzi batelemi bamosusu ba jeune bafandi na se te nali komona balakisi ba moko balati makulu ngulu.
ID_ZGAKHJ,Likolo ya carro ya pembe mapapa ya bilenge basi na langi ya moyindo moko emati likolo ya mosusu nyonso ezali obele pembe makomami na langi ya lilala.
ID_ZGDMMV,Zvidhori zvakawanda kwazvo zvakapfekedzwa zvuma kuitira kuti vanotenga vaone kutarisa uye zvindori zvakawaridzwa pasi zvichiitira kutengeswa.
ID_ZHLJBD,Ruva rakadzvarirwa muchinhu chinenge vhiri remapuranga. Chivhiri ichi chakatsigirwa nedombo kune rumwe rutivi. Kuseri kweruva iri kune matombo nezvimwe zvinhu zvakadonha pasi uye kune chitsiga chemuti.
ID_ZHXHFH,Foto elakisi biso mwa motuka ya monene pe eza motuka camion pe namoni likolo bato baza ebele babimi mwa voyage moko ya mboka pe namoni motuka oyo kombona yango benz ezalaki motuka moko ya kitoko pe ezalaki motuka moko ya makasi mpona ba voyage pe mpona komema biloko mingi.
ID_ZJIPOW,Rin'i yakabatwa muruoko memunhu ichiratidza nzara dzakachikwa zvakanaka. Rin'i iri ruvara rwesirivha nechekumusoro ine ruvara rwegoridhe. Kumashure kuri kuonekwa nzvimbo yekurongedzera mabhuku ine ruvara rwebhurauni.
ID_ZJNTLH,Miti yakachekwa nechinoshandisa kuchekwa miti yacho inonzi soo uye zvisimbi zvakasiyana.
ID_ZNCIGH,Chitoro chinotengeswa hembe dzechimanje manje nemabhegi echimanje manje. Pana mai vakatakura bhegi ravo ravakaisa kuruboshwe rakagadzirwa zvechimanje manje nejira pakati rikaiswa mufananidzo uripo wakanaka.
ID_ZNLWNB,"na elili oyo eza liboso nangai awa nazali komona mutuka, mutuka moko ya munene, mutuka oyo eza mutuka oyo ememaka bato, oyo namonoko ya lopoto babengi bus pe bus yango ezali bongo na langi ya pembe"
ID_ZOCOTL,Motuka a monene pino na yango etoboka etelemi liboso ya esika oyo eza na bendele bendele yango ya langi ya pondu ya mosaka na ya motane motuka yango eza na langi ya mosaka liboso na yango eza na nzete ya mbila.
ID_ZOGMYL,Ndege huru iri mudenga. Yakaburitsa mavhiri ayo kuratidza kuti inoda kumhara. Ichena uye yakanyorwa namavara matema parutivi payo.
ID_ZOIAKV,Milangi ya savon mibale ya savon ya mayi mpona kosokola nzoto.
ID_ZPCTZV,Vatambi vange vachitamba mutambo. Varikuratidza kuti vakunda pamutambo uyu. Vapihwa masetifiketi uye vane menduru dzavari kuratidzira.
ID_ZPDKPY,Shangu idzi dzitema uyezve dzinoratidza kuti dzakasonewa. Nechekumashure kwadzo dzinoratidza kuti dzakuperera pasi nokufamba.
ID_ZPQRJW,Kasi ezali suki bakangi mwasi oo suki ya kitoko mingi ezali suki ya kolala kasi yango mpe eza molai mingi te eza kaka mokuse yango eza kokanga ye kitoko mingi eza na langi ya mwindo boye.
ID_ZSCIPF,Vatambi vesipoti yekiriketi vari munhandare yavo yekutambira kiriketi navamwe vakapfeka nhumbi dzakafanana dzinobvira kumusoro dzichidzira zasi uyezve vakapfeka mabhurugwa matema namasinika akasimba.
ID_ZSRKOJ,Tirikuona mireza yenyika dzakasiyana siyana. Pane imba inoratidza kuti panosangana vanhu vachiita misangano vanobva kwakasiyana siyana kana kuti wemapato akasiyana siyana. Tichiona mishina inoratidza kuti inogona kushandiswa kutumira nhau nezvivhitiviti.
ID_ZSWGRX,"Michero inopa hutano uye inodzivira kubva kuzvirwere inoti maranjisi mabhanana, tsangamidzi uye makerotsi."
ID_ZSWMQN,Eza ba manga bamanga yango eza etondi basin bamanga yango eteli eza ya kotela mosusu eza na se pembe na basin bamanga yango kitoko makasi elengi pe.
ID_ZTKFTF,Maruva akagadzirwa zakamaka uye miti inoyevedza. Motokari akamira. nedzimwe motokari dziri nechekure nemiti mihombe.
ID_ZUCSAV,Chitoro chakaiswa mataira anopenya machena. Pane marokwe nehembe dzechikadzi dziri kubudikira dzirikutengeswa. Nechekumberi kunewo zvakaita samabhachi nemasutu ayo akaiswa mumapepa arikutengeswa.
ID_ZUWDYE,Na bilili oyo nali komona balabala ya moindo namoni ba fleur pemben na balabala oyo pe namoni ndako ya molai pe ya kitoko balakisi nga awa.
ID_ZVCYRR,Patapata rakaiswa pasi pane ruvara repfumbu. iro patapata iri riri repurasitiki kune rimwe divi uyezve tambo yepamusoro iri yepurasitiki rimwe divi riri puranga. Patapata iri rinoratidza kuti rakapfekwa kwenguva yakareba.
ID_ZVIXHA,Imba yokurarira ine mubhedha wakaiswa zvokufuka. Jira rakadhizainwa zvakanaka nemaruva akasiyana siyana. Kune makabhodhi kumadziro ekurongedzera mbatya nezvimwewo zvinhu. Kune rumwe rutivi kune fafitera nemaketeni.
ID_ZWVNEU,Awa na moni eza na kati ya zamba liboso na ngai nazomona banyama mibale oyo babengaka na monoko ya lopoto singe.
ID_ZXGTRS,Na eleko nazomona awa na misu na nga bandeko namoni naza na katikati ya lopango lopango oyo namoni eza na mwa porte moko ya langi ya motane pembeni ya porte wana namoni koza mwa nzete moko boye ya monene epi.
ID_ZZXYLS,Na esika oyo tomoni baza kolakisa biso eloko babengi trombone fantaisie de clik ezali na kati ezali ba biloko oyo ya balangi mingi na kati wana tozali komona ezali ba bic nde ezali na kati.
