ID,Target
ID_AAOODF,bato ya masano ya baskete bazali kobeta baskete na terrain ya baskete bayi bongo bilenge mibali balati bilamba na bakilote na basengle na langi ya lilala mosusu langi ya bozenga.
ID_AAPBIE,Chikwata chevanhurume vomutambo webhasiketi bho chiri munhandare umo mune vanhu vakawanda vari kuona mutambo uyu. Vatambi ava vakapfeka hembe tsvuku vamwe zvichena. Pane bhora riri mudenga. Vose vari kurwira kuti vabate bhora iri.
ID_AATKGX,Pane ndege iri kumhara kana kuti kusimuka yakanzi EC Air. Ndege iyi inotaridza mavhiri mana matema. Kozouya bapiro rimwechete rinoonekwa.
ID_AAYKBF,na foto oyo nali komona balakisinga awa eza karton moko ya alimente batiango likolo ya libanga moko ya monene karton oyo eza na balange ya motane ya pembe pe ya mosaka na moindo.
ID_ABPNFQ,Awa namoni balakisi biso bana mibali mibale oyo batelemi na kati ya ndako namoni eza bana mibali oyo basalaka spore oyo ya karate.
ID_ABXLTD,Awa mama kasi azotambola na mwana na ye mama wana alati elamba ya milai kasi yango eza na langi ya mbwe pe na langi ya mwindu kasi azosimba mwana na ye na loboko akubaki tambola.
ID_ACXWNX,Safu ya kotokisa na likayabu ya kotumba bweka bweni sani ya mbele na pilipili ya kotuta pilipili batuta.
ID_ACZEVJ,Iyi imhando yehuku ine manhenga akawanda ebhurauni ane machena musoro wayo muduku kupfuura muviri wayo makumbo ayo akatsika pasi panoratidza kuti pane masora ebhurauni matema maziso haasi kuoneka nekuda kwekufushirika nemambava akawanda muromo wayo wakanongedza mberi kumashure kune fenzi yegireyi.
ID_ADOMPT,Shiri hombe yakacheneruka yakamhara padanda rakaoma rakapinda mvura iri kuwongorora mvura kuona kana ingagona kuziwanira hove yekudya.
ID_ADUOVN,Madomasi akawanda akatsvuka arikuratidzirwa. Arikutengeswa kuti avo vanoda kuwana zvekurungisa usavi vazvitengere vondobika kudzimba dzavo.
ID_AEYASK,esika tokomi awa na omona na miso na nga balakisi ngai bamabanga mabanga ya monene mpenza mabanga mwa minene minene pe na nsima mabanga minene minene oyo na omona bato ebele baotala bamabanga wana.
ID_AFAKEG,Foto elakisi pano publicitaire ya aviation moko ba bengaka yango lengo express.
ID_AFXWKR,Vanhu vechirume vakawanda vakamira panzvimbo inotambidzwa mutambo wechirume webhora. Pane huswa huri kuonekwa hweruvara rwegirini kwoita mitsetse yakadhirowewa pasi yeruvara ruchena. Nechekumusoro kune macheya panogara vanhu vane ruvara rwakachena nerutsvuku.
ID_AGTPRM,Awa toza komona mesa na bakiti mibale tozomona bati yango esika moko bazolakisa biso ndenge ezali kitoko tomoni likolo ya mesa kamwa kopo moko ezali ezali kitoko mpenza ezali kitoko ndenge baza kolakisa biso yango awa.
ID_AICQQG,namoni kisi oyo esungaka mpona malali ya libumu na kati na ndaku na yango.
ID_AJLYXZ,Mberi kuemba kune French dole ine mabha machena uye mawindo ari kuoneka mukati. Mune masofa eorenji ne meti iri padhou yekaki ine zvitema. Panze peFrench dole pane mataira ari pasi.
ID_AJXJQK,Awa ezali buku oyo bakomi je bouquine tomoni bakomi événement seigneur de zano yango wana bakomi bazo lokisa biso awa soki okoti na kati okotanga okoyeba biloko nini bazali koloba na kati kuna.
ID_AKEEIU,Munhukadzi akagadzira kumeso kwake. Akadhirowa tsiye dzake akapenda muromo. Munzeve dzake muna mhete dzakarembera. Musoro wakarukwa namabhureidzi akasungwa padivi napadivi.
ID_AKEKCT,Awa namoni eza na kati ya bilanga liboso na ngai nazomona mbuma moko ya kitoko pe ya elengi mingi.
ID_ALYEKY,Rokesheni rune dzimba dzakawanda. Pane iri padivi ine denga rine mataira matema. Pamberi payo pane motokari chena. Imwe ine denga rine marata egirinhi. Parutivi pedzimba pane marambi omumugwagwa.
ID_AMCCBI,Simbi inodaidzwa kuti shoko iyo inoshandiswa pamotokari yakagadzirwa nesimbi inoita basa rekuti motokari isanzwika mabhambi kana ichifamba.
ID_ANCBYL,"Kisi ya bokoko,eza kisi ya bokoko."
ID_ANEMZF,moto aza na makolo azotambola na nzela liboso na ye nzeta ebende ezali na nsima na ye motuka moko pe etelemi alati masapato ya pembe na likolo alati elamba eza na balangi mingi.
ID_ANHQMY,esika na komi awa nazomona eza pembeni ya balabala na balabala yango naomona bamituka bamituka ndenge na ndenge namoni koza bamituka mibale ya moke ya bavoiture eza langi ya vert epi pembeni yango namoni koza camion moko ya pembe ya carossirie ya bleu a vrema liboso na yango namoni mpe koamwa ndako moko ya etage ya kitoko moko monene.
ID_ANZHBV,bilenge mibali ya mibale bazali bongo kobunda bazali bongo bato ya ndembo oyo babetaka makofi ndembo na bango ezali ya kobunda na bamakofi.
ID_AOHRVC,Awa nazomona liboso na ngai mwana mwasi atelemi kitoko bauti kobongisa ye suki na kati ya salon de coiffure.
ID_AORESO,awa nazomona bana basi misatu eza neti oyo mwasi ya katikati nde mama na bango bao mibale baza bana na ye bakangi bango pe suki ya meshe ya kitoko baza basi kitoko na mama na bango.
ID_ARBIRT,Eeh awa namoni balakisi biso mwa lipapa ya jaune ya kozuluka namoni eza lipapa oyo ya bana mibali batiango na se na kati ya ndako.
ID_ARHAXW,awa nazomona emballage ya kisi eza na kisi na kati kasi kisi yango eyebani te soki pe ebikisaka maladi nini nayebi te.
ID_ARVDNP,foto elakisi biso mwa loboko esimbi mwa kisi kisi oyo eza kisi ya kitoko kisi oyo ebumbaka mwa nyama oyo ezalaka na libumu ya butu oyo epengaka bato babeli na mwa libumu pe bayoki mpasi kisi oyo ekumbona yango pentanazole oyo ezalaka makasi na yango.
ID_ASBDUP,eloko nazali komona milangi mibale to misatu ezali milangi ya ba fruit po a na zali komona na molangi moko ba desinaki anana ekoki kozala ba jus ya anana.
ID_ASIPKU,camion eza na kati ya wenze elingi konyata biloko na se camion eza na kati ya wenze tomoni bato baza na kati ya wenze oyo camion eza koleka na kati ya wenze.
ID_ATIDGP,"Kapuka kasiri kunyatsooneka kumashure kwacho. Kapuka kacho kane ruvara rwegirini. Makumbo maviri ari kuoneka, matete asi ane zvekubatira kumberi. Panewo kamwe kakada kuita kunge kauswa kakareba kane ruvara rutema kakakwira mudenga kachibva pachipuka chacho."
ID_ATIYKD,na elili oyo bazali kolakisa biso tomoni ezali bongo na kati ya ndako soki nalobi na kati ya ndako po nase tomoni batandi tapis likolo ya tapis yango tomoni lokolo ya sapato moko ya ba ndeko mibali.
ID_ATTFDF,boyekasi nde nazomona liboso na ngai eza na baboite moko boye baboite yango eza en plastique kasi nazomona eza na langi moko ya mosaka mosusu pe eza na langi ya bozinga boye kasi nazomona eza na balangi mosusu ya lilala pe na langi moko ya pondo.
ID_AVMULW,motuka ya kitoko ya mwindo mpona bakonzi to pe libota.
ID_AWJYKX,awa namoni tata moko alati kitoko aza na suki ya pembe aza na kati ya ndako bazo solola makambo ya politike.
ID_AYAUMX,Midziyo yekubatanidza mapepa inodanwa nezita rekuti sitepura. Yakasiyana siyana imwe ihombe imwe mudiki. Pamuhombe pane une ruvara rutema iri nechekumusoro koita dzidiki dzine mavara machena. Koita imwe ine ruvara ruchena yoita ruvara rutema nechepamusoro.
ID_AYEGYT,Michero yakatemwa kubva mumuti ikaunganidzwa. Ine ruvara rwakaita rutsvuku uye imwe yakada kuita sepepuru. Yakawanda iri pasi ipapo. Imwe yacho ine tutanda twakabatira payiro tuchiri girini. Michero inodyiwa nevanhu nekuti inobatsira kusimbisa muviri yavo zvekuti kana vazorwara havanetseki kukurumidza kukora.
ID_AYRYPF,liboso na nga awa nazokomona sapato moko sapato yango eza ya gris batia yango na likolo ya kitambala moko ya bozenga.
ID_AYSLAJ,Nzvimbo inoitwa zvekubika bika pane nyama yakawanda iyo irikugochwa pamazimbe ayo ane murazvu unoonekera kubva mumasimbi.
ID_BBQWLS,Elili eza liboso na ngai namoni mwa vaitire ya kitoko etelemi pe eza na se ya nzete moko ya kitoko na balabala pe namoni motuka mosusu ezotambola ya moindo.
ID_BBUQAC,Mureza une ruvara rwebhuruu. Une chiratidzo chiri kuruboshwe kwawo nechekumusoro chine ruvara rutsvuku uye ruchena. Zvakare kurudyi kuri nechekuzasi kune nyeredzi dzine ruvara ruchena.
ID_BCOIMC,Michina miviri inoshandiswa nevanoita zvekugadzira magetsi uyezve padivi pacho pane michina ine tambo inoshandiswa pamwe chete nemimwe michina iripo.
ID_BDLDQK,Vatambi vebhora vakamira munhandare. Vakapfeka hanzu dzakafanana neshangu mumakumbo avo. Vakamira vakatarisa zvichiratidza kuti vari kutorwa mupikicha zvekare vari kuimba nziyo yekusimudza mureza wenyika yavo.
ID_BEAXGU,Muti wakanatsopfumvutira. Une mashizha akasvibira uyezve unoratidza kuti une mumvuri wakanaka. Muti uyu une mapazi akawandisa.
ID_BEBWRK,Tsangamidzi yakagadzikwa patafura yakachekwa mapisi chimwe chidimbu chakasiiwa chakadaro. Inogona kudyiwa yakadaro kana kuita zvekubikwa.
ID_BHMOUC,"Awa bolakisi biso photo oyo, bana misatu bazoseka, moko amonani te, mibale bazoseka."
ID_BMAMTU,"Shangu imwe chete yomunhukadzi yekurutivi rweruboshwe. Yakavhurika, ine pekukochekera, ine zvitambo, ine ruvara rwebhurauni pamusoro nepingi kumativi."
ID_BMRJMV,likolo ya mesa eza na eloko oyo bana-kelasi basalisaka yango eza neti libende libende yango eza na langi ya bozinga esalisaka bana-kelasi mpona kosalisa ango na kelasi na bango.
ID_BNABME,na bilili oyo nali komona balakisinga awa eza sapato moko ya bana basi batie likolo ya mesa bato oyo eza na balangi mibale ya motani pe ya mosaka.
ID_BNBXHO,Vana vaviri vari kuratidzwa mumufananidzo uyu vari kuita sevari kuda kutenga zvinhu pamusika. Vana ava vakapfeka nhumbi dzechikoro uyezve vana ava vakabereka mabegi emabhuku. Mutengesi ari pamusika uyu akagara pachigubhu cheyero.
ID_BNWLVQ,Tomoni papa na bana na ye aza kokata mwana na ye suki pembeni na bango eza bana mibale baza kosakana toza komona kuna mosika baza neti baza na pisine.
ID_BNYYWA,cheneti ya kingo na ya loboko ya wolo.
ID_BODVLJ,"Awa namoni eza na bana mibali moko oyo batelemi liboso ya stade e namoni pe eza na bamisusu oyo bafukami, namoni eza bana mibali oyo babetaka ndembo ya maboko."
ID_BOVFVV,na bilili oyo nali komona balakisinga eza batomate oyo bakati yango pe ebele te eza kaka na balangi ya pondu na kati namoni balangi ya pembe.
ID_BPMRMX,"Zvuma zvirimukati mechitoro zvakaitwa maputomaputu. Zvimwe zvineruvara rweyero, zvimwe zvineruvara ruchena neruvara rutsvuku neruvara rweyero uyezve nezvimwe zvineruvara rwepepuro neruvara rwebhuruu."
ID_BQTUGO,Bhatafurayi rakamhara pasi. Rinoratidza kuti rine mavara mavara. Nechekumusoro kwemapapiro aro rinoratidza kuti rine ruvara rutema yobva yaita ruvara ruchena. Nechemuzasi tichienda kumutumbi rinoratidza kuti rine ruvara rutsvuku. Kumutumbi waro rinoratidza kuti rine ruvara ruchena nemavara matsvuku.
ID_BRLAKJ,awa ezali lisanga ya bakonzi ezali na reunion eza kosola makambo ya mboka.
ID_BRRHVM,esika tokomi awa ba ndeko eza na kati ya bala bala na bala bala oyo na moni eza mwa mutuka mutuka ya langi ya mayi ya pondu puis libanda ya mutuka oyo nazo mona eza mwa mama moko azo tekisa ba mikate.
ID_BRZJGE,Mukomana akamira pamberi pechidziro akabata bhachi mumaoko make. Ane shangu dzekufambisa dzitema uye iye akapfeka hembe nhema imwe yakanzi naiki.
ID_BSBTOV,"Foto eza liboso na ngai namoni mwa bilei likolo ya mesa pe na ba mwa sani ya kitoko, biloko oyo eza mpenza ya ba ndele oyo namoni eza ba misuni oyo ba salaki yango na kati ya boulette pe na kati ya boulette oyo namoni batie mwa mak, pe kuna moni ba sani mosusu ba salade eza na kati."
ID_BSCHXE,Liboso na nga na moni mwana mwasi mwana mwasi kitoko ya pembe na loboko na ye na moni azwi oyo babengaka na monoko ya poto sakame alati pantalon ya bozinga na moni batongi ye suki na ye malamu ba suki na ye eza na ba langi ya motani nde na moni yango liboso na nga.
ID_BUPBKJ,loboke simbi nzeta fufu.
ID_BVLOQR,"Mapushi aneruvara rwakasiyana runoti yero, rutema nemachena, neebhurauni neekirimu. Uyo anopfekwa nevanhukadzi. Akagadzirwa nemachira pamusoro akasimba."
ID_BVRWJF,Zvuma zvakapfekedzwa pazvidhori zvitema. Zvuma izvi zvakafanana mhando asi zvinozosiyana ruvara. Zvimwe zvuma zvine ruvara rwebhuruu namavara-mavara. Zvimwewo zvuma ndozvine ruvara rweyero namavara-mavara. Zvimwewo zvine ruvara ruchena namavara-mavara.
ID_BVVWIJ,Nzvimbo ine miti uye huswa. Huswa hwacho hauna kunyanya kukura. Hurikuwanika kunze kwerusvingo runodzivirira imba. Huswa hwacho hwakatsvukuruka hurikuita sekuti hauna mvura. Mukati mune miti yakakura. Miti yacho ine ruvara rwegirini.
ID_BVYDAO,Kasora kanokura kachitambarara. Kanowanzotambarara pamusoro pemvura. Kane mashizha akanakisa akada kuita kakutenderera ane ruvara rwegirini nemamwe ane ruvara rwakaita kayero.
ID_BWBLLL,na bilili oyo tozali komona awa liboso nabiso tozali komona bongo ba sabuni soki totali makambo bakomi naba carton yaba sabuni yango ezali bongo oyo mutu asokoli saka yango nzoto.
ID_BYLITH,Muchina wezvinwiwa une zvigaba pamusoro zvegirazi. Mukati mazvo mune zvinwiwa zvakasiyana. Chimwe chine chinwiwa chitsvuku chimwe chinwiwa cheyero.
ID_BZCOAH,Shangu mbiri chena dzakagarana dzine mukati mebhuruu. Pamusoro peshangu pane mabhande maviri.
ID_BZZNTU,"Nhandare yemutambo wekunzana nemasimba kana kuti wetsiva. Mune ruvara rwebhuruu pasi neruvara rwakaita bhurauni. Mune zvigaro zvine ruvara rweyero, rwegirinhi nerutsvuku. Mune maraiti anopfuta pamusoro. Mune vanhu vakagara nevakamira."
ID_CAEBSB,na liboso na ngai awa naa komona foto ya sapato sapato yango ndenge ezomonana eza na bosoto mingi eza na bosoto mingi pe sapato yango batia yango likolo ya tapi eza bakaroti eza batapi.
ID_CBBJNH,Vanhu vatatu vari kufamba mumugwagwa unoita seuri mudhorobha. Pavanhu vatatu ava pane vakadzi vaviri nemurume mumwe chete. Murume uyu akapfeka mudhebhe mutema uye hembe tsvuku nekepisi. Madzimai akapfeka hembe nhema.
ID_CBWTCL,awa nazokomona ba flaco ya mafuta ya kopakola eza mine yango nyonso eza marque moko texerile eza mafuta ya kopakola.
ID_CCEJUY,awa namoni liboso na ngai balakisi ngai eza bijouterie esika batekaka ba bijoux nde yango bazolakisa biso ba chenete na ba groumette bato balataka.
ID_CCJUEN,Ringi dzakapfekedzwa mumaoko maviri emunhukadzi. Rumwe ruoko rweruboshwe runoratidza kuti rwakapfekedzwa maringi maviri akandocheneruka anoratidza kuti ndeesirivheri uye rimwe ringi rakapfekedzwa kuchikumwe chekuruoko rwerudyi.
ID_CCMSCC,motuka oyo eza motuka ba bengaka camion eza motuka oyo e memaka ba biloko e memaka ba zelo e memaka ba mabanga ntango bato bazo tonga ba balabala ntango bato bazo tonga ba ndako mituka oyo nde e memaka ba zelo mpo bato ba tonga eza na langi ya pembe na ba pneu ya langi ya moyindu na pembeni wana eza na langi ya motane.
ID_CDDYTT,Vatambi vemutambo wetsiva vakamira vachiratidza unyanzvi hwavo. Havana kupfeka hembe kumusoro. Kuzasi vakapfeka zvigadugura. Vese havana shangu.
ID_CDKWBW,"Mwanasikana akamira akabata amburera yakavhurika. Kutsoka akapfeka mapatapata eruvara rweyero nebhurugwa pfupi. Nechekumusoro akapfeka hembe ine mavara mavara anoverengera yero, ebhuruu nepingi isina maoko. Mumusoro make akarukwa netambo dzeruchena."
ID_CDRINL,Ruoko rwakabata goka nhema yakabatidzwa kuti ipe chaedza murima.
ID_CEHWTB,Motoka minene oyo ekumba essence kasi eza na balabala eza motoka moko awa pembeni eza na balabala.
ID_CFSWOV,"Tafura iya ine ruvara rutema yakawaridzwa zvuma zvemuruoko nendarira dzemuruoko dzirikutengeswa uye dzakawanda dzina mavara matsvuku. Mamwe ane ruvara rutema, mamwe ane ruvara ruchena, mamwe ane ruvara rwebhuruu."
ID_CGBLNL,Mukomana akapfeka shangu nhema akamira pamwechete nebhurukwa dema. Muhuro make mune chuma uye mumaziso make mune magirazi. Kuruoko rwake rweruboshwe kunewo chiringazuva icho chaakatarisa.
ID_CHAYJC,Munhukadzi akarukwa madhiredzi. Madhiredzi aya ane ruvara rwebhurauni. Akapfeka nhumbi yekumusoro ine ruvara rwekirimu uye ruvara rutema.
ID_CHDRNT,"Liboso na nga na moni mai mai nini, pe na mai wana na moni kolona yango eza nzela.  Nzela ya mabele te, pe nzela oyo babengaka na monoko ya lopoto eza pon.  Nde na moni pe na moni ba mituka mingi, mituka pembe, pe mituka ya moindo, na bato mingi bazo pe na ba matiti  pene pene na yango."
ID_CIXTAN,Kapuka kadiki kakamhara pasi. Kapuka kacho kakaita senyuchi. Kane musoro wakakura uyewo kane mapapiro. Kapuka kacho kanogona kubhururuka.
ID_CJZEYO,na bilili oyo ba tieli biso molangi moko liboso na biso soki totali molangi yango ba tie yango na se molangi yango namoni ezali bongo na langi ya pembe na langi pe ya bonzinga soki totali malamu molangi oyo eko zala molangi ya malasi.
ID_CJZHQR,Pachiteshi chamabhazi pane makombi maviri akamira ane mavara akasiyana. Parutivi pawo pane bhaziwo rimwe chete rakamira rinoratidza kumberi kwaro kuchena. Nechemberi kune rimwe bhazi rakamira reyero.
ID_CKQPRT,Vanhu vari pakati pedhorobha vakarongerera misika yavo pamakadhibhokisi vakawaridza jira rine ruvara rwebhuruu. Vamwe vakapfeka mabhibhi ane ruvara rwegirinhi.
ID_CLCVQW,eloko nazomona awa na moni eza obele mama moko boye mama akokola vrema atelemi a liboso na ngai na moni mama yango alati mwa bububu mpenza moko ya kitoko atelemi na kati ya ndako na ye.
ID_CLUUGI,Zvipanera zvakaturikwa kumadziro zvine mizera yakasiyana siyana. Zviri pamusoro zvakasvibirira nekucheneruka. Zviri pazasi zvakasvibirira zvose.
ID_CMWEOJ,Munhurume nemunhukadzi vari kufamba padivi pemugwagwa vari pasi pechiwakwa chiri mudhorobha. Munhurume akapfeka mbatya ine ruvara rwebhuruu nemaoko marefu nebhurukwa riri kuzasi rine ruvara rutema. Munhukadzi akapfeka siketi pfupi inosvika pamabvi akatakura nebhegi rechikadzi.
ID_CNAAPA,Vatambi vebhora vaviri vakamira vachiratidza kuti vagadzirirwa kutorwa mufananidzo mumwe mupfupi mumwe murefu zvakareva nebvudzi rakachekererwa zvakanaka kwazvo.
ID_CNEWVO,Mafuta ya kopakola ya bana.
ID_CNHGQK,"Esika bana ba vandi awa na moni eza neti baza na classe, na moni bazo koma na kati ya cahier bango nyonso balati ba elamba ya classe ba bengaka ba uniforme."
ID_CNMTHU,Vanhu vakagara varikutengesa mbatatisi. Mai vakapfeka zvichena nedhuku rine ruvara ruchena. Pane mbatatisi dzavarikutengesa mirwi nemirwi. Pamberi pane murume arikufamba zvekare arikuratidza kuti arikutsvaga mbatatisi idzi. Kumberi kune vakawanda varikuuya varikutsvaga zvekutenga. Uye pane mukomana ane chingoro akamirira vanhu vanotenga mbatatisi kuti agovabatsira kuvaisira mugoro achivapereka.
ID_COIPSP,Vatambi venhabvu vari munhandare yave kutambira nhabvu vari vana vechikoro.
ID_COKZFV,Mbudzi mbiri dzakamira. Imwe iri hombe ine nyanga dzakatarisa kumusoro. Nechekumusana ine ruvara ruchena. Kumberi ine ruvara rwemambava akatsvuka. Chimwana chayo chiri pazasi chine ruvara rwakafanana namai asi hadzina nyanga.
ID_COUUAA,Zvigaro zvekugarira zvisina kwekuzembera. Izvo zvakagadzirwa nemapuranga uye zvine zvigariro zvazvo. Zvipfumbu zvakagadzirwa nepurasitiki.
ID_CQDCXT,Mombe ine musoro une ruvara rwebhurauni nepamuromo patema. Mombe iyi ine nyanga dzakaenda kumativi. Iri kuratidza kuti iri kutsenga nekuburitsa mazino akaenda padivi. Ine kahuswa pamuromo zvekare.
ID_CSUPIY,Nzvimbo inemaruva emhando dzakasiyana siyana ayo akaisirwa mavhu muzvipepa zvitema. Nzvimbo iyi ingangova inotengeswa maruva.
ID_CTDWOV,Motokari hombe yerori regonyeti. Yakatakura mabhero ekotoni mukati. Motokari dzinoshandiswa kutakura zvinorema uye zvinhu zvizhinji zvakadai semabhero iwaya kubva kuminda kuenda kunzvimbo dzekunotengesera donje.
ID_CUDWBK,Munhukadzi akachena. Akapfeka hembe ineruvara ruchena runotsvedzerera. Muhuro make akapfeka mhete. Musoro wakagadzirwa zvinonwisa mvura. Mumaoko mune mhete muzvigunwe mune mhetewo zvakare.
ID_CUHHNH,awa na kati ya ndaku esika ba bongisi yango bien pona ko yamba ba paya pona ko vanda ndaku salo esika ya ko pema.
ID_CUNQQV,Chipuka chakamhara pamusoro pematombo chinoratidza kunge gwavava. Rine makumbo mana okufambisa nomuswe wakareba uye rine musoro wakandotsvukuruka nomuviri uri muruvara rwakasvibiruka nomuswe wakatsvukuruka zvakafanana nemusoro. Rinoratidza kuti riri kudziya mushana riri pamusoro pematombo.
ID_CUPYSP,na esika oyo nazo mona ba nkumu bazo signe na ba buku ya leta pe tomoni eza batu misato mibali mibale na ndeko mwasi moko.
ID_CURVSX,na elili oyo nazomona esika bazolakisa biso motu asimbi ndambo ya bileyi babengi chou.
ID_CUSTOO,Mhete idzi dzakasiyana siyana uye ndenge tanhi dzekuisa muhuro. Nze dzegoridhe. Dzimwe dzidiki dzimwe dzihombe. Dzimwe dzine mavara akasiyana. Dzakaiswa patafura yebhureki. Dzakawanda.
ID_CUXBJJ,"Ruoko rwemunhu akapfeka bresireti nechuma dzine ruvara rwesirivha, rwepepoo nerwebhuruu. Pane maruva ari kuonekwa esimbi ane ruvara rwebhuruu nerwesirivha. Pazasi pane mucheka warikubudikira une mitsetse yeruvara rwakachena nezvitema."
ID_CVLFSK,Eya na moni eza sapato ya bana mibali.
ID_CWTEDX,foto elakisi biso mwa zamba zamba oyo eza zamba moko ya monene mpenza pe na kati ya zamba oyo namoni mwa mwasi ya vandi na ye emonani aza koluka bamwa biteni ya nzete po akende kolamba bamwa bilei na ye.
ID_CXBMDD,Tambo iri kuonekwa yemagetsi yakagadzikwa pasi pamataira ari kukwakwamuka ane ruvara rutsvuku neruvara rwebhurauni nemitsetse. Nechekumberi tambo yakabatanidzwa nemudziyo une ruvara ruchena.
ID_CXDLKZ,awa nazomona polisier na ye awa alati elamba na ye ya mosala na cotine ya mosala namoni pe bapolisier mosusu bazokende baza ebele.
ID_CXIQEJ,Shangu inopfekwa kurutivi rwekurudyi yakagadzikwa pasi. Ine ruvara rutsvuku uye imhando yematenesi. Kumberi kwayo kuchena. Payakagadzikwa pane mavara matema nepamwe pane madodzi. Uyewo shangu yakadai inopfekwa vanhu vachiita zvemutambo kana kuti kuchitonhora. Yakanakira kuti hainetsi kufamba nayo sezvo ine chitsitsinho chipfupi.
ID_CYCTUN,Varume vari munhandare yebhora. Vari kuratidza kuti vari pamutambo wavo webhora. Uye bhora rakatsvetwa pasi pachiratidza kuti pane mumwe ari kurikawa vamwe vari kuzama kurivharira kuti risandopinda mugedhi mavo. Vose vakapfeka zvikabudura.
ID_DAOMCB,Komichi yerudzi ruchena ine mubato. Mune derere riri mumvura riri mukati mekomichi iyi. Sipunu yakabatwa ikabudisa rimwe derere shoma. Mvura yederere inoshandiswa nevamwe pakumwa uye derere rinobikwa rudyi sasadzi.
ID_DAXLAS,kasi na liboso na ngana azomona eza mwasi mama ya mwasi alati bamateriele moko ondire babengaka tablier kasi ye mama yango alati tablier eza na lange ya bozinga asimbi mashine moko oya emashine ya soudure.
ID_DCUADZ,Shangu dzechidzimai dzinonzi mapamudzi. Dzine zvitema uye dzine mukati muchena. Dzakanyorwa nezvichena mukati.
ID_DCXYVX,"Foto namoni liboso na nga eza foto oyo ba bengaka na monoko ya poto logo, logo wana eza batu bakomi chitecture ebatima adrese telephone a awa batu basalaka awa batongaka ba ndako nde namoni liboso na nga awa."
ID_DDGBXH,Motikari nhatu dzakamiswa pamberi pechivakwa uyezve dzakaiswa mukati memumvuri unedenga rineruvara rwebhuruu. Uyezve chivakwa chiripo chineruvara rwemeruni nezvitinha uye rineruvara rwekirimu.
ID_DDOTPI,bato mibale bavandi na kati ya ndako mwasi na mobali baza na katikati ya mafuta ya komipakola malasi mafuta ya nzoto na mafuta ya motu nyonso ya komipakola biloko ya nzoto.
ID_DECRKT,Varume navakadzi vakamira. Vatatu vakachonjomara pasi. Vose vakapfeka zvakafanana. Vakapfeka zvichena kumusoro nemasiketi ejira rine mavara akasiyana anoti bhuruu namatsvuku. Varume vakaisa machira muhuro.
ID_DFEGFZ,Nzvimbo inoratidzika kuti mudhorobha. Parutivi pane misika umo muna vanhu vakawanda varikuita mabasa avo okutengesa. Panewo munhurume mumwe chete ari pachingoro chake hameno zvaari kubata bata mumabhokisi ake.
ID_DFKJAI,Ivhu rine makomba akacherwa. Makomba acho haana kunyanya kudzama. Akacherwa achiitwa tumitsetse. Makomba aya anogona kushandiswa kusimiwa zvirimwa.
ID_DFSMMS,Liboso na biso tomoni awa baolakisa biso eza maneke balatisi ye baliputa baolakisa motindo nini liputa oyo batongaki yango.
ID_DGRVJT,Shangu dzine ruvara rwebhuruu dzakagadzirwa nejira rejini. Dzine hiri yegireyi. Dzinopfekwa nevanhukadzi kana vanhurume. Dzakagadzikwa pamusoro pemataira ekirimo.
ID_DHVQIV,Nzvimbo iri muguta reHarare iyo ine migwagwa yakawanda mikuru ine dzimotokari dziri kufamba. Munewo vanhu vakawanda vamwe vakagara vamwewo vari kufamba vachienda pakatsaukana.
ID_DMJNOW,Shangu dzechikadzi mbiri dzakaita gogo. Dzigere panzvimbo ine mataira machena. Imwe yacho yakagara pamusoro peimwe. Dziine mabhandi akasiyana akatenderedza shangu.
ID_DNCKDJ,liboso na ngai awa namoni mwana moko ya mobali atelemi amemi mwa eloko ya libende nsima na ye namoni ba biloko moko ya salete salete na temwa ndako oyo ya kala.
ID_DNJYJQ,"Ba soda ba telemi balati elamba na bango ya kitoko mpenza elamba ya kisoda, balati pe ba sapatu ya moindo, balati pe ba mikaba ezali na langi ya chokola pe na ekoti ezali na langi ya motane, ba mosusu baza na ekoti ya langi ya pondu, mosusu moko azali na langi ya pembe."
ID_DNOWAN,awa tozali komona baza kolakisa biso elamba moko ezali monene ezali lokola kitenge moko ya monene kasi ezali kitoko eza na balange ya bululu na mai ya pondo tozali komona ezali kitoko.
ID_DPCENG,Musoro momunhu muduku. Mune vhudzi rakatsvukuruka iro rakati nyangarara. Mumativi makagerwa kusiya vhudzi rose rapera uyewo ganda richionekera.
ID_DPORVV,na foto oyo nali komona balakisinga eza sani ya pembe batiyango likolo ya mesa mosani oyo namoni mbisi namoni fufu pe namoni pondu namoni na pilipili.
ID_DQKDOH,Motokari inotakura zvinhu zvinorema. Pane mavhiri ari kuoneka akakura ane ruvara rutema. Motokari yacho ine ruvara ruchena ruri kubudira kumberi. Musoro wacho hausi kunyatsa kuoneka.
ID_DQNKGM,na elili oyo nazomona bazolakisa biso moto na balabala azopusa blouette esika nazomona esika azoleka na balabala ezali na elili na mure bakoni sonilabu tantie.
ID_DRGIQX,Poto inobika yakabayirirwa kumagetsi uye yakavharwa pamusoro payo ndeyesirivheri uye ihuru ine mubato mutema.
ID_DRMIBV,na bilili oyo nali komona loboko ya ndeko moko asimbi kamwa bidon na kati za mafuta ya motuka wana babengi yango toyota.
ID_DRQDHR,awa nazomona bis ezomema bato ya bis ya monene ya transport kasi kuna nazomona nzete ya monene ezali na matiti mingi.
ID_DTAXKI,Zvishongedzo zvevanhukadzi zvakarongedzwa kuti zvitengeswe uyewo zvine ruvara rwesirivheri. Marebero hazvakaita anoratidza kuti zvinokwana mumaoko kwete muhuro uyewo zvine ruvara rwesirivheri. Zvine tubhora twakazvitenderedza tumwe tunosanganisira mavara ebhuruu. Zvakanaka uye zvinotora maziso.
ID_DTWMNJ,Hwiza inozikanwa nezita rekuti mbuya mugogoda. Hwiza iyi ine ruvara rwakachenerukira. Nechepamberi payo pane ruvara rutema. Mumasuo ayona ine ruvara rweyero yoita makumbo ari kumberi ane ruvara rweyero zvakare.
ID_DUCAYT,bato mingi bavandi mibale na basi basimbi mikanda bazokoma bazolanda bango nyonso makambo bazoteya bango.
ID_DVOOKJ,na bilili oyo nali komona balakisinga awa eza kiti moko ya biro na kamwa meza na yango kiti oyo eza na balange ya bozinga na meza eza na langi ya moindo pe namoni kamwa sache na se ya langi ya bozingo.
ID_DVUHKU,Awa tozali komona ebale tozali komona ebale ekoki kozala riva congo tomoni na kati tomoni babwato babwato etelemi na kati ya mai tomoni ebale yango kuna na kati tomoni mwa bamatiti ezali na katikati ya ebale tomoni mwa bamatiti yango wana tomoni ezali ebale ezali ebale ekoki kozala congo riva.
ID_DYHFNJ,Munharaunda munogara vanhu zvinoratidza kuti kuchangotanga kugara nekuti dzimwe dzimba dzichiri kuvakwa uyezve dzisati dzapera izvo zvinoita kuti vanhu vange vachiwana mabasa akaita sekuvaka.
ID_DZSHEQ,logo ya benoît gargier azali specialiste asalaka biloko ya mabaya ya nzete bazosala piblisite na ye po bato baya kotala ye baluka biloko asalaka basomba yango.
ID_EALPPR,Amai vakamira vakabata mwana parutivi pavo nechekurudyi. Mwana ane hembe ine zvebhuruu zvitema nezvitsvuku. Ivo vakabereka bhegi rine bhurauni. Parutivi pavo pane macheya matsvuku nemachena akagadzikirwa kireti yechingwa. Mberi kune varume vakabereka masechero uye vane makepisi vose.
ID_EAXNCQ,Bhutsu tsvuku kana kuti ine ruvara rweredhi. Yegumbo rokurudyi iri yechinhukadzi.
ID_EBIVAA,Mutuka komema bato epai na epai etelemi pembeni ya balabala.
ID_ECOUKU,Awa namoni eza na mibali mibale oyo bafandi na mwana mwasi moko oyo alati babilamba ya maputa namoni bafandi na kati ya ndako na nsima na bango namoni eza na ba biloko ya mpema ebele oyo batie na mire.
ID_ECTELE,Mudhorobha mune mugwagwa une tara. Pane vanhu vari kufamba vamwe vari kudarika mugwagwa. Panewo motokari dzirimo dzakaita semakombi nemarori nemota diki. Zvekare mune midhuri yakavakwa ichienda mudenga.
ID_ECYWVS,Awa namoni eza alimentation na kati ya alimentation namoni bamilangi ya masanga ebele eza awa baoteka nde yango oyo balakisi biso awa.
ID_EDVJNY,Panze pane sofa rakagadzikwa muvhu. Sofa iri rine ruvara rwakaita rutema. Pamusoro pesofa iri pakagadzikwa makusheni ane ruvara rwakati chenerukei.
ID_EGBJZM,Awa esika nazali komona nazali komona eza lokola na zamba nazomona ba nzete mingi ndako moko to mibale nazomona pe bangomba moko milayi milayi.
ID_EHELCY,na elilo tozomona esika bazolakisa biso tracteur motuka monene esungaka kobongisa nzela nazomona esika bazolakisa biso tracteur ezali kobongisa nzela.
ID_EIDXID,liboso na ngai nazomona mesa moko ya kitoko likolo na yango nazomona bafololo mibale.
ID_EJKPKL,na elili wana nazomona bazolakisa biso moto azopusa pusu esika nazomona eza na mabido ebele mabido ya 20 litre eza lokola azokende koluka koluka mai.
ID_EJUKLB,Mureza wekunyika yeJapan uyo wakasungirirwa padanda resimbi mudenga. Une ruvara ruchena rwakautenderedza. Pakati pawo pane chiratidzo chedenderedzwa chine ruvara rutsvuku.
ID_EJXBUL,Batu oyo ba lakisi biso bato bato baza mingi mingi mingi mpenza ba telemi baza ko landa soki baza kolanda nini to yebi te tomoni kaka ba telemi tomoni bati ka mwa tapi moko ya langi ya bululu na se soki ba lingi ba sembela soki ba lingi ba sala nini to yebi te bango moko nde ba yebi kasi bato yango bazali mingi tomoni ngambo kuna ezali zamba ezali na ba nzete mingi ezali na ba matiti mingi soki bazali ko sambela soki bazali ko landa.
ID_ELYVBC,Matomatisi akawanda achiri mumunda asi akura zvino uye aibva. Akatsvukirira asvika panguva yekuti achikohwewa.
ID_EOGJIP,Vanhu vakapfeka nhumbi dzinoratidza kuti iyembe dzemutambo. Vakapfeka hembe dzine ruvara ruchena namabhandi. Vamwe vane mabhandi matema vamwe vane mabhandi ebhurauni. Mumwe akapfeka chitema kumusoro nebhandi nekupasi kune zvichena. Vanhu ava vari kuratidza kuti vanhu vari kuita mutambo wekarati. Pane munhukadzi mumwe chete werudzi rwechivanhu nemunhukadzi mumwe chete werudzi rwechichena.
ID_EOQIYP,Vasikana vanoita zvemutambo webhora ramaoko. Vaviri vakapfeka zvakafanana vaviri vakapfekawo zvakafanana. Vaviri vekuruboshwe vakapfeka hembe dzine ruvara rwebhuruu dzakanyorwa pamberi neruvara ruchena. Koitawo vamwe vaviri vakapfeka hembe dzine ruvara rwepingi yakachenerukira kumusoro yakanyorwa neruvara rwepingi nechepamberi. Kuzasi vakapfeka zvikabudura zvine ruvara rutema.
ID_EORGOX,"Oyo bati liboso na biso awa, ka muke ! Aza na molangi ya malasi, oyo batiaka na nzoto ."
ID_EPQEMO,na bilili oyo nali komona balakisinga awa eza ya wenze namoni bazotekisa biloko ya kolia batomate babirai pe namoni bamilangi misusu kuna.
ID_EPSMXE,Furegi iri rakagadzirwa nemavara anoti kudenga kwekutanga kune ruvara rutema ruchiteedzerwa nekamutsara kaneruvara ruchena kuchiteverwa nerumwe ruvara rutsvuku rwune tirayenguri yebhuruu mukati pachiteverwa zvakare karaini kanyotwiwa mutsara kachena kwachiteverwa zvakare neruvara rwekupedzesera runova ruvara rwegirini.
ID_EROPVG,Miti yemijakaranda mihombe inetirangi yakakura inemakwande ebhurauni ne street light irikuoneka rakanamirwa maposita. Mberi kune jurahoro nemiti yemupaini uye yemujakaranda inemaruva epepuro. Pasi pane chigubhu chakadonha nehuswa hwakaoma nejecha.
ID_ERPYFF,Mapoto ayo anoshandiswa pakubikira ane mizera yakasiyana siyana mamwe mahombe mamwe madiki ane mivharo yakagadzirwa negirazi uye mibato iyo yakagadzirwa zvine ruvara rutsvuku.
ID_ERVOTT,awa nali komona biloko oyo balambaka namoni babirayi bacarote batungulu bapome bambuma nyonso bato baliaka mpona sante na bango.
ID_ESDDEB,Motokari huru inodanwa nezita rekuti Excavator. Ine ruvara rweyero namavhiri makuru ane ruvara rutema neyero. Kumberi kwayo ine foshoro yakasungirirwako yashakara ine ruvara rwebhurauni.
ID_ESVWGG,Awa namoni balakisi biso mwa karto moko eza na kisi na kati kasi nayebi te soki eza kisi ya bokono nini batiango likolo ya mesa.
ID_ETBDET,Vakomana vari munhandare inotambirwa bhora.
ID_ETCPAZ,Nzvimbo inowanikwa muguta. Ine motokari dzakanaka. Inewo zvipangwari zvinoshandiswa nevanhu vaya vanoda kushambadza. Pane migwagwa yakaiswa tara. Kumberi kuri kubudira zvivakwa zvakakwira mudenga.
ID_ETGYHN,Panobuda chirimwa chebarwe chatobereka hupi yebarwe isati yasvika yabudisa rebvu namamwe mabarwe ari mumunda anoratidza kuti akahondoroka.
ID_EUGOLJ,Chitoro chinotengesa nhumbi dzechidzimai nedzechirume uye mune mukadzi arimo arikuona zvinhu akabata bheke tsvuku nehembe dzakaiswa pazvidhori dzine maruva maruva nedzimwe dzisina maruva.
ID_EUQEQC,elili oyo bali kolakisa biso awa tomoni ezali bongo na kati ya ndako songolo kati ya ndako yango tozomona lokolo moko ya sapato ya bandeko mibali batiango na se.
ID_EXRHDG,Vana vechidiki vari mukati menhandare yekutambira mutambo yebhora uyezve neyekumhanya. Vamwe vasikana vamwe vakomana. Vamwe vakagara pasi vamwe vakamira uyezve kudivi kune vamwewo vari kutamba vari koko.
ID_EYKBKF,na balabala oyo namoni motuka moko ezoleka eza na langi ya mbwe eza na bato baza na kati moto mosusu afandi na nsima alati bilamba ya bozinga namoni pe eza na motuka mosusu yango mpe ezoleka na balabala na mopanzi kuna namoni eza na lopango moko ya mosaka liboso nango eza na banzete ebele.
ID_EZCCJG,Vanhu vari munhandare yebhora. Vakapfeka hembe dzemutambo. Pane bhora riri muchadenga. Mumwe akamira ari kuratidza kuti ane chekuita nebhora iroro kuti rakandirwa mudenga. Pane vakagara kuzvigaro. Vari kuyeva zviri kuitika munhandare nevarume vaviri mumwe ari kune rimwe divi vari kuona zviri kuitika. Vari kuita samarefu emutambo uyu.
ID_FALXJI,Masofa akarongwa zvakanaka ayo ane mitepfetepfe inogarirwa navanhu munguva dzokutandara kuzorora kana kuitawo zvimwe zvinhu. Ane mapiro awo ane ruvara rutsvuku nerwegireyi. Pakati pawo zvakare pane tafura.
ID_FASBOF,Na foto oyo nali komona balakisinga bandeko mibali baza ba joueur baza na kati ya balabala bali kosala sport pe balati bilamba ekokani nde na moni balakisinga.
ID_FATGBJ,Logo na langi ya mosaka makomami moindo ya mwasi alati elamba ya langi ya moindo pembe rose pe langi ya lilala mbongo mpe na chokola na bozinga nalalisi pe suki.
ID_FBJMUD,Pamusha apa pane miti yakasiyana. Pane mujakaranda uyo une mashizha akaregedzana. Kozouya pedyo nechidziro pane miti mitatu ine mashizha akapfekana.
ID_FBVFQS,Awa pe namoni balakisi biso lisusu ba buku ebele namoni moko eza buku oyo ya bana mike bana ya kelasi ya ko desiner na kati.
ID_FCQYCF,"Nzvimbo inotengeswa zvuma nemhete zvemhando yepamusoro. Zvimwe zvachona zvakarongedzwa nechepamukova kuti vanhu vaone senzira yekushambadza. Zvinhu izvo zvuma nemhete zviripo zvine ruvara rwegoridhe, ruvara rwesirivheri nemamwewo mavara."
ID_FDEPXL,Namoni eza esika ba sambelaka liboso na ngai namoni eza na ba langi misatu ya liboso eza langi ya bololo ya mibale eza langi ya pembe ya misatu eza langi ya motane.
ID_FDHAJW,Munhukadzi arikufamba padivi perodhi akafuratira akapfeka rokwe refu rinosvika kumakumbo rine ruvara rwebhuruu neruvara rwebhurauni. Rine maoko mapfupi. Akatakura bhegi rechikadzi rine ruvara rwebhurauni. Mumusoro akapfeka dhuku.
ID_FECWJL,logo ya lacoste eza na langi misato eza langi ya pembe langi ya vert na langi ya mwindu na lolema ngando ya motane.
ID_FEQNNF,Awa tozali komona ndako moko ezali ya kitoko ba bengi bakomi I love to lizii ndako yango ezali kitoko tomoni na nsima na yango tomoni mwa ngomba moko ezali na matiti ya mai ya pondu.
ID_FEXOME,na foto oyo nali komona balakisinga awa eza bilamba ya bana basi nali komona eza na balangi ya bozinga ya longondo pe na balangi misusu.
ID_FFIIOR,"Na elili oyo nazomona bazolakisa biso etaleli ya pembeni makasi,pembeni makasi mpenza ya bikeli ya mokili nazomona bazolakisa biso ekeli ezali lokola pungupungu ezalokola ndakisa ya pungupungu."
ID_FGBZEX,"Nyama yakabikwa zvakanaka yakasangana netumwe tunhu turimo tunenge tumupunga tunoita kuti ikorere zvakanaka supu yacho uyewo nyama iyi kana munhu oda kudya anogona kuisawo kana sadza parutivi, chingwa, mamakaroni nezvimwewo zvakadaro kuti nzara yacho ibva yanyatsopera."
ID_FGIQHS,"Foto namoni balakisi awa,  namoni eza ndako, ndako wana eza ndako monene kuna,  na ya mokusi awa, namoni ba fenetre mingi mingi mingi, ba fenetre eza ba couleur, na ba verre na mba eza diva ba fenetre, nde namoni awa."
ID_FHZRBF,Muchina uyo uri kugadzirwa une ruvara rwebhuruu neruvara rutema neruvara ruchena. Wakanyorwa parutivi pane gwapa jena nemavara matema.
ID_FIBLOU,"Shangu mbiri nhema dziri kuonekwa chikamu chepakati kumberi nekumashure kwakadzivirirwa. Mukati mutsvuku uye dzine tambo nhema, dziine tsvina."
ID_FIVZJF,awa pe esika na komi awa nazomona na misu na ngai bandeko eza obele pancarte eza pancarte moko ya monene ya monene mpenza eza na misu na ngai pancarte oyo eza mpona piblisite ya kobunda na covid naomona awa eza ya piblisite ya kobunda mpona covid 19 eza pancarte moko monene.
ID_FJHUKW,na bilili oyo nali komona balakisinga logo pe eza na balangi ya pembe na moindo na kati nali komona balakisinga na logo oyo.
ID_FKEVFH,Miti yakawanda kwazvo uye iri mipfupi inoratidza kuti yakaungana panzvimbo imwe chete ine mashizha akanyatsosvibira zvinoratidza kuti iri kuona mvura nekudya kwakakwana.
ID_FKSFHH,Shangu dzekurudyi nedzekuruboshwe. Dzine ruvara ruchena nerwebhuruu yakacheneruka. Pane kamufananidzo kenaiki kakanyorwa nezvitema. Dzine tambo chena.
ID_FKVEEO,Shangu mbiri dzakavharika dzine ruvara rutema. Dzinopfekwa pazhinji nevanhurume.
ID_FLRZJY,Munhukadzi akarukwa musoro wake magonhi marefu akangomira mira.
ID_FNKFXO,Chikamu chenhandare nechedivi rekuno kune varume vakapfeka hembe dzinopfekwa nevatambi. Umwe akagara pachigaro chake. Kumberi kune vamwe vanhuwo asi kune zvimwe zvigaro zvisina kugarwa.
ID_FOIWOL,"Eloko bao lakisa biso awa na moni eza sapato,sapato yango eza ya bana basi nde bati likolo ya tapi bao lakisa biso awa na miso na biso."
ID_FOJOIW,Gonye huru rine mavara akasiyana siyana. Rinoratidza kuti rinoratidza kuti rinodya maruva akakora zvikuru uye rine makumbo mazhinji.
ID_FOKRFJ,na elili oyo nazali bongo komona loboko ya moto asimbi lopete azolakisa biso lopete lopete oyo ndenge namoni eza lopete oyo balataka mpo na libala te to eloko songolo pe tomoni azali bongo na kati ya ndako.
ID_FRPCWP,Awa nazali komona bana mibali bazali kobeta eloko babengaka baskete bazali kosakana ba mosusu balati elamba ya mosaka na mosusu balati pe elamba ya bozinga.
ID_FRPIJN,Miti yakareba zvikuru inoonekwa ina mashizha mashoma inenge yave nguva yechirimo. Denga rina makore mashoma uye zuva richiripo ririkuoneka kuti inenge dzinonga nguva dzamasikati.
ID_FSMBVW,awa tozomona bato bazosala election soki ezali ya politike wana nayebi te nazomona joornaliste moko azali na micro na ye ya langi ya bozinga azotonisa ye ba question moto moko ndenge amonaki election wana.
ID_FTZRME,na bilili oyo twali komona balakisi biso awa eza bato ebele bafandi pe na pembeni na bango lopango wana namoni batie badeze misusu.
ID_FUPBNF,Mhuka yomusango iyo ine nyanga dzakakorerera. Ina maziso makuru yoitawo nzeve dzakakura. Ine ruvara rwebhurauni muviri wese. Pamberi panewo mavara mavara machena.
ID_FUVCDX,Musoro wakarukwa vhudzi namabhureidhi marefu ane kuzasi kwaanoperera kwakatesvera akakora. Anorukwa achibva divi nerwo kuruboshwe achienda kurudyi achidzokera kumashure nekuseri kwenzeve. Musikana wakamarukwa wakapfeka dhirezi dzvuku risina maoko.
ID_FUVYYY,Michero yakaibva yakarembera padanda remuti. Ine ruvara rweyero uye kumativi kwayo kuri girini. Paiva pane mashizha yakangomira yakarembera iri yega. Michero inodyirwa nevanhu kuti ibatsire muviri kuzosana nezvirwere uye yakanaka kuti haina mafuta.
ID_FVYBJQ,Besu reshiri rakareba. Yakatorwa muirwe shiri usiri kuoneka. Zvinoratidza kuti ndereshiri huru nekuti minhenga yacho yakakura. Ine ruvara rutema. Kuseri kwacho kune miti yegirinhi nemaruva.
ID_FWBYPB,nazomona na elili oyo esika bazolakisa biso milangi ebele etandemi ezali lokola eza na ndako ya botekisi nazomona ezali lokola lisaleli ya bamama mpona kosunga poso ya bana na monoko ya lopoto babengi yango poudre.
ID_FXFVEC,bandunda oyo eza matembela biloko ya kolamba epi ekolia.
ID_FXNXBA,Shangu mbiri dzemwana mudiki dzakagadzikwa pasi pana mataira ane ruvara rwekirimu. Shangu idzi dzine ruvara ruchena uyezve dzine zvekunamisa pamusoro. Mukati madzo dzine ruvara rwebhuruu.
ID_FYISHL,Chiruva chechimuti chakachekererwa pazasi kuita denderedzwa. Pamusoro zvekare chikachekererwa kuita denderedzwa nechepamusoro. Chimuti ichi chine mashizha egirinhi ane kahuyero nemamwe ane kahubhurawuni nezvimiti zvinoita kunge zvaoma zvine ruvara rwebhurawuni. Chiri padivi pechivakwa chine zvidhinha zvitema.
ID_GAWUMM,Miti dzakakura nedzipfupi dzina mashizha akawanda akasvibira ane ruvara rwegirini.
ID_GCKZBD,Mukati memotikari murikuonekwa mushina unoratidza kuti motikari irikumhanya sei une zvitanda zvitsvuku zvakatenderera uye pakanyorwa nemavara machena.
ID_GCYPCZ,Vanhu varikufamba mukati meguta. Padivi pavo pane motokari dzakamira dzakatevedza guta idzi poita chingoro chinotengesegwa nezvikafu zvinwiwa zveteiribhodhi.
ID_GDGYJP,awa tozali komona ezali ndako moko ya etage kasi tomoni ndako yango ezali ya sika tomoni bauti kotongaka yango kala mingi te kasi tomoni eza na balangi oyo ezali langi ya pembe na mwindo tozali komona na ngambu kuna tomoni shokola yango wana tozomona ndako yango ezali kitoko na balabala moko ezali liboso na yango esika bato balekaka na esika bamotuka etelemaka tomoni ezali kitoko mingi ndako yango.
ID_GDLJUS,Awa namoni maman moko avandi na banc na banc eza lokola na balabala mai moko eza liboso na ye wana a mongo alati elamba ya bamama catholique makomi maria mama maria avandi naye na balabala na banc moko aotala na ye balabala bato baolika na bango.
ID_GESZQP,Bvudzi rekuwedzera rakarukwa pamudzimai uye rakasanganiswa pakati ndobva rareba richikwira mudenga uye rine ruvara rutema tema.
ID_GGDBGD,Sango guru rine miti ine mashizha egirini. Rinewo huswa hwakawanda hwakaoma hwebhurawuni. Pasi pane mumvuri womunhu.
ID_GGKGFR,foto oyo elakisi biso mwa tere ya baskete na kati ya tere ya baskete na moni ba mobeti baza ebele me na moni mobeti moko basote baza na balo na ye na maboko.
ID_GGLQZP,na bilili oyo nali komona balakisinga awa za batu ebele bamama pe bamobali bafandi namoni papa moko atelemi azoloba na bango pe balati ba cache nez.
ID_GHLRHR,Komichi yegirazi ine ruvara rwegirini yakagadzikwa mundiro yegirazi ine mavara machena neebhuruu. Parutivi pane ndiro dzedhaga.
ID_GHZNHD,"Mudhorobha, iyi nzvimbo inowanika mudhorobha. Mudhorobha mune motokari dzakamira, dzimwewo ndedzinofamba dzichifamba mumugwagwa une tara uye pamugwagwa apa pane marobhoti."
ID_GKEQRS,Liboso na ngai nazomona balabala moko ya monene likolo na yango nazomona bato ebele batelemi bamosusu bazotambola.
ID_GKZCUH,Vasikana vana vari mukati menhandare yekutambira mutambo webhasiketibho uye vakapfeka nhumbi dzine ruvara rwebhuruu. Vasikana ava ndevechitema uyezve vane miviri iri pakati napakati.
ID_GKZTUQ,"Munhurume akamira uyo akabatawo bhora kuruoko rwake rworudyi. Ruoko rweruboshwe akasimudza zvigunwe zviviri mudenga. Akapfeka nhumbi ine ruvara ruchena, bhurukwa rine ruvara rutema pamwe chete neshangu nhema."
ID_GLIUNU,Vanhu vakabata madhiramhu uye mabhosvo. Vakapfeka mbatya dzebhuruu vachiridza. Vane mahiti mumusoro ebhuruu. Mireza iri padyo nevanhu vakagara.
ID_GOJFMX,bandeko esika na komi awa nazomona na miso na ngai eza ebele bana mike bana mike ya na monoko ya lopoto babengaka bana mike bana kati ya kelasi eza bana ya gardien ya maternel ya ecole maternel baza na kelasi na bango eza bana mitano bafandi na kiti bazosolola ya bana mike ya kelasi.
ID_GPQJUU,Shangu imwe chete yechidzimai yakavharika. Ndeye ganda uye ndeye kuruboshwe. Ndeye ruvara rwepingi. Yakagadzikwa pasi pane mataira machena nematema.
ID_GQDNFR,awa na moni eza esika ya bisengo liboso na ngai nazomona babilenge ya mibali na ya basi bango nyonso balati bilamba oyo yalangi ya kololo na pembe.
ID_GQPKUB,elili oyo ekolakisa esika batandi makemba yango ya mobeso nanu ya langi ya pondu.
ID_GRLGGS,foto eza liboso na ngai na moni eza place oyo basalaka bamwa mpanga ya kitoko mpenza ya mokuse na ya milai pe na moni nsima na yango ndako moko ya kitoko mpenza.
ID_GRNIBG,foto eza liboso na biso namoni mwa sani moko ya kitoko mpenza eza likolo ya mesa namoni na kati ya mwa ndunda moko ya kitoko mpenza pe na mwa pilipili oyo ya langi ya ma ya pondu eza nano mobeso pe ezalaka kitoko mpenza pe epesaka mwa solo ya kitoko na kati ya bilei.
ID_GTHNLE,"Awa namoni toza na kati ya lupangu moko ya monene, namoni na kati eza na mwa ndako moko ya kitoko makasi oyo bapakoli yango langi ya pembe liboso ya ndako namoni eza na ba sapatu oyo batiki libanda."
ID_GUMKQC,oyo bazolakisa biso ndako tomoni ndako oyo batongi kitoko nde bazali kolakisa biso awa tomoni ezali na banzete kuna na kati na cajarde moko ezali libanda.
ID_GVCCGR,na bilili oyo tozali bongo komona tomona ba kopo mitano batiyango esika moko soki totali malamu ba kopo yango eza na eloko moko na kati tokoyeba te soki eloko yango eza ya kolia to eza eloko nini.
ID_GVCKDT,foto elakisi biso mwa balabala ya molai na kati ya balabala na motuka eza te moko te pe na moni ba ndako pembeni ya balabala oyo na ba mwa lampe ya publike na kati ya balabala eza kopela eza balabala moko kitoko mpenza.
ID_GWDPBR,awa namoni toza na kati ya kilasi namoni bana ya kilasi nyonso awa bafandi na se moko aza liboso azokoma na molakisi na bango pe afandi pembeni namoni bango nyonso balati ba biloko na mutu.
ID_GWQLRG,Nzvimbo ine mugwagwa wevanhu vanenge vachifamba netsoka. Ine miti yakati pano neapo ine mashizha egirini. Hapana huswa hwakawanda hwatiri kunyanya kuona.
ID_GXWURJ,"Mureza unoruvara rwenhundurwa, ruchena, rutsvuku, rwebhuruu uyezve une chiratidzo chetiraiengo chiri nechekuruboshwe chine ruvara rwegirini."
ID_GYTAHY,"Tireyi, bhini nema sherefu okutsvetera zvinhu kana kuti zvinyorwa kana kuti zvishandiswa muhofisi."
ID_GZANIC,"Vanhu vari mukereke. Paine vakapfeka mamasiki, hembe chena, nhema uye umwe ane magirazi."
ID_HBRDXA,Munhukadzi akarukwa mitsara yemadhiredhi inoenda kumativi ichibva nechepakati. Madhiredhi ake matema uye marefu zvokudarika mazamu ake.
ID_HCAQMQ,liboso na nga awa namoni mwana mwasi oyo bapesi ye coupe ye abetaka basket.
ID_HCOKTE,"Varume vatatu vakamira vakapfeka nhumbi dze eyataimi kumusoro, umwe kutsvuku akapfeka chitsvuku, vaviri ndezve girini, kuzasi vakapfeka zve bhureki."
ID_HCWVMP,biloko ya kolia na sani likolo ya mesa eza bongo na soso ya kokalinga ezali bongo na boudin ya kokalinga te pembeni ezali na ndunda na sani ya mwindu.
ID_HDHFPP,ezali kati ya super macher esika batekaka babiloka kolia tozomona ezali parti batekaka bapiskwi babengaka yango coteux parfum vanille ezali ya marque ya belle france.
ID_HGBIRJ,"Kupusha chingoro chine mawasheni bhasiketi, migomo ine ruvara rwebhuruu nerutsvuku. Munhukadzi akapfeka hembe yeyero kumusoro, tirauzi rakasvibira, motikari imwe ine ruvara ruchena."
ID_HGGJZI,fulu na kati ya mai eza na ba salite ebele na ba milangi ya kopal babwaki yango na mai place mai ezoleka matiti pe eboti na ba ndako kuna na suka fulu etondi pembeni ya mai na balabala.
ID_HGSMNI,Muchero wepopo wakaibva ndokuchitochekwa napakati kwava kubviswa makanda ndokubviswa mhodzi. Amheno zvazopakurirwa nechemukati imomo zvinenge mhodzi dzamatamba kana dzamakosho kuti zvigohwiwa zvakasangana.
ID_HGSVJW,oyo na moni awa eza neti filtre a air ya mutuka monene neti camion nde yango oyo baolakisa biso awa.
ID_HGTFYG,Awa tozomoni ezali nyama babengi panthere nde baza kolakisa biso awa tozali komona ezali buku oyo babengi imagestalk tomoni panthere nde balakisi awa soki okoti na kati okayeba makambo panthere esalaka.
ID_HINBMW,Elili oyo nazomona liboso na nga awa na moni mesa moko ya kitoko likolo ya mesa oyo namoni mwa saani ya pembe ya kitoko pe na kati namoni mwa supu ya kitoko pe namoni ba mwa ndunda na mwa mwa misuni pe na mwa pima ya kitoko mpenza.
ID_HKJBKE,Gedhi remba rine ruvara rutema. Riri kuratidza kuti riri mukati memiti neruzhowa rine ruvara ruchena. Panze pane miti yakawanda. Miti imwe ine ruvara rwegirini nemaruva inonhuwirira imwe miti haina maruva. Imwe miti inonzi mashirabhu nemimwe miti yakakura uye netumaruva tudiki tumwe tusingakure zvinoenda mberi.
ID_HNLXNE,Mhete yakanaka inovaima yakanyorwa kuti Rihana iri mubhokisi rinotefetera kunze kwaro kune ruvara rutsvuku iyo ndeyesirivhera.
ID_HNSQWM,Mubhedha une hedhibhodhi nemasaidhibhodhi zvebhuruu zvakaisvonaka.
ID_HNTJIA,Chuma chine muchinjiko uyezve chiri kuratidza kuti chakagadzirwa nesimbi yakasimba uyezve chiri mukara yegoridhe uyezve chakagadzikwa pamusoro pechinhu chinogara dzuma chiri mukara yeredhi.
ID_HOAJII,Shangu dzechidzimai dziri pamwe chete. Shangu dzacho dzakangogadzikwa. Ishangu dziya dzisina tambo uye ishangu dzekuti munhu anogona kupfeka achida kuvhakacha. Shangu dzacho hadzidhuri kana uchida kudzitenga.
ID_HPCUNS,ezali batata kasi moko afandi aza pembeni ya tata soda oyo mosusu pembeni azali kolakisa lisapi na ye boye soki bazolanda nini koyeba te eloko bazosala balati bango nyonso bilamba ya mwindu.
ID_HQEFTR,oyo namoni eza sandale ya mibali soki olingi opema makolo epema olataka ka ba sandale oyo ezalaka kitoko soki moto alati yango ayokaka malamu makolo ezalaka bien nde omona bato nyonso balingaka ba sandale oyo.
ID_HQVEIS,ndunda ya mobesu eza na sani esilisami kosalema ndunda mobesu yango eza na balangi esangami eza na langi ya pondu langi ya motani langi ya longondo langi ya pembe.
ID_HRQBUU,"Chitoro chirikutengesa zvuma zvinopfekwa muhuro, mhete dzinopfekwa munzeve, maringi anopfekwa muzvigunwe uye mabhenguru anopfekwa mumaoko. Izvi zvinhu zvakagadzirwa nemhando yezvinhu zvakasiyana siyana."
ID_HRTYFL,Murume akamira padivi pejuraworo remapanera akajoinedzwa joinedzwa. Pane miti yemijakaranda ine mashizha namaruva epepuru. Akamira murume padivi akatarisana nematombo padivi pomugwagwa wetara. Akapfeka mutirauzi mutema nehembe yebhuruu kumusoro.
ID_HUPTLA,Bandiko remuriwo wekabichi rakabatwa muruoko. Rakaratidzirwa richina mashizha akasvibirira uyewo rinoratidza kuti richakanaka rakamirira kubikwa.
ID_HUUNAY,na balabala mama moko azoleka amemi mwana na mokongo asimbi sakame na maboko tante moko eza wana place ya koteka bayi mite na mobali moko atelemi likolo ya moto na ye kotosi mamemi bakese ya sucre.
ID_HVDLMN,Muti webhurawuni unemakwande nemutanda muhombe. Pasi pawo pane mumvuri wavo nesora rakaoma rekage uye jecha dzvuku. Necheparutivi pane mugwagwa wetara. Mberi kune jurahoro rine mapanera. Mukati mayo mune muti wemujakaranda une maruva epepuro neimwe yemapaini.
ID_HVVTQF,Eyawa namoni toza likolo ya ngomba moko ya monene namoni eza na mwana mwasi moko oyo azoleka na nzela moko na kati ya zamba wana e namoni pe pembeni na ye eza na bamwa matiti ebele.
ID_HXGURG,Awa namoni toza na kati ya ndako moko ya monene namoni eza na batata ebele oyo bafandi liboso na bango eza pe na batata misusu oyo bafandi bazosolola.
ID_HXTVSU,mbili oyo ezali komonisa biso buku tozomona eza na ba dessin ya bana moke.
ID_HXUZOB,Esika bakondaka bato esi ekomi na zamba matiti ebele eboti eza ya mobeso eza na bakasa eza na langi ya pondo eza na likasa moko lipeka peka etelemi kasa yango eza ya mobeso eza na langi ya mayi ya pondo lipeka peka yango eza na langi ya shokola eza na bakasa mosusu ya kokauka. Ba kiti ya manzanza oyo esalami na kombo ya lopango na likolo eza na langi ya moyindo.
ID_HYHDGB,"Awa namoni balakisi biso kamwa étagere moko ya kitoko, namoni basilisi kobongisa yango bapakoli yango langi ya pembe.Namoni eza ba étagere oyo batiaka na bandaku esika oyo babongisaka suki."
ID_HYKBKK,awa na moni balakisi ngai eza bana basi mitano bazosala biloko ya menuiserie eza neti bazotanga ba biloko ya menuiserie na ya couture eza bana basi bazotanga biloko ya menuiserie na couture na kopakola balangi.
ID_HYKQPA,"Chimushini chakatsvetwa pasi paivhu. Chine ruvara rutsvuku, rutema, ruchena. Chine mavhiri marefu iya notenderera. Chine mibato mitema negirazi chepamusoro."
ID_HZNFNO,mwana mobali oyo ya kitoko ye wana aza pembe kasi bakangi ye suki ya kitoko aza na suki ya milai ye aza na nzoto ya pembe kasi alati neti kazaka ya mwindu kasi suki na ye eza na langi ya shokola pe neti mosaka.
ID_HZRRCJ,oyo tozali bazali kolakisa biso motu ya mwana mobali elenge mobali oyo basilisi kokata esuki tomoni bakati kitoko modelo bakati suki na ye ezali kitoko kasi tomoni suki na ye ezali ya mwindo kasi ezali kitoko kitoko na ndenge basali yango.
ID_IABFQG,bana basi misato bazobeta bale ya voley boll ba oyo ya ngambo oyo balati pembe pembe ba oyo ya kuna balati mosaka bazobeta bale yango na mabele.
ID_IAQVWH,basoda batelemi na bapolisi basoda bazali bamikonzi balati bapete ebele na lipeka mosusu aza polisi atelemi pembeni na bango bazali pe na bamosusu na nsima bilongi na bango ezomona na se.
ID_IAZYFG,na photo ndenge nazali komona eza photo bakangi photo place ba dessinaki bato misato namoni eza bandeko misato ya mibali moko akangi moninga na ye na lokolo oyo bakangi ye na lokolo pe tomoni na loketo na ye bakangi ye singa bazali kobenda.
ID_IBOQSR,Muchero unowanikwa mumunda nguva yekunaya. Muchero uyu unokura zvisingaite unonzi nywiwa. Nywiwa iri rine ruvara rwegirini kunze. Mukati maro rine ruvara rutsvuku nemhodzi dzichena nedzimwe dzakanoita dzitema.
ID_IFDPXA,na elili oyo nazomona esika bazolakisa biso amwa esalemi na ndenge na yango moko ekesena misusu esalemi na libaya ya elengi ya bien na malafia ezali na etaleli ya elengi ya kosepelisa miso esika bazolakisa biso elengi na yango.
ID_IGVBWB,Imba inoratidza kuti yakavakwa kare. Ikaiswa marata uyewo ine mudhuri wesemende. Hainawo kuzoiswa ruvara.
ID_IHETUB,Awa eza na kati ya kompagni basalaka biloko ya mabende ba mashine oyo egumbaka mabende esalaka mambo ebele ya kompagni basalaka biloko ya mabende ba biloko bakosalaka bato bafungola ba biloko basala mambo ebele kaka eza ya biloko ya societe.
ID_IIDVMA,ba ngomba moko ya minene minene ba ngomba yango eza na ba nzete ebele na ba matiti ebele na kati kati ya ba ngomba yango eza na mwa mayi oyo eleki likolo ya mayi wana ba tongi po moko ya monene makasi eza na ba mituka oyo ezoleka likolo ya po wana.
ID_IILLRK,"Esika oyo ba tandeli biso pili pili euti na bilanga eza mofudin, eza na ba langi ebele toza na langi ya motane, toza na pili pili ya langa pondu, toza na pili pili ya langa lilala, toza pe na pili pili ya langi ya mosaka ."
ID_IIOLEC,Poto ine ruvara rwesirivha rine goridhe iine mubato. Yakavharwa nemuvharo une ruvara rwesirivha nemubato wegoridhewo zvakare.
ID_IJLJDF,elengi ya mobali azotambola akende wapi elengi ya mobali te ya mira.
ID_IJZINK,na katikati ya balabala ya monene bandako ya milai eza mingi eza na balilisi ya kitoko na se nango mituka eza mingi etelemi ya mwindu ya langi ya mbwe bato batelemi na balabala yango banzete pe ezali nyonso eza esika moko.
ID_ILSQAM,Mapepa anoshandiswa nevarairidzi nevana vechikoro. Anoshandiswa kuita zvakasiyana siyana. Pana manira anoshandiswa kunyorerwa zvimwe zvinhu kana kuisa kumadziro.
ID_ILZBDG,lipa boule batie na kati make ya kokalinga na musuni pembeni na yango frite ezali pe eza na ndunda mobesu na pembeni na yango.
ID_IMABFP,Motokari chena yakamira. Kumashure kwayo kune rori iri kutevera iri kufamba. Kumashure kwerori kune imwe motokari diki nhema iri kutevera. Kurutivi rweruboshwe rwerori kune mota tsvuku iriko zvakare.
ID_IMDKXQ,"Tafura dzinoshandiswa mumahofisi kugara, chigadzirwa kana chivezwa. Ichena inemaraini anochinjika machena nematema akaenzana mberi nechitema pakati chinotaridza kuti pakati payo. Ine cheya chena inamaoko matema. Kudivi kune kabati inamadhirowa."
ID_IMGJFD,awa tozali kotala bato babilenge mibali oyo bazali bakonzi tomoni balati kitoko balati bakazaka ya kitoko toloki balati ba cravate tolomi balati na ba chemise na kati tomoni bazali kosala eloko babengi masano tomoni bavandi na bakiti bango nyonso bazali kokoma bazali bato ya politiki.
ID_IMQQQV,foto eza liboso na biso namoni mwana mwasi ya kitoko pe ya pembe mwana mwasi oyo aza na basuki moko ya kitoko mpenza azolakisa biso ndenge bakangaki ye suki na ye ya kitoko.
ID_INGTEI,Awa namoni balakisi biso tata moko oyo azoleka liboso ya ndako namoni tata ngo alati kitoko makasi pembeni na moni eza na mwa ndako moko oyo bapakoli yango langi ya pembe.
ID_INJFRV,Ishangu mbiri dzemativi ose emakumbo. Dzine ruvara rutema dzakatsvetwa pasi. Dzose dziine tambo dzokusungisa dzakakochekerwa pamusoro padzo.
ID_INNLQH,na elili oyo tozali komona muselekete azali kotambola na matiti ya langi ya pondu donkio ezali muselekete.
ID_IODZNG,"Vanhu vakawanda varikufamba mumugwagwa. Vamwe varikufamba vakatakura zvinhu zvavarikutengesa. Kumativi kwemugwagwa kune misika yakarongwa irikutengesa muriwo, matimati nehanyanisi."
ID_IOLJWF,"Nzvimbo ine miti, huswa nemazitombo. Pane mazitombo ane ruvara rutema neruvara ruchena. Kwoita miti ine mashizha ane ruvara rwegirini. Huswa huripo hune ruvara rwakachenerukira."
ID_IOSAJP,"Mureza unomiririra imwe nyika.Rwakagadzirwa namavara akasiyana anosanganisira matema,yero,ruvara ruchena,rutsvuku neruvara rwakafanana nedenga risina makore rwakasvibiruka pakati pacho."
ID_IQDIMJ,na bilili oyo nali komona balakisi nga awa eza na kati ya ndako wana bamelaka masanga namoni ndeko mobali moko ya monene atelemi pe asimbi telefone na ye namoni mama moko alati bilamba ya mikuse.
ID_IQYLWJ,"Buku ya kelasi,buku ya kelasi."
ID_IRJYBB,eleli oyo ezali kolakisa biso bilei kitoko biso ba kongole toliaka ezali fumbwa oyo ezali fumbwa batie na kati mwamba na pilipili pembeni donc ezali bilei kitoko babengi fumbwa.
ID_ISKCCH,"Vanhu vari pakati penhandare vanovavana. Vatatu vakapfeka mbatya dzine girini uye tema. Umwe wakapfeka mbatya dzeyero. Vari pedyo nemudhuri pakanyorwa kuti ""Zim Cyber City""."
ID_ISOCJR,"Mobali,mibale, na langi ya motane."
ID_ISSMME,Awa namoni eza esika basambelaka liboso na ngai nazomona mesa likolo ya mesa nazomona chapele moko ya molai ya kitoko mingi.
ID_ITMCTW,Maruva ari kuratidza kusvava uyezve mamwe akatumbuka asi zvatumbukwa zvacho zvasvava zvaoma. Pana mashizha akaoma ane ruvara rwebhurauni mamwe ave neruvara ruchena. Aratidza kuti ari kudonha kubva pamashizha eruva iri.
ID_IUIMQR,na bilili oyo nali komona awa eza ba mbuma ya kolia nde nali komona eza na balangi ya pondu pe eza ebele.
ID_IVGGPA,Imba yakavakwa yakaita dendenedzwa ikapfurirwa neuswa. Dzimba idzi dzinowanzokuwanikwa kumusha dziri dzimba dzekubikira. Pamusuwo pacho pane munhu akamira. Nechekunerumwe rutivi rwemba iyi kuri kubuda motikari diki yakamira.
ID_IVNORQ,Michero yakasiyana siyana yakachekwa ikaiswa mubhodhoro mune mvura inodzivirira kuora kwawo kuti igozodyiwa munguva ichatevera.
ID_IVVGIB,Awa namoni eza na bato ebele oyo batelemi esika moko na kati ya ndako e liboso na bango eza na mwa mesa ya monene na ordinatere eza na mesa na mwa kopo ya komela mai.
ID_IWEWTQ,logo ya pembe pe makomi na yango eza na lange ya bozenga baselayango mingi na kati ya basociete na ba entreprise.
ID_IXDKJW,"Mucheka une ruvara rutema, ruchena nerutsvuku unogona kushandiswa iwo kumiririra nyika."
ID_IYXUVC,Maruva akasiyana siyana uyezve nemurume akabata hwahwa hwake uyezve akapfeka nhumbi yebhuruu nejinhi ruva repepuri.
ID_IZARIE,"Mureza wenyika inonzi Dominica. Mureza uyu une zvikamo zvina zvine ruvara rwegirini uyezve yoita mitsara ine ruvara rweyero, mitema nemichena. Pakati payo denderedzwa ritsvuku rine nyeredzi dziri mukati dzine ruvara rwegirini neshiri."
ID_JADHES,Ndiro ine zvokudya zvinosanganisira mupunga uye nyama yemombe yakatsvukira. Parutivi pane imwe ndiro yegomba.
ID_JBDFJJ,Awa pe eza lokola eza na balabala nazomona motu moko lokola 20 mit ezali koleka nazomona pena ya pancarte moko ya entien.
ID_JCDLVE,awa tozali komona bazali kolakisa biso ndako moko ya etage ezali na langi oyo ezali ya mosaka na pembe kasi tomoni ekoki na yango oyo babengi portai ezali ya mwindo kasi na cloture ezali ya pembe tomoni na bafololo ezali pembeni na yango.
ID_JCQMTM,Dzimba idzi dzine marata matsvuku. Dzimba idzi dzakachengeterwa nemudhuri. Mudhuri iyi ndeyekirimu. Kumberi kwedzimba kune gunga.
ID_JCUBGG,Na elili oyo nazomona bazolakisa biso etaleli ya libanda esika bazolakisa biso fololo na kati ya ekolo esalema na nsima.
ID_JCXYBZ,Mukomana akapfeka hembe chena nemudhebhe webhuruu neshangu chena akabata bepa dema arikufamba achienda nekune mvura akafuratira chivakwa chine ruvara rwebhuruu nemukomana akamira akapfeka tisheti ine ruvara rwebhuruu ine maoko mapfupi pane munhu akagara pasi ane hembe ine ruvara rutsvuku.
ID_JDBNBJ,"Musikana wakamira, kumusoro akapfeka hembe ina mavara akarerekera kuruvara rwechisoja. Ina mavara matema, mavara akarerekera kugirini namavara machena. Kuzasi wakapfeka mutirauzi wakabharuka mumabvi. Mutirauzi uyu une ruvara rutema. Kumakumbo wakapfeka shangu mapatapata ane ruvara rutema nechepamusoro. Necheparutivi une kasimbi kane ruvara rwesirivheri."
ID_JDMXJQ,Mapundo akamera akawanda chaizvo anoratidza kuti ndeeruvara rwebumhudza uye ndeerudzi rumwe chete. Panoonekera sekuti pane panga pachisakurwa pachibviswa mapundo iwaya asi kuti achakawanda ari pasati abviswa.
ID_JEKZXG,Eyawa na moni balakisi biso basaani oyo babombaka biloko na kati na mesa.
ID_JFEGKS,Murume mutsvuku ari pambozhanhare yake. Akapfeka chikabudura chitema uye shangu dzerudzi rwematenesi dzisina mushinda. Murume uyu ari kufamba mumugwagwa achipesana nemota chena.
ID_JFHUZS,pine mibale ya motuka etoboki.
ID_JGYBLF,Mapushi erudzi rwepfumbu maviri. Rimwe rakatsika rimwe erudzi rwepfumbu. Ari kuratidza kusakara asi akachena zvawo. Akagara pasi perudzi rwepfumbu nemitsetse mitema.
ID_JHGCDD,Nzvimbo ina maruva akawanda ana mashizha akasvibirira. Muri kubudikira munhurume mumwe chete akapfeka hembe yebhuruu nemudhebhe wakasvibirira akabatawo ngowani nerumwe ruoko rwake ine ruvara rwakasvibirira.
ID_JHHVQW,Musasa wokutengesera wakapfurirwa nemapurasitiki matema uri parutivi pemugwagwa wetara. Mumugwagwa mune munhu ari kufamba uye pane tambo dzemagetsi dziri kufamba dzichitevera mugwagwa.
ID_JIMMLA,Eya namoni batata mikolo ya mindele bafandi esika moko bazosolola.
ID_JIWBNE,awa namoni eza ba sapatu ya basi ba sapatu mingi eza kitoko penza namoni eza na ba langi mingi ba langi ya mosaka pe ba langi ya moyindo nde namoni yango.
ID_JKLYVJ,Zvishongo zvemumaoko zvakasungirirwa pamucheka. Pane wachi yakakura ine pamusoro pegoridhe. Yakashongedzwa mukati nechinhu chinengerize nechimwewo chiri kurutivi rwerudyi. Ine bhandi rebhurauni. Poita chimwe chishongedzo chitema chine pamwe pegoridhe. Zvishongedzo zvakanaka nokuti zvinowedzera vadzimai kunaka. Uyewo zvinoenderana nebhutsu kana mabhegi avanenge vakapakatira.
ID_JKWHQU,"Vanhu varikufamba mupevhumendi uye jurahoro, miti dzakareba, mashizha emujakaranda akadonhera pasi, zvigubhu zvakadonhera zvakare pasi, mopu."
ID_JLJRGG,Panzvimbo pane mishina inoshandiswa kugadzira migwagwa ine ruvara rweyero. Pane dzimba dzakapfirirwa nematenga matsvuku uye nzvimbo iyi yakakomberedzwa nemudhuri wakavakwa zvakasimba.
ID_JNBDOP,Sango rine sora rakaoma nemiti yakasvibira ine mashizha egirini. Rakakomberedzwa nehwaya ine mapouro esimbi machena uye miti midiki.
ID_JODRQI,bendele bendele yango ezali bendele eza na langi boye ya bozinga eza pe na langi ya motane kasi yango bendele oyo ezali bendele ya mboka oyo nayebi te.
ID_JPKLRV,Esika nazali komona awa nazomona eza balabala bato ebele bazali koleka na balabala yango mpe nazomona eza lokola balabala yango epanzana nazomona basanite nazomona banzete kweyi nazomona balabala yango ekuti koloba te eza nzela moko mwa mawa mpenza.
ID_JRCNAR,Musoro wemunhukadzi wakarukwa uchishandiswa bvudzi rake rekuzvarwa naro rine ruvara rutema. Rareba zvokurembera kugotsi. Akarukwa achivhurwa mitsara mitsara ichirukwa kubva kuhuma ichidzokera kumashure.
ID_JRCNKZ,awa namoni eza drapeau drapeau wana eza na 3 couleurs couleur moko eza ya pembe na mosusu eza ya bleu na mosusu eza ya vert nde nazomona eza drapeau ya pembe.
ID_JSLETR,Nzvimbo ina matombo tombo nemiti. Miti iripo inoratidza kuti haina mashizha angori matanda akamira ane ruvara rwakachenerukira kwoita mazitombo akazara ane ruvara rutema neruvara rwakachenerukira.
ID_JTAVKT,bato ebele bazali esika matanga ezali sanduku ya moto akufi ezali wana liboso moto moko azoyemba asimbi mikro na maboko oyo ematisaka mongongo ya moto.
ID_JTZFPP,Awa tozomona eza loboko ya mwasi aza mwasi ya libala po na lisapini ya mibale alati lopeto ezo lakisa ete aza mwasi ya libala.
ID_JVFLIH,Mukati memotokari inoratidza kuti itsva. Ine zvigaro zvine mavara matema neegireyi. Mune mabhandi anochengetedza vanhu kubva mujodzi. Parutivi payo pane ruva guru rine mashizha egirini.
ID_JVWWXY,Mhando yenyoka inonzi anakonda. Yakazvimonerera pamuti. Iri pedyo nemvura. Nyoka yacho ine madododo matema asi ine ruvara rweyero.
ID_JWAFPP,na photo oyo nazali bongo komona loboko soki totali malamu ndenge manzaka eza milayi ezali bongo loboko ya ndeko mwasi asimbi na loboko naye molangi ya moke pe ndenge bakomi na molangi yango ezali bongo mafuta ya basi yakomi pakola na nzoto.
ID_JXEBBV,Temberi imwe chete ine mudhuri mutsvuku. Pamusoro pawo pane chikwangwani chakanyorwa chichena chine mavara matema. Pamusoro pane denga remarata.
ID_JXFHBA,Shangu yerudzi rwetenesi iri imwe chete ine ruvara rwebhuruu neruchena pamberi pacho yakasungwa netambo.
ID_JZOPGC,Musikana wakarukwa zvakanaka zvinonwisa mvura. Nechemuzasi akarukwa madhiredhi achiti nama nama nemusoro. Nechekugotsi anosvika achinoungana kuita hata. Anobva anorembera achienda kumunhu wa shure.
ID_KAXPYS,bilili oyo nazali komona awa nazomona eza bongo mesa likolo ya mesa yango nazomona basaani saani moko ezali bongo na mbisi ya mai sani mosusu na moni ezali na ndunda pe sani mosusu kuna na moni pe batie mappa na kati.
ID_KCSMOL,Vanhu vari munhandare vari kutamba mutambo webhora. Panoratidza kuti pane timu mbiri  yevakapfeka zveyero kumusoro nevakapfeka zvebhuruu. Akapfeka zveyero ane bhora raari kuda kuedza kuti amhanye naro kuenda kunonwisa asi pane mumwe akapfeka zvebhuruu ari kuedzawo kumhanya kuti amuvharidzire. Pane vakagara vari kuona zviri kuitika nechekumberi.
ID_KCUAHT,awa namoni bolakisi biso batu oyo bazo sala sport ya vole baza bana basi ba lati pilote.
ID_KDCLWN,"Mopu imwechete iripasi, ineruvara rutsvuku negireyi, inemubato mutema."
ID_KDXEAT,Elili oyo ekolakisa elili na kati ya bendela bilili na kati ya bendela bendela ya balangi ya mosaka nzela ya mosaka na likolo nzela ya pembe leki nzela ya mwindu na se pe ya mosaka na kati ezali elili ya maboko mibale ya motane esimbi maseke na bikoti ya motane pe mosaka.
ID_KGNJCZ,Musoro wemunhukadzi une vhudzi rakasungwa zvakanaka. Vhudzi iri riri kusungwa zvipundu zvipundu richibva kumberi richidzoka kumashure uye vhudzi racho rine ruvara rwebhurawuni ruri kuonekwa nechekure asi pasi paro pane ruvara rutema.
ID_KHKIOB,Tsoko shanu dziri kubudikira mujinga memuti une midzi yakabudikira yakakura zvikuru. Tsoko idzi dzine ruvara rutema neruchena kumeso kwadzo nekumusana. Dziri mumahuswa egirini.
ID_KHNWAX,sapatu ya mobali sapatu yango eza na se yango kasi yango sapatu yango eza na langi ya pembe eza pe na langi boye eza neti ya sika kasi sapatu yango eza na sika.
ID_KITUNQ,Motokari iri kufamba iri mumugwagwa mukuru uyezve yadarika nepane bhiriji rihombesa rine marambi akawanda machena neepepuro.
ID_KJKKHS,Awa namoni bato ebele batelemi na ndako pembene ya motuka nayebi te bato sala nini.
ID_KJPMTZ,awa tozali komona ezali esika oyo mabele ekweyi ebukani esika oyo babenga erosion tomoni bato mingi bazali wana bazali kotala ndenge nini mabele ebukanaki bazali kokamwa bazali kokamwa mingi.
ID_KJVWAL,Uyu mudziyo uyu tinoushandisa kutesita zvinhu zvedu sezvemagetsi uyezve uri mukara yeredhi uyezve una manhamba aripo pauri mudziyo uyu.
ID_KMVRGB,Rusero rudiki rwunamakotopeya mana nemabhanana erudzi rwamadiki nepain epuro yakasiiwa chekumuromo chisina kubviswa. Zvakarongedzwa zvakanaka. Zviripatafura repuranga zvinoratidza kuti zvinhu izvi zvichiri fureshi kunze kwemabhanana akuratidza kuda kusvava nekutsva.
ID_KNAKMY,Mafirijongo chikafu chakabikwa nemutoo unoshamisa uye uno yemurika chinoti nyama magirini mambatatisi nezvimwe zvakawanda wanda zvakasanganiswa ipapo kudya namambo.
ID_KNYOLJ,Ezali alimentation kote batekisaka babiloko ya kolia.
ID_KPHGHG,bile ezali na langi misato langi na likolo ezali na langi ya mosaka na katikati ezali na langi ya pondu na se ezali na langi ya motane katikati ezali na minzoto moko ezali na langi ya pembe.
ID_KQDYTS,Mudzimai arikufamba mumugwagwa. Wakapfeka hembe ine maoko marefu. Hembe yake ine ruvara rweyero neruvara ruchena neruvara rutema. Mumaoko akapendekera bhegi rine ruvara rutema. Mumusoro ane dhugu rine ruvara rutema zvakare.
ID_KQOSNA,"Batanai mo inzvimbo inezvitoro zvakawanda zvirimairi, chimwe chezvitoro chiripo iti vhisiwusi pane motokari mbiri chena nenhema dzakamira pamberi pechivakwa ichi."
ID_KQOZUQ,Awa namoni eza na bandako oyo eza pembeni ya balabala namoni na balabala eza na bamituka oyo etelemi namoni pe awa liboso ya bandako eza na bamwa mandalala moko ya kitoko.
ID_KQXUZF,"Madzimai amwe arikufamba, vamwe vakagara pamusika vachitengesa jinja nezvimwe zvakasiyana izvowo zvinoita kuti vawane mari vakwanise kuchengeta mhuri dzavo."
ID_KRJRRI,Munhu akabata banga neruoko rwake rworudyi. Rworuboshwe rwakabata domatisi rwakaritsigira kuti risadonha achiri cheka cheka neruoko rwake rworudyi. Zvichibva zvinoti kuita kuti tifungidzire kuti pane zvaari kubika uye ari muimba yekubikira.
ID_KTMEGI,"Namoni awa eza na stade ya baskete, namoni bana mibali bazobeta baskete."
ID_KTXNJJ,na ngai nazomona ndako moko ya matiti na kati na yango nazomona bato bafukami bazosambela.
ID_KTZGRZ,Nzvimbo inodzidza vanhu nezvekuchaira motikari. Pane madhiramu aripo akarongwa uye pane mota chena iri kuratidza kuti ine munhu mukati. Madhiramu aya anoshandiswa kuti vanhu vadzidze kupinda pakamanikana vasingakwesherani nevamwe uyewo pane imwe mota nhema inotori pakati pemadhiramu. Chena iri kuratidza kuti yabuda mumadhiramu.
ID_KUAFOJ,Miti ine mapazi akawanda uye mashizha egirini. Pasi pane zvidhinha zvakakomberedza majecha machena akaunganidzwa okuvakisa.
ID_KVBDQL,Mwana mudiki wakabata sumburena yebhuruu kunze mukati ine ruvara rwesirivheri. Mumakumbo mwana uyu wakapfeka mapushi eruvara rwenhundurwa. Nechekumusoro wakapfeka hembe ina mavara mavara. Une chikabudura chebhuruu.
ID_KVDOAK,he na bilili oyo tozali bongo komona photo ya libota libota tozomona ndeko ya mwasi ya mokolo oyo akoki kozala maman na bango asimbi mwana moko ya mwasi pe pembeni na ye tozomona mwana moko ya mobali ya muke.
ID_KVEFCF,Liboso na nga awa namoni bazwi kamwa insecte nde baolakisa biso awa batika yango likolo ya tapi po tomonaka yango malamu.
ID_KVLQAJ,liboso na ngai nazomona eloko moko ya kitoko mingi likolo na yango namoni bakomi na monoko ya lopoto bacon papaya.
ID_KWGXEV,Masofa akagadzirwa nematanda. Ane matanda ane ruvara rutema neruvara rwakachenerukira. Nechepamusoro pawo ane ruvara ruchena. Masofa aya anoratidza kuti akanaka uye anoyevedza kuona akagadzirwa zvine unyanzvi.
ID_KWONMZ,Awa namoni eza na batata ebele oyo batelemi esika moko na kati ya kilasi namoni liboso na bango eza na mwa mesa oyo eza na babuku na mwa molangi ya mai likolo namoni batata yango balati ndenge moko eza neti baza bazuzi na mwana mobali moko oyo atelemi katikati na bango.
ID_KXHRFU,na foto oyo namoni ba lakisi nga awa eza ba joueur ba telemi na kati ya terrain bali ko kanga bango foto pe ba lati bilamba ekokani me oyo ya liboso d'ecor oyo alati bilamba ya langi ya mosaka.
ID_KXUYAU,Mugwagwa usina tara uri mudhorobha. Mugwagwa uyu wakanangana nechitoro chinonzi Farm NCD. Kunze kwechitoro ichi kwakapakwa motokari zhinji dzine ruvara rwakasiyana.
ID_KXVLRC,na elili oyo nazomona esika bazolakisa biso motuka motuka eza na langi ya mobesu bafongoli na nsima esika nazomona ezali na masaki ya gitungu mibale.
ID_KYQFZI,ba carton ya ba cahier ya ba farde balatiba bic ya koteka mpona bana ya kelasi.
ID_KYRBIL,foto oyo elakisi biso na kati ya ndako moko ndako oyo eza ya kitoko mpenza pe eza ya pembe na ndako oyo namoni mwana mwasi ya moke avandi likolo ya mesa pe pembeni yango asimbi mwa televizio moko ya monene.
ID_KYSXGP,ndako oyo ezali na porte ya moindo pe mwana moko atelemi liboso ya lopango oyo na kati ya ndako wana likolo bakomi makomi ezali na langi ya mai ya pondo.
ID_KZHIEW,Muturi mudondo pane mauswa nerukadzo. Une hunde mbiri kuzasi. Wakabatana kumusoro. Une mhanda dzakawanda. Wakatemwa mumatavi kukasara matete. Kuruboshwe padavi rakatemwa pane gomarara rakamera rine ruva dzvuku.
ID_KZOKGB,Awa nazali komona biloko oyo basalelaka na bilanga babengaka yango kongo pe kuna na liboso na moni mwa bilanga baloni biloko lokola ba choux eza komonana kuna liboso.
ID_KZSWED,Chikoro chakakura zvikuru chine makirasi romo akawanda zvikuru uye chakavakwa chine ruvara rweyero uyezve midhuri yayo yakarongwa iri nemutsetse uyezve chikoro ichi chakapoteredzwa newaya.
ID_LBCZYP,awa eza kiti nazomona esika ya batuku nini ya koya kolekisa ngonga ntango basilisi nzomi oya bofandi omeli eza na bakiti babongisi eza bakiti oyo basali yango ya mabaya eza na langi ya chokola.
ID_LBHOTH,Nzvimbo ine zvitsvina pane vanhu vakamira nevamwe vakagara pane mumwe akazembera chingoro chakabheurwa. Pane pane rori iripo ine ruvara ruchena nekamutsara katema padivi kakanyorwa nemavara machena.
ID_LBNNVO,elili oyo nazali komona awa nazali komona bakiti yakitoko oyo batu balingaka mingi kotia nasima yandako to esika batu basololaka libanda eh tomoni pe esika yango bakiti ezali ebele.
ID_LBOBOR,mai eza pene pene ya zamba na kati ya mai eza na ba nzete na matiti ba nzete yango eza na kasa eza na langi ya pondu matiti yango pe eza na bakasa eza na langi ya pondu matiti moko eza ya ko kauka matiti mosusu eza ya mobeso na loboko ya mwasi ya mai oyo.
ID_LBPCDU,Murume akazembera pasimbi ine ruvara rweyero. Akapfeka hembe tema netarauzi rejini. Pamberi pake pane murume akagara akaisa masiki pamuromo akabata mari muruoko rwerudyi. Ruoko rweruboshwe rwune wachi uye ari kutengesa mamasiki.
ID_LBUPDF,bandeko esika tokomi awa naomona baolakisanga na misu na ngai eza esika oyo batekisaka babiloko ebengami na monoko ya lingala bambabola naomona awa eza bambola oyo babongisaka yango na bamanzanza.
ID_LCANJA,buku ya bana-kelasi ya mitano ezolakisa bango kotanga pe kokoma.
ID_LCIVIO,Loboko ya motu esimbi karton ya kisi karton ya kisi yango eza na langi ya bozinga na makomi eza na langi ya mwindo na mosaka na motane namoni bakomi na kisi yango diklopenaq eza kisi ya komela mpona ko swagne ba maladi.
ID_LCVUBW,na bilili oyo twali komona awa balabala moni ndeko moko azotambola na balabala oyo amoni bamituka amoni banzete ya molai amoni pe bandako moko ya molai ya kitoko.
ID_LDWRZZ,Mukati mechitoro mune zvigubhu zvemizera yakasiyana zvakadurikidzana zvezvinwiwa zvakasiyana siyana. Parutivi pane munhurume mumwe chete akamira akazembera pachidziro.
ID_LEPTJM,Bilenge mibali bazosaka na bale ya match na kati ya stade bato ebele bafandi na stade bazotala bango.
ID_LFETUG,namoni na kati ya ndako moko boye mwa mesa eza na ba mwa biloko likolo na yango namoni bamwa eteni pe eteni ya bamwa mbala oya sukali na kati ya sane ya monene pe namoni bampundu na basane ya monene pe na bamwa biloko oyo ebele ya kolia monani baza kozela bato baya kolia pe eza mwa eyenga moko.
ID_LFOMIT,"Muguta reHarare, munhurume arikufamba akaisa maoko muhomwe aine kepesi uye masiki. Motikari ichena. Motokari dzirikufamba mumugwagwa. Denga rine makore."
ID_LFZTDM,bilili oyo bazali kolakisa biso awa ezali bongo na se ya mai bakamataki foto oyo na se ya mai pe na se ya mai yango tozali komona nkoba nkoba awa ezali nkoba ya mai eza nkoba ya zamba te.
ID_LHDEEV,Nhundurwa dzine mavara ezerere netuchena. Hadzina kuibva. Dzimwe dzacho dzakachekwa kuitwa madenderedzwa matatu.
ID_LIEJMC,Hembe yechikadzi yakareba ine ruvara rutema nezvinohunya zveruvara rwakasiyana siyana. Iri kutengeswa muchitoro nedzimwe hembe dzakananikwa. Pane mabhegi akananikwa nevhiri remota riri kuoneka kushure.
ID_LIOGPY,ba mapapa ya sika oyo ya bana basi namoni eza na ba langi ekeseni namoni eza oyo eza na langi ya mosaka mosusu eza na langi ya pembe mosusu eza na langi ya moyindo na mosusu pe eza na langi ya chokola eza esika oyo bazo tekisa yango.
ID_LLASDQ,Nzvimbo ine vanhu vakasiyana siyana varikufamba. Vamwe vakapfeka hembe dzine ruvara ruchena. Koitawo vamwe vakapfeka hembe dzine ruvara rutsvuku. Nechekurutivi kunoratidza kuti kune zvitoro.
ID_LLFEAD,Tsuro dzakati wandei dziri muchirugu chakagadzirwa nemapuranga uye nefenzi. Muchirugu umu mune mauswa pasi kuitira kuti tsuro dzigarepo uye dzisabaiwa nematanda ari pasi.
ID_LMSRXP,ndako na biso oyo ezomonana ke eza kote ya libanda omona 10 parabolique eza yango pe eza ya kokauka saloon ndire bato baza te bana bakendeki classe.
ID_LNPWHH,bilenge mibali baza koyokola mecanique.
ID_LNYEZX,Shangu imwe yekuruboshwe pane midiki yakavhara mberi nekumashure uye inoratidza kuti inopfekwa nguva dzechando nekuti inodziya.
ID_LPEIYY,Mwanasikana wechidiki akapfeka rokwe rake refu neshangu dzake mbiri uye akamira pasi padhuze nechigaro.
ID_LRTXFY,Kambuyu katema karikudya mashizha egirini. Kane makumbo mana arikuoneka.
ID_LSWZUO,Mukomana ari mugiraundi rekutambira nhabvu akapfeka jezi repingi nemasokisi matsvuku neshangu dzekutambisa nhabvu dzebhureki dzine mitsara michena.
ID_LTFSXS,Ba dessine mobali alati lunette bakomi ka fc eza logo.
ID_LTOEWY,Oyo eza lokolo ya sapato ya mwana mwasi bati yango na mabele ezali sapato ya kitoko mpenza ezali bati yango na mabele na kati nango ezali bululu na likolo eza na malangi ebele mwa ba biloko bati na likolo ya motane ya pembe ya moindo eza likolo ya sapatu ya mwana mwasi eza mpenza kitoko kitoko kitoko mingi.
ID_LUJEWA,namoni ezali mafuta ya kopakola baza kotekamgo eza mafuta modele mingi ezali wana kati kote batekaka bamafuta.
ID_LVPXZS,Wachi yechikadzi yegolodi. Sashenjuka shona inowanzopiwa munhu se egifti kana kuti perezendi kana kuti sechipo iri wachi yegolodi yechikadzi.
ID_LWTHMI,Ndiro chena yebhonzo yakagara pamucheka une ruvara gwegireyi uri patafura yedanda. Mundiro mune sadza jena uye mune muriwo une matomatisi nehanyanisi.
ID_LYKQXB,Ba joueur oyo mibale bazali na kati ya terrain balati bilamba ya kokokana pe eza na langi ya mayi ya pondu ezali pe na langi ya mosaka baza ba joueur.
ID_MACGWC,Zvivakwa zviri mukati medhorobha uye mune motokari dziri kufamba mumugwagwa. Dzimwe dzakamiswa padivi pemugwagwa. Imwe ine ruvara rutsvuku imwe ine ruvara ruchena uye imwe ine ruvara rwebhuruu.
ID_MCNTAD,oyo ezali drapeau ya mboka.
ID_MCYHND,Panzvimbo yekutengesera pane vanhu vakawanda. Pane mai vakabereka mwana nembereko tsvuku ine mutaro mutema uye madomwe madomwe. Pane murume akabata nharembozha mumaoko akamira parutivi pemaputi.
ID_MDBXFH,Muchina unoshandiswa kusona hembe. Muchina uyu wakabatanidzwa netebhuru ine ruvara rwebhurauni. Kuzasi kune simbi dzine ruvara rutsvuku. Uyewo muchina wachona une ruvara ruchena neruvara rwebhuruu.
ID_MDCGJE,liboso na ngai nazomona ekipe ya rdc ezobeta ndembo.
ID_MEVBOM,eleko nazomona awa bandeko eza obele bendela eya bendela moko mpenza ya monene mingi bendela oyo namoni eza na balangi minei ekeseni bendela oyo eza mpenza ya bendela moko ya kitoko mingi.
ID_MEYEQA,"Awa nazomona eza lopango,soko ba décorer yango nazomona pe ba fololo pe eza wana ba fololo eza na langi ya mayi ya pondu."
ID_MFQGCD,"Nazo komona buku,buku yango eza ya bande dessine na bande ya couverture na yango eza bato misato moko ya suki ya mosaka mosusu na suki ya moyindo mosusu na langi ya moyindo."
ID_MGDHTX,elili oyo ekolakisa nzela ya monene ya goudron e na kati ya zamba nzela eza na milongo ya langi ya pembe bato baza na loboko ya mwasi ba koleka na loboko pe ya mobali bato bazwa koleka na kati ya zamba monene.
ID_MHRFHJ,Varume nevakadzi vane mizera yakasiyana vakamira panzvimbo ine masimbi inoratidza kuti inogadzirwa zvinhu zvakasiyana zvinogadzirwa nesimbi zvinosanganisira magedhi epamajuraho. Masimbi anoiswa pamafafitera kuti pavadzisapinda zvinyoro nezvingoro zvinotakurisa zvinhu mutauni.
ID_MHZXZI,kopo ya jus eza na langi ya motane.
ID_MJJIBY,Mudziyo unoshandiswa kana uchida kugeza mazino. Mudziyo wacho uyu wakanakira pakuti unogona kuisa bhatiri wato kwecha mazino iwowo usingafambisi.
ID_MJORJS,Na elili oyo ezali kolakisa biso etaleli ya mosika ya libanda ya esika ya botekisi na esika yango nazomona ezali na bilembo ya botekisi esika bakomi na monoko na lokota ya bopaya wewe.
ID_MJSRCG,awa nazomona bana mibali bakende kosala sport namoni balati bilamba ya sport bana mibali ba mosu batelemi ba mosu bavandi.
ID_MJZITO,"Awa toza komona baza kolakisa biso tomoni esika moko banzete ezali mingi na bafololo, na esika baloni bafololo kasi kuna liboso kuna tozokomona ndako moko ezali ya etage moko kasi ndako yango ezali mpenza kitoko mingi te hondire ezali ndako moko babengi na lokutu abandule oyo bato batika bafandaka lisusu na kati te nde yango wana tozali komona."
ID_MKIPOE,Bhora rakagadzikwa panzvimbo ine uswa hune ruvara rwegirini nemavhu akawandisa. Pane mashizha emubhanana akaoma akadonhera pabhora iri. Bhora iri rine ruvara rweyero neruvara rwepepuro.
ID_MLEGVG,awa namoni toza nakati ya sale munene namoni eza na bato oyo basimbi ba mbonda na makolo bazobeta eza na bana basi na bana mibali namoni pe mosusu azobeta ya lindanda bango to balati ndenge moko.
ID_MMIEEU,nazomona na elili oyo bazolakisa biso bileko ya bilei nazomona ezali lokola motekisi atie bileko ya bilei ya kolia po bato bayo kosomba.
ID_MNHJZF,Muti uri pakati pamatombo makuru maviri. Rimwe riri parutivi. Une mashizha maduku egirinhi.
ID_MNKDTM,Nzvimbo iri kutengeserwa mhando dzefoni dzakasiyana. Mazita efoni akanyorwa pazasi uyewo foni dzakarongedzerwa muzvinhu zvemagirazi kuti vaone. Kutengesa zvinhu zvakadai zvemhando dzakasiyana kwakanaka nekuti vanhu vanouya vachitsvaga zvavanoda chaizvo uye vanhu vari kutengesa vanotowana kurarama uyewo vari kutengesa ipapo vanowanawo mabasa vanopihwa nevaridzi vezvitoro.
ID_MOIEXY,ba motoka minene oyo ekangi nzela te kasi kuna mosika antene ya molai eza nde tour de control epi awa tomoni ba contenel etelemi pembeni ya motoka oyo.
ID_MPUFTN,na bilili oyo tozali komona awa ezali bongo kabati pe kabati yango tomoni ezali libanda ezali bongo na kati ya ndako te pe tomoni esika ezali batie yango likolo ya matiti.
ID_MQDJDC,ba mafuta oyo eza ebele awa eza ya kopakola mwasi oyo atiaka ango na motu ba mosusu ya kopakola ba mosusu ba parfum na milangi oyo.
ID_MQICOY,Chuma nemhete dzemumaoko dzakapfekwa muruoko. Mhete dzemumaoko dziviri dzine ruvara ruchena. Koita chuma chemumaoko chine mufananidzo werudo wakarembera pauri. Chakabva mufananidzo uyu wakabva wanyorwa nemavara matema. Chuma chemumaoko chine mabhora zvakare ane ruvara rwepingi nemabhora ane ruvara rwesirivheri.
ID_MRAIGA,na elili ezali na kati ya ndako ya botangi banakelasi ba kotanga balati pe milato ya ndenge moko ya boziga mokanda eza likolo ya mesa bakolandela ndenge bakosala na bisalisi na bango.
ID_MRGPUB,Vanhu vakawanda vakamira mumutsara vari pamagirosa. Mumwe wavo munhukadzi wechikuru mumwe chete akagara pasi. Pamberi pake pane bhaketi richena.
ID_MUWHHA,awa na moni eza esika basalelaka politike liboso na ngai nazomona mokonzi moko atelemi nsima na ye koza bambila mibale oyo bazokengela ye.
ID_MUYVGV,"Kisi eza na langi ya pembe, motani pe mbwe na bozinga."
ID_MVMHDG,"Pamufananidzo pane midziyo yakasiyana siyana yekushandisa muimba yekubikira. Midziyo mizhinji ine mubato ndirikuona banga, mugoti wekubikisa sadza, mugoti wokubikisa muriwo neimwe midziyo ine mibato yepuranga."
ID_MVOEEV,foto oyo nazomona awa na miso na ngai eza obele koza ya mwa ndako moko ndako oyo eza ndako moko ya monene mpenza bandeko epi nsima yango pembeni ya ndako oyo naomona eza obele nzete moko eza pembeni awa.
ID_MVWCPO,Mvuu mbiri dziri mumvura. Imwe inoratidza kuti ndiyo mai imwe imwana nokuti iduku. Dzine ganda rine mavara ebhurauni nematema.
ID_MVXHMA,Awa tozali komona bana basi mibale moko azokokanga suki ya mosusu asalaki yango modele ya kitoko mpenza.
ID_MWGZPD,mashini oyo batie awa eza mashini oyo ebimisaka poussiere na babiloko ya electronique soki neti biloko electronique ekoti poussiere eloko oyo esalaka mpona kopepula yango.
ID_MWLIFS,Shangu yeruvara rwedenga rwakasvibira. Ine ruvara ruchena muzasi neruvara rwegoridhe kumasure rwakanyora kuti pfuma uye ine tambo dzisina kusungwa dzakasimukira pamusoro peshangu.
ID_MWXPLB,Makanika ari kusungasunga motokari ari pasi payo achishandisa zvipanera zvekugadzira nazvo motokari.
ID_MWZVRV,"Zvinyoreso zvemavara zviri pasherefu zvakadurikidzana. Zvine mavara anoti yero, pingi, girinhi neorenji."
ID_MYASSN,foto elakisi biso na kati ya ndako moko boye na ndako oyo namoni mobali moko atelemi na ye likolo ya eloko pe aza kopakola mwa langi na ndako oyo pe alati mwa single.
ID_MYATCF,Varume nevakadzi vakapfeka hembe dzekudzanisa. Vakamira pasora rakasvibira rakachekererwa zvakanaka. Vane majakazi mumakumbo uye vakapfeka mbikiza nehembe tema. Pane mumwe ane rokwe jena akapfeka zvakasiyana nevamwe.
ID_MYSUOX,Apa papati uyezve parikuratidza kuti pakarongwa macheya nechivhiti vhiti. Macheya aya akaiswa mucheka muchena uyezve pakarongwa kapeti pasi yegirini.
ID_NANEDK,Pane shangu mbiri dzine ruvara rutema dzakaiswa masvokisi ane mavara akasiyana siyana mukati madzo uye dzakatsvetwa mumba makaiswa ruware ruchena.
ID_NBXFCB,Nomona balabala camion etelemi na balabala camion monene ya pembe na mopanzi kuna na komona eza ndako.
ID_NCTBDJ,Pazasi pezambuko apa pazere miti yemujatirofa. Mujatirofa unomera pane mvura. Pane mapepa akawanda ayo akasvibisa nharaunda.
ID_NCTMCH,awa na moni eza na kati ya ndako liboso na ngai nazomona saani moko ya pembe na motane na kati ya saani nazomona bambuma moko ya kitoko oyo na monoko ya poto babengaka papai.
ID_NDLOUL,oyo moto asimbi sani eza na biloko ya koliya eza pepi soupe eza nyama basangisi na ndunda bati pe ba pilipili ba pepi mibale eza na langi ya mosaka na nyama yango pe eza ya kotokisa basangisi yango na ndunda eza elengi boye.
ID_NDMSAY,Shangu mbiri dzakanaka kwazvo dzine ruvara rutema. Dzakavhurika mberi nekushure uye dzine tambo yakakora pamberi kuitira kubata gumbo. Dzinopfekwa nevanhukadzi kana vanhurume.
ID_NEFGZN,Zvibhodhoro zvakawanda zviripasi zvemizera yakasiyana. Panezviduku poitawo zvihombe zvineruvara rutema nemivharo michena. Ndezviya zvinemishonga inoshandiswa pamishina yakaita seyekudhinda mapepa kana imwewo mishina inoshanda namapepa.
ID_NEMBWZ,Varume vanoratidza kuti ndevemutambo vakapfeka nguwo dzakafanana dzine ruvara rumwe chete ruchena nezvitema. Vakapfeka shangu dzakasiyana siyana. Vamwe vakamira vamwe vakakotanira.
ID_NHJQMJ,Chitoro chekutengesera hembe chine madziro egirazi anooneka zviri mukati. Mune zvidhori zvakapfekedzewa hembe dzavanhu. Chimwe chidhori chidiki chakapfeka dhirezi romwana repingi.
ID_NIXPQE,"Mbeto ba tandi ba dra ya pembe pe na ba coussin,na tapi ya langi ya motani esangani na langi ya chokola fololo na mesa ya liboso awa pe na mopanzi kuna fololo na ngolomane na nsima ya mbeto yango na langi ya mosaka batie pe bilei na plateau."
ID_NJUTWH,Midhudhudhu iyi yakarongedzwa zvakanaka. Pamberi payo yakachengetedzwa necheni iyo yakapendwa zvitsvuku nezvichena.
ID_NJZYRN,na elili oyo nazomona bazolakisa biso bato ya mibali ebele balati bango nyonso ndenge moko bazokende.
ID_NKDDHC,"Na balabala taxi ,bus na mopanzi na langi ya pembe pe na langi ya pondu awa mibali mibale bakobenda pusu mobali ya liboso alatika bitula ya langi ya bozinga ya pete pe likolo motani na ekoti ya pembe esangani na bozinga mosola te mwindu mwindu pe na ekoti ya pembe liboso kuna pe mituka na mopanzi."
ID_NKKWME,Motokari dziri mumugwagwa. Dzimwe dzakatakura vanhu dzakazara dzakavhurwa mabhutu. Dzimwe dzakavharwa asi dzirikufamba nemarori namagonyeti namamota bhaiki. Zvose zvisiri kufamba zvakatakura vanhu.
ID_NMFAKL,na kati ya sale bato ebele basangani ba camerons pona kolanda formation moko mpona bo bakutani.
ID_NNEJUC,Vanhurume vana vakabatana maoko vakamira vakapfeka nhumbi dzekutambisa mutambo. Vakapfeka shangu nemasokisi zvakasiyana. Vakamira vakasanganisa maoko avo pamwe chete vakabatana vari kuratidza kuti vari kutorwa mufananidzo. Nechekurudivi kune miti yakawanda iriko nezvivakwa zviri nechekumashure. Pavakamira pane uswa hwakaoma.
ID_NNNBWD,Nzvimbo ine uswa namarara ine zvimiti miti zvakangorara pasi zvimiti izvi zvine ruvara rutema neruvara rwakachenerukira kwoita zvimarara zvakangorasika pese pese zvine ruvara ruchena uswa huripo umwe une ruvara rwegirini umwe une ruvara rwakachenerukira.
ID_NOGIXK,na bilili oyo nali komona balakisinga awa mwana mwasi aza na miso ya kitoko ali komona ndenge bakangi ye suki pe amemi ka sac na ye pembeni na ye na moni ka mwa ndako ya balangi ya motani.
ID_NPRXQR,Awa namoni balakisi biso mwa mutuka moko ya monene makasi oyo etelemi esika moko enamoni eza mutuka oyo ememaka babiloko ebele enamoni bafungoli yango bazobimisa biloko na kati.
ID_NQRVCV,elili oyo eza elili ya sango namoni na se bakomi paroise catholique se jean paul de eza ndako ya nzambe oyo ya ba catholique.
ID_NRKEFH,na esika na komi awa bandeko nazomona liboso na ngai eza obele babendela babendela mibale eza awa bendela moko eza bendela ya union africaine mosusu eza bendela oyo ya mboka congo brazaville.
ID_NRYMLU,Ba balabala ya kitoko mpenza pe na balabala oyo namoni bato mibale namoni baza likolo ya mwa moto bato oyo emonani baza bamwa policier namoni balati bamwa elamba na bango pe nsima na yango namoni motuka oyo eza kokende oyo emeka yango minibus pe na moni pembeni ya balabala oyo bamwa parapline na bamwa biloko bato baza koteksa yango.
ID_NSIWDG,Murume akagara mumotokari. Motokari yakamira. Kumberi kwacho kune mugwagwa.
ID_NSLCMX,awa na moni eza esika oyo bazotekisa ba mafuta ya ndenge na ndenge ya bana basi na ya bana mike.
ID_NSYLRD,"Awa nazomona mwasi moko boye azolakisa suki na ye, nazomona suki na ye bakangi ye suki ya maboko bakangi ye suki na ye ya naturele azotala na se."
ID_NTGLVW,eloko nazomona awa liboso na ngai eza eloko oyo babengaka eza mafuta ya bana mike ya babebe ya kopakola na nzoto ya mafuta moko ya kitoko vrema mpona babebe sikuna molangi yango mpe namoni koza foto ya bana mibale batolomide balati eloko te likolo eza babebe.
ID_NTGXTG,elili oyo namoni liboso na ngai na basi mibale batelemi balati kitoko pe balati bamwa biloko ya matoi oyo babenga yango na monoko ya lopoto babiju pe namoni moko aza na mwa sakami na loboko pe barobi na bango eza na balangi oyo ya bozinga batelemi pe kitoko mpenza.
ID_NTYPHW,bana minei baza place moko mibale bavandi na kiti moko mibale batelemi mwana moko alati elamba ya likolo ya pembe akangi maboko ye aza mwana mwasi na nsima na bango bamatiti ya langi ya mai ya pondu.
ID_NUNSVE,"Midziyo yakasiyana siyana inoshandiswa muimba yokubikira. Yakaiswa mubhodhoro. Mune zvipunu, mune mugwaku, mune musika wakagadzikwa nesimbi werudzi rwesirivha. Mune mugoti zvakare."
ID_NUOSCF,Shiri ine ruvara ruchena muviri wese iri mudendere. Inoratidza kuti yakafuratira vana kana mazai ayo. Parutivi pana masora akasvibirira.
ID_NWLPMF,na foto oyo nali komona balakisinga eza karto ya kisi ya komela batiango likolo ya mesa te nali komona balakisinga awa.
ID_NXAUAF,awa tozali komona elenge mobali ya telemi abetaka ndembo ya makolo tomoni alati ba uniforme na ye oyo ezali ya mayi ya pondu tomoni a telemi na terrain.
ID_NXLUAE,Bhiri rekuisa pamotikari rakagadzikwa riri rega. Rine ruvara rutema nesirivheri pakati uye rakanyorwa nezvichena. Rakagadzikwa pamusoro pechinhu chine ruvara rutema nesirivheri uye pasi paro pane mataira akatsinhanha zvakanaka.
ID_NYOCNO,"Munhurume nekadzi vari kuteverana. Munhukadzi akabereka mwana kumusana netauro rine ruvara riri mitsetse, michena nezvitsvuku. Pamberi mumwe makapfeka nhumbi ine maoko mapfupi eruvara rwebhuruu neekuzasi bhurugwa rakareba rine ruvara rwebhuruu."
ID_NYWGFD,baeklasi bazotekisa biloko oyo oyo bana basalisaka eza biloko ya bana kelasi ekoyeba te ezali na langi ebele eza na langi ya bozinga eza na langi ya longondo eza na langi ya lilala eza na langi ya motane eza biloko ebele boye.
ID_NZNZDT,awa namoni ba lakisi nga mahindi eza na kati ya nzete na yango eza mahindi ya kitoko eza na ba langi ya mosaka pe na ba pembe pembe na nzete na yango eza na ba langi ya pondu.
ID_OAGKDL,liboso na nga awa nazokomona eza parfum moko bakomi na yango scenario oyo bakomi pe losho parfum.
ID_OAGTZM,Musikana mumwe chete wechidiki arikufamba achidya muchero wechitema. Musikana uyu une rokwe refu rine ruvara rutsvuku nehembe ine ruvara ruchena. Akabata purasitiki rine ruvara rutema.
ID_OCZFPU,Chitoro chinotengesa nhumbi dzemukati dzemadzimai dzakaita semabhurugwa nemabhuragwa. Pane zvidhori zvitatu zvakapfekedzwa zvimwe zvezvinhu izvi. Chimwe chidhori chakapfeka bhuragwa nebhurugwa zvitsvuku.
ID_ODFKRY,awa namoni ba lakisi nga likolo ya meza oyo batie sani ya kitoko na kati ya sani oyo namoni biloko ya kolia pilipili ba misuni pe na ba legume.
ID_ODGKGY,makolo mibale ya sapatu mpona mibali eza bongo na langi ya move.
ID_OESMJN,Michero miviri yerudzi rwendimu. Rimwe chete rakachekwa nechapakati tichitaridzwa mukati maro. Uye makatsvukirira uyewo rakaibva rangomirira kushandiswa kana kudyiwa.
ID_OEWYCL,Dzimba dzakavakwa dzakabatana. Dzimba idzi dzakasiyana mavakirwo adzaiitwa. Dzimwe dzine ruvara rwakachenerukira uye dzidiki. Kwoita imwe iri kubudikira necheparutivi inoratidza kuti yakavakwa nezvidhinha zvinosika navo kuti zvidhinha zvekubotswana. Zvidhinha zvi zvine ruvara rutsvuku neruvara ruchena.
ID_OFMRHS,Miti dzakawanda dzemarudzi akasiyana siyana. Umwe une maruva epepuru ndewe mujakaranda. Pamberi pane bhusita remasaisai rakagadzirwa namasimbi akareba uye ane mavara matsvuku namachena.
ID_OGFYLY,"Dhekodha riri pasi. Dhekodha iri rine ruvara rutema. Rakanyorwa namavara machena namavara matema kuti ""KANAL BOX"". Rinoratidza kuti rakabatidzwa uye rakanaka."
ID_OIEWKO,elenge mobali atelemi liboso ya elembo ya airtel elembo yango eza na langi ya motane na pembe ye moko alati elamba ya langi ya mosaka.
ID_OIRQQG,Mushina werudzi rwemotokari yekutimba pasi inozivikanwa nezita rekuti giredha ine mavhiri mahombe uye kumberi kwayo kune dhishi rakashama rine mazino pasi rinotakura mavhu rinochera mavhu namazino acho rotutira mukati richindorasira kune imwe nzvimbo.
ID_OIZXCN,Muchero wemarichi wakawisa zvisingabviri zvino ose atsvuka kuratidza kuibva achirembura matavi emuti uyu ane mashizha akasvibira zvikuru achipenyerera mukupenyawo kwezuva.
ID_OLQQKH,Zvipembere zvakawanda zvinodarika zvitatu. Izvo zvakamira panenge parutivi pomugwagwa. Zvipembere izvi zvihombe uye zvinoratidza kuti zvava zvekare. Zvine ruvara rwedota muviri wese.
ID_OMIOGO,ba sakosi ya ba mama bamemaka na maboko eza ya sika eza na zando ezotekisama basakosi yango eza ya moke na oya monene etongami na mayaka eza na balangi esangani pe ekeseni basakosi moko eza na langi ya shokola mosusu eza na langi ya mosaka mosusu eza na langi ya mwindu sakosi ya moke eza na mayaka etongami na mayaka eza na langi la longondo esangani.
ID_OMVDDX,awa tozali komona eza eloko babengi bare e restaurant tozali komona na kati awa baza koteka masanga ezali esika pe batekaka na biloko ya kolia kasi tomoni balakisi biso bakiti o ba fotei ya kitoko na mesa ya kitoko kasi bato bazali te kasi na ntako yango ezali kitoko mingi.
ID_OMYCXL,Murume ari kusimbisa muviri wake. Akapfeka hembe yakasunukuka kumusoro inosiya maoko ari pachena. Maoko ake akabatirawo simbi iri kumusoro. Nechekuzasi akapfeka chikabudura chakatsvuka.
ID_ONBGPT,awa tozali komona bamateriele na esalaka biloko ebele ya bakonstriction ba elektricite tozomona bapensi tozomona ba tournevise moko eza na malangi ya moindo na motani esalaka biloko ebele.
ID_OOXOVZ,Masitirobheri matsvuku mukati memudziyo wekuchengetera mutsvuku. Sezvo nguva yokukohwa yasvika uye anotengeswa obva atengeswa mamwe achidyiwa.
ID_OPDKDJ,"Bala bala ya ko kufa po na mayi ya mbula, mayi ya mbula e beti etondi wana bato bazo leka na mopanzi moto moko alati elamba ya langi ya pembe na likolo langi ya bozinga na se na sima eza mama azoyaka alati liputa ya langi ya mosaka."
ID_OPOHQH,Vanhu varipanzvimbo inopihwa zvidzidzo. Pane vanhu varikuratidza kuti vapedza zvidzidzo saka vakupihwa mapepa avo. Vakapfeka magawuni ekuratidza kuti vagiradhuweta. Panewo varikucherechedza varipamberi.
ID_OQBYLS,"Munoratidza kuti zvima firimaketi zvinotengesa bhutsu uyo arikuratidza kuti ane mapushi masendosi. Mapushi zveruvara zvakasiyana siyana yero, waiti, bhuruu. Madzimai achifamba achidarika vanhu vakasiyana siyana uye akatobata mwana arikufamba arikudarika achiona. Zvinoratidza kuti arikuda kutengawo zvirimo mumashoko imomo."
ID_OQHYVU,"Vanhu varikufamba panzvimbo inotengeswa zvinhu zvakasiyana. Pane munhukadzi akabereka mwana wake kumusana, mwana uyu akasiya maoko ake arikunze. Poitawo munhurume arikufamba akapfeka mujivha webhurauni neheti mumusoro. Varikufamba vakananga kunotengeswa zvinhu zvakawanda zvakasiyana siyana."
ID_OQJLPT,awa esika na komi awa nazomona na miso na ngai eza obele obele na wenze me wenze oyo namoni bazotekisa babiloko ndenge na ndenge na omona awa bamafuta kopakola basabuni babiloko ebele ebele vrema na omona eza na kati ya babase oyo eza na kati ya wenze.
ID_ORDZHU,Mureza une mavara maviri ari kunyatsooneka. Nechekumusoro kune ruvara ruchena asi munowo makada kusvibira. Kuzasi kwacho kune ruvara rutsvuku. Hapana kamwe kamufananidzo kari pamureza uyu.
ID_ORXUPM,Mhuka inonzi garakuni. Garakuni racho rine manhenga machena. Rinewo makumbo maviri. Nechekumberi kune chinhu chakatsvuka. Garakuni racho riri munzvimbo yakaiswa fenzi.
ID_OSQUUH,Murume akabata bhora. Mumawoko ake makapfekwa magirovhosi anorudzi ruchena. Wakapfeka hembe inoruvara rutsvuku nemawoko eyero. Unoratidza kuva mubati webhora pamutambo wenhabvu.
ID_OUJCUX,bandeko esika na komi awa nazomona bana basi bilenge bana basi awa balati ba bilamba ya biloko ya ba sportif baosakana na bango baosakana football baosakana sport oyo ya ndembo ya bana basi misato.
ID_OUJOWD,na foto oyo nali komona balakisi nga balabala pembeni na balabala namoni lupango ya pembe na kati ya lupango oyo namoni ndako ya pembe pembeni na ndako namoni banzete ya milayi.
ID_OUMCAD,"Varume vasere varimukati menhandare yekutambira mutambo webhora. Umwe wevarume vasere ava urikubudikira chidimbu chimwe chete. Umwe wavo akapfeka nhumbi dzeyero, umwe akapfeka nhumbi dzebhuruu, umwe wavo akapfeka nhumbi dzitema."
ID_OWIOED,Awa nazali komona camionete moko ezali na langi ya pembe tomoni mosusu ezali pembeni nango nyonso etelemi tomoni ezali na langi ya bolulu o etelemi wana ezali eloko bapeki parking tomoni etelemi ezali kitoko.
ID_OWPLHO,na bilili oyo tozali komona ezali ba sangu oyo ntango ya colonisation babandaki ko coloniser biso awa to na bango wana tomoni bazali ba sangu balati makanzu na bango ya molai ya pembe tomoni bazali kopesa na mbote na bandeko ya mboka.
ID_OXFWCP,Magiranadhira akawanda. Ndeeyero uye ane mavara egirini. Rimwe chete rakachekwa rikaburitsa zvimedu zviviri. Mukati maro mutsvuku uye rine mhodzi dzitema.
ID_OYEAHK,Foto oyo namoni liboso na nga namoni loboko oyo esimbi mwa molanga ya mafuta ya basi mafuta oyo ezalaka kitoko mpona nzoto ya basi basi soki bapakali yango bazalaka kitoko mpenza pe na nzoto ya sembe sembe.
ID_OYPRHA,Mudzimai mutsvuku ari kunyemwerera zvekuti mazino ake epamusoro ari kunyatsooneka. Akagerwa musoro achibvisa bvudzi rose. Akapfekawo zvekuti muviri wake wekumusoro unosara uri pachena.
ID_OZLILC,Awa nazomona nazomona eloko ebengami sapatu sapatu yango eza sapatu kombo na yango puma puma epi sapatu yango eza ya langi ya langi ya moyindo eza ya langi ya moyindo.
ID_OZSILI,Vanhu vakagara vari kukurukura. Pane akamira nechepangoro. Munhu uyu akapfeka hembe ina maoko mapfupi ine ruvara rwebhuruu neruvara ruchena. Kuzasi akapfeka mutirauzi une ruvara rwebhuruu. Kwoita vamwe vakagara pasi mumwe ane hembe ine ruvara ruchena akapfeka nguwani yake ine ruvara ruchena zvakare. Kuzasi ane mutirauzi une ruvara rutema.
ID_PAKEML,nazomona mai ya ebale ebale bamabanga eza na batia na bakantine misusu eza na babido bakata nazomona pe moto na mai azosokola maboko na bopanzi fulu ya salete mwana mai eza na mopanzi wana.
ID_PATITK,Kunzvimbo ine mvura ine rwizi runoerera makamera mazipundo akaita mashanga anomera mune mvura nemubhanana uri kubudikira kudivi rwerudyi. Kuruboshwe pasi pane marara dutu. Panotaridza kuti panzvimbo panouya vanhu vachirashira marara pasingabvumidzwi.
ID_PAUVNP,Zvivako zviri pedyo nemugwagwa. Zvinofanirwa kunge zviri zvivako zvinoitirwa bhizinesi. Hazvina kukura. Nzvimbo yacho haina vanhu asi ine mugwagwa uri pedyo.
ID_PAZHTC,Mudhorobha mune zvivakwa zvakawanda zvine midhuri yakareba uye yakadurikidzana. Parutivi pazvo pane motokari dziduku dzakawanda dzinofamba mumugwagwa.
ID_PBZOVJ,Elili oyo ezolakisa biso etaleli ya nsima esika tozomona mwana mwasi akangi suki ya maboko ezali ndenge moko te na misusu kokai na misusu ozomona bazolakisa biso modele ya suki ya maboko na ndenge ekangami.
ID_PCHJMX,Mushini unoshandiswa pakuongorora zvirwere zviri muviri uye unobairirwa kumagetsi kuti uone kushanda mushure mwekunge wabatidzwa padyo pane kamu inotwasanudzisa bvudzi.
ID_PDIVWS,"Chitoro chinotengesa zvishongo zvemuhuro, zvemunzeve, zvemumaoko, zvemumakumbo zvakasiyana siyana. Zvimwe marin'i emuchato zvakagadzirwa zvakasiyana siyana zviri mumasherefu zvakaiswa pamusika kuti vaona vaone zvishongedzeke. Zvimwe ndezvegoridhe zvimwe zvekusi."
ID_PEKFBS,eleko na omona awa eleko na omona awa bandeko na esika moko boye basalaka babiloko balobaka na monoko ya lopoto eza place babongisaka bakoncassere na omona eza mashine moko eosala bakoncassere eza bamabanga mabanga oyo ya mike.
ID_PEYHNZ,bato mingi batelemi elongo bazotala makambu moto oyo avandi na se azoteya bango.
ID_PFEHBE,Nzvimbo yakakomberedzwa nerusvingo uye simbi. Nzvimbo yacho iyi ine huswa husina kunyatsokusvibira. Huswa hwacho hauna kukura. Panewo muti wakaita zvekusimwa. Nechemukati merusvingo rwakavakwa nezvidhinha mune miti mihombe iri kubudira.
ID_PGCLNI,Mukadzi akarukwa mabhanzi akanaka. Akarukwa neshinda nhema ari makombi. Akavhurwa mitsetse yakanyatsonaka nekuti ganda remusoro riri kuonekwa kuchena kuti weke. Iye akatarisa nechekurutivi. Mabhanzi akaitwa hata yakanaka nechepakati achienda kumberi.
ID_PHABFK,Badza mudziyo unoshandiswa kuita mabasa akasiyana siyana. Vamwe vanoshandisa badza kutimbira mumunda kana kuchera makomba. Vamwe ndovanovishandisa panguva dzekusakura.
ID_PHGEPM,elili oyo tozali komona tozali komona ba mbuma pe tomoni bassin tomoni ba mbuma yango eza manga ma manga yango esi eteli batandi yango na se misusu bati yango na kati ya bassin.
ID_PIRDKK,nyama ya zamba oyo eza mibale nyama ya zamba ngo eza na langi ya chokola na minoko ya liboso eza na langi ya mwindu nyama ya zamba ngo eza na zamba eza na matiti ya mokusi eza na langi ya pondu.
ID_PIWSSK,Miti miviri iri kubudikira uri mudhuze una mashizha akasvibirira. Poita umwe uri nechekumberi womurara una mashizha akasvibirira. Panewo tambo dzamagetsi dziri kubudikira dziri kuvhungana nemiti idzi.
ID_PJWOTA,"Saki ya mokongo ya bana-kelasi ya bana-mike ezali ya bozinga ya makasi, motatomboli yango po a lakisa ngo ezali na ba poche mibale pe ezali na ba poche pe pembeni."
ID_PKWEOW,bana minei mibale ya mikolo mibale ya mike ya mike moko alati tolo polele alati jupon mosusu alati elamba liko ya langi ya pembe ya mokolo alati elamba ya langi ya motani ya langi ya mosaka langi ya mpondu mosusu alati elamba liko ya langi ya mpondu.
ID_PLPFOQ,Chirimwa chevhiza ichi chakachekwa. Chinoratidza kuti mukati macho mutsvuku kunze neruvara rwegirini rakacheneruka. Chirimwa ichi chinoratidza kuti chaibva chava kuda kudyiwa.
ID_PLXELZ,Imba yekutandarira ine zvekugarira masofa machena mamwe ane ruvara rwebhurauni nezvimapiro zvekutsamira mukati. Nechekumberi kuri kuonekawo kicheni yekurongedzera zvinhu nefiriji yekuisa zvinhu kuti zvitonhorere.
ID_PMAOSQ,Ichi chivakwa chinevhurandi. Chivakwa ichi chinogona kuva chiri chitoro. Tinoona chine simbi dzekuvhara kudzivirira vangadi kuva vachipinda zvisiri pamutemo. Pavhuranda racho tinoona paine maruva ekushongedza nzvimbo iyi. Mudenga tinoona makasungirirwawo tunhu twekushongedza twutsvuku netwuchena.
ID_PMRSSB,Kamba iyo inoratidza kuti iri mumvura inoita makwati kunze kwayo. Pamusoro payo panewo dachika riripo rinoita zvekutomhuka kana richifamba rine ruvara rwegirini nemamwe mavara.
ID_PNORCR,na bilili oyo toli komona eza moto ali komona eza na ba moteure ebele pe ya kitoko moto oyo eza na balangi ya bozinga.
ID_PPVGVT,na esika tokomi awa nazomona ndeko mobali moko atelemi awa alati babilamba ya maputa epi ndeko yango namoni aotala na maboko na ye fwani telefone na ye mpona abenga moto.
ID_PQWUBQ,Mumunda mune mavhu akachegwa chegwa nemapundo mamwe akaoma nemamwewo manyoro. Nechekumhiri kune tumwe tupundo ndokuda kufukidzirwa nemavhu akachegwa chegwa awo.
ID_PQWWAS,Gwenzi kana kuti ruva rinoratidza kuti riri pane mvura yakawanda rina mashizha akasvibirira ane mizera yakasiyana mamwe mashizha akareba poitawo mamwe mapfupi.
ID_PRBMHZ,"Awa tozo komona baza koteka ba croix ebele, ba tia ngo likolo ya ba nzete baza koteka yango baza ko expose yango."
ID_PRSUDQ,Vatambi vomutambo wekiriketi vari muHarare sipotsi kirabhu umo mune nhandare yavo iyo ina masora akasvibirira. Pane vakapfeka zveyero poitawo vane zvegirinhi vari pakati pokutamba mutambo wavo.
ID_PSPVUJ,Bhutsu yechikadzi imwe chete yakagadzikwa pasi ine ruvara rweorenji mukati ine ruvara rwakachena ine mabhandi ari kuonekwa anoshandiswa kuzosunga kumbo pasi apa pane ruvara rutema neruvara rwakachena rine madododo matema.
ID_PUGWCR,Payage oyo ba bia na langi ya mbwe eza na ba poto ya langi ya motani na langi ya pembe eza na poto mosusu eza na langi ya lilala esika mingi eza na milongo ya kotengama ya langi ya motane na langi ya pembe.
ID_PUOAUM,Midziyo yekuchengetedza hanzu zvakanaka zvinoita kuti dziseunyane asi dziri kugara dzakarembera dzakakochekerwa kumuti.
ID_PUPCBF,Mahuswa emushenjere nemamwewo maruva akamira akakombwa nematombo ane ruvara rwebhuruu nezvichena. Akanakawo uye ndeemhando dzakasiyana. Mamwe ane tushizha tutete mamwe ane mashizha akakura. Uyewo mamwe anokura achienda nepasi mamwe anokura achienda mudenga.
ID_PUXKZB,"Vasikana vanotamba bhora vakamira vakaisisa maoko kumashure vakatarisa mberi vakapfeka shangu, masokisi uye ruvara rutsvuku nehembe dzine ruvara rwegirini."
ID_PVJVYB,Musoro wemunhukadzi wakarukwa. Bvudzi rinorembera richidzaka nomusana rakaonyana zvinonakidza kuona uye riri muruvara rutsvuku.
ID_PVXWGL,Mharadzano dzemigwagwa miviri yakapamhamha ine tara. Murikufamba motokari dzine mandudzi akasiyana nevanhu varikufamba mujinga vamwe varikuratidza kuti varikuda kubira migwagwa. Vamwe vakagara vachiratidza kuti varikutengesa. Nechekumberi kwacho kurikubuda midhuri yakanaka zvinoratidza kuti nzvimbo iyi iri mukati medhorobha.
ID_PWNRMS,Vanhu varikufamba vachienda kunzvimbo dzakasiyana. Varipazvitoro mudhorobha vanosanganisira varume nevakadzi vamwe varimumakombi apo vachienda kuine imwe nzvimbo.
ID_PXMPIS,awa tozali komona pantouffle mibale bati na se tomoni ezali ya kitoko ezali ya bana mibali tomoni ezali na langi misatu tomoni eza na langi ya mwindo tomoni eza na langi ya mai ya pondu tomoni eza langi ya pembe kasi ezali sapato ya kitoko soki osombi yango oko regretter.
ID_PYLEZL,"Ihara, ifoko, imbezo, ibadza tinoshandisa kurima midziyo iyi. Midziyo inoshandiswa pamba."
ID_PYSGDM,Sapato ya moke ya bana mibale.
ID_PZNPDS,Dutu ramaruva akasunganidzwa pamwe chete. Ane ruvara ruchena kunze rouya richinoita ruvara rwakanoita yero pakati. Mamwe haasati abudikira atumbuka ane ruvara rwegirinhi.
ID_QAFTFH,katikati ya boutique ya cosmetique nazomona batikaka ba biloko ya mafuta kopakala na nzoto nazomona pe ba sabon likide na ba promade ya bana moke ya fazleneye babengaka yango familia.
ID_QBLCHX,elubu ya makayabu na ndunda na dongodongo sani ya mbele ya lange ya pembe cuillere supu suka.
ID_QDWOCD,motuka oyo esalaka taxi ya langi ya pondu likolo eza na langi ya pembe likolo logo na yango ya taxi eza na langi ya mosaka na bakoma na langi ya mwindo mwinda na yango eza langi ya motane.
ID_QELUFU,Mhete yemuhuro yakasimudzwa iri muruoko rwemunhu kuti anyatsoiwongorora kuti yakamira sei. Mhete iyi ine ruvara rwesirivheri uye yakareba.
ID_QFAWQN,Misoro yezvidhori miviri yose yakasungwa madhugu ane mavara mavara. Miromo yazvo yakapendewa zvitsvuku.
ID_QJKNRG,boye kasi nde nazomona ezali liboso na nga eza ndako neti na nsima ya ndako boye nazomona eza na langi moko ya shokola boye pe na nsima ndako yango nazomona eza na langi moko ondire ya pembe ya mipembe makasi te.
ID_QKDYKB,Masuwa mibale ya moke mpe na ya monene na langi ya pembe pe na langi ya bozinga bendele likolo na langi ya pondu langi ya mosaka pe na langi ya motane na nzete likolo nango na kati ya ebale.
ID_QMZGIX,"Hofisi ine feni ichena, mahwindo egirazi ane ruvara rutema, mudhuri webhurawuni nemutsara webhuruu."
ID_QNVSXY,Liboso na nga awa na moni motuka eza pembeni ya lopango pe eza na balabala ya mabele te balakisi biso awa.
ID_QNYPTX,bandeko awa na misu na ngai nazomona obele bana basi mibale ya kitoko vrema bakangi suki na bango ya kitoko pi mwasi yango pe alati shemise ya jone na moko na ye ya mipakoli ba.
ID_QOYCEF,Elili oyo ezolakisa biso matiti ya kotia bilengi na bilei ezali matiti eza na kati ya quantite esalemi na nzeta bokoko matiti yango na monoko ya lopoto babengaka yango fe de laurier eza matiti batiaka na biloko ya kolia po epesa bilengi.
ID_QPGYFR,Motokari inoshandiswa pamakwikwi okumhanyirana. Ine manyerekete machena nematema. Pana mavhiri akaunganidzwa kuitira kudzivirira kukuvara kwevanotekenya motokari idzi. Kune huma huri kuonekwa kubva mumotokari idzi.
ID_QQBRNC,"Shiri yemhando, shiri dzinowanikwa pedo nepakawanda mvura. Ina makumbo marefu nehuro yakareba. Irikufamba ichiita seiri kuda kubhururuka kana seichangomhara. Yakasimudza mapapiro ayo. Ine ruvara rwebhurawuni, neruchena nerutema."
ID_QQNNCC,Awa tozali komona ezali camion moko oyo ezali ya monene tomoni ezali camion te ezali bus oyo ya monene nde tomoni etelemi pembeni ya balabala tomoni ezali na langi oyo ezali na langi ya mwindo tomoni na oyo ya motane ezali na kati tomoni etelemi na balabala yango tozali komona awa tomoni nkambo kuna bandako oyo ya etage ezali na langi ya pembe nde tozali komona awa kasi na balabala bamutuka eza koleka te.
ID_QQXOPN,Nhandare iri kuyevedza kutarisa nemhaka yekuti ine huswa hwegirini hwakanyatsochekererwa. Panewo chivako chiri kumashure. Nhandare iyi inogona kutambirwa mutambo wekiriketi.
ID_QRTYMF,"Mafaira akawanda anoti maflat files, maaccuriver files nemamwewo. Mafaira aya mamwe ari mumapurasitiki ari kuiswa pamusoro akarongedzwa pasherefu repamusoro mamwe ari pazasi anonzi maaccuriver. Pasherefu epakati pane mapepa anoiswa anozouita kuti kana uchinge waisa zvinhu mukati wochinyora kuti uzokwanisa kutsvaga zvinhu zvauri kuda. Ane ruvara rwakasiyana siyana anoti bhuruu, girinhi neyero."
ID_QRXFFJ,Na elili oyo nazomona esika bazolakisa biso dalapo elembo ya dalapo esika nazomona eza na molongo ya mwindo eza na lange ya mwindo lange ya motane na lange ya mobeso ezali na elembo ya.
ID_QSHFNI,Nzvimbo ine zvivakwa zvakawanda. Zvimwe zvine zvitinha zvitema poitawo zvimwe zvivakwa zvakaiswa ruvara ruchena. Pane vanhu vakawanda vakabereka mabhegi vari kuenda nokubva panzvimbo iyi inoratidzika sechikoro.
ID_QSKAEW,Zvivakwa zvakawanda zvinoratidza kuti panoitwa zvinhu zvakawanda. Zvimwe zvine ruvara ruchena imwe yacho kambani iripo inonzi Imara Investing in Africa. Zvakanyorwa nerudzi ruchena pane ruvara rwebhuruu. Zvinongoreva kuti pane zvivakwa panzvimbo iyi zvakawanda asi imwe kambani iripo ndeye imara inoratidza kuti panoitwa zvinhu zvakawanda.
ID_QTCLHN,Masora akawanda ari pasi. Ane mashizha ane mizera yakasiyana egirini. Parutivi pane matombo.
ID_QTXJXV,Girazi rakabatwa neruoko rwemunhu rine zvitaira taira. Girazi iri rinoshandiswa kunwa mvura kana zvinwiwa zvimwe zvakasiyana siyana.
ID_QVBLES,Majirafu tu marefu refu.
ID_QVBRUU,Elili oyo eza liboso na nga na moni eza bendela bendela oyo eza bendela ya peyi moko boye eza na langi misato langi ya moindo langi ya mosaka langi pe ya motana.
ID_QWDAYZ,Chanza chemunhu chiri kubudikira chakabata mashizha emuti. Mashizha emuti aya mamwe ane girinhi yakanosvibira mamwe ane girinhi yakanochenerukira. Mukati mechikwenzi umu mune kopisi tsvuku yakaturikamo.
ID_QWUCDJ,Vana vakomana vechidiki vakagara zvavo. Vana ava vanoratidza kuti izera rimwe chete uye vakapfeka nhumbi dzechinyakare izvi zvinoonekwa zvavakapfeka muhuro mavo. Vana ava vana mai vavo padivi pavo.
ID_QYCETT,na esika tokomi awa bandeko na omona eza ba papa ebele na ba mama ebele bafandi na sale moko ya monene baza pe na babuku na bango liboso baosala mwa eloko babengaka monoko ya lopoto mwa reinon.
ID_QYNCYO,Munhurume akarukwa musoro nemiswe yemadhoki uye wakareba kwazvo une ruvara rutema uye akaisa mabhidzi mumarutivi.
ID_QYYXVJ,motuka ya monene efandami liboso ya ndako motuka oyo ekoki komema biloko ya ndenge na ndenge ezali motuka ya monene oyo tokoki kobenga huit pieds to pe six pieds ememaka biloko ya monene makasi.
ID_QZWLVA,Awa namoni mwa tinele moko eza na ba matiti ebele na mosika nazomona bato ebele eza neti eza na zando na ba mituko etelemi pembeni.
ID_RBHTCP,bendela oyo eza liboso na nga eza bendela moko ya kitoko bendela oyo eza na balange ebele ya motane ya bozinga ya pembe pe na oyo ya mosaka.
ID_RBMMXG,Musoro une bvudzi rakasvibira rakarukwa nebvudzi. Mitsara yakawanda uye mutsara wakamonwa nebvudzi rekutengwa rine ruvara rutsvuku.
ID_RBRMRJ,oyo ezali eloko nazali komona ezali livre ya kotanga eza histoire histoire ya kotelema eza histoire ya farao.
ID_REPXZM,ka nyama ya moke na mwana eza kanyama ya moke.
ID_RFARPF,Awa bazali kolakisa biso carton ekoki kozala carton ya jus ya manga mpona ekomami manga nectare.
ID_RGNNZN,mayi ya liziba eza pembeni ya libanga fololo pe eza wana pembeni fololo yango eza na lange ya mai ya pondu.
ID_RGUARG,Imba yakavakwa zvakanaka ikapendewa neruvara rwekirimu. Pavhurandi pakaiswa zvitinha zvitsvuku. Imba iyi yakapoteredzwa nejuraworo rine ruvara rwekirimu. Pane gedhe pamba apa uye pane muti wokuti vanhu vanogara kana vari panze vachitandara zvavo.
ID_RHQGBX,boye nazomona eza bato baza ba sportif bafandi na terrain bazosala ba entrainement na bango bazosakana ezali batata bafandi na mwasi pe moko aza pembeni na mwafandi.
ID_RHZQWU,awa tozali komona ezali bendele bendele yango tomoni eza na balangi oyo ya bululu ya pembe ya motane tomoni ezali na minzoto oyo babenge ba etoile ezali na langi ya mosaka soki ezali ya mboka nini toyebi te.
ID_RHZZCB,awa nazomona ka mwa karton ya moke ya kisi eza karto moko ya moke ba kisi eza na kati kisi yango kombona yango artefane na pembeni wana nazomona he tomwa mabanga moko boye ya pembe.
ID_RIWQZN,Chidhindo chinoshandiswa navanhu kunyanya mumahofisi chinoratidzawo mvumo yekuita zvinhu pangava pabepa kana kuti pai pachingada kuiswa. Chinonyanya kushandiswa nevakuru venzvimbo.
ID_RLYSVG,Shangu tema idzo dzakasonwa pamusoro padzo. Hadzishandiswi tambo kana munhu achinge ava kupfeka. Dzakaiswa pasi.
ID_RMLTDJ,"Mushina unoshanda namagetsi uripasi paneruvara rwebhurauni. Mushina uyu unoshandiswa muzvikuru, muzvidzidzo kana mumahofisi pakunyora tsamba kana mamwe magwaruwo. Uneruvara rwesirivha uyezve pane mucherechedzo wehapuro pamusoro pemushina uyu."
ID_RMYARZ,Shangu dzakagadzikwa pasi. Imwe ndeye kuruboshwe imwe ndeye kurudyi. Shangu idzi dzina mavara machena nemavara egireyi. Nechemurutivi dzinoratidza kuti dzine ruvara rutema.
ID_RNMXPP,"Mureza wenyika ye Maldives une ruvara rutsvuku, negirini neruchena pakati. Une mufananidzo wemwedzi."
ID_RPKIIV,Muriwo uri mugadheni wakarimwa unoratidza kuti muriwo werugare uyezve muriwo uyu unoratidza kuti wanga wareba asi hauna mvura yakakwana zvekare hauna chikafu chakakwana. Une ruvara rwegirini asi uri kuratidza kusvava.
ID_RQNSVH,Munhukadzi wakarukwa musoro wakasonererwa vhudzi risiri rake pamusoro rakanaka kuuma rakakura kugotsi ipfupi. Kudivi rekurudyi mberi rakandonamirwa paganda rake rakamonyana monyana wakapfeka magirazi achisekerera.
ID_RRJHAQ,Murume uyu arikuchengetedza chivanhu. Muruoko rwake akabata mukondo. Akapfeka matehwe. Nechepadumbu pake anenyanga yaakasungira nedhende dzvuku. Mumaoko ake mune matehwe.
ID_RSLMJI,Maruva akadzvarwa kuti nzvimbo itaridzike zvakanaka. Akaitwa matatu matatu zvine unyanzvi. Mamwe ari mudendenedzwa ari egirini. Pakati pakaiswa anenge zvimuti akatumbuka maruva matsvuku.
ID_RVJKZK,Vanhu vakati wandei vari kufamba parutivi rwomugwagwa. Zvimwe vari kuenda uko vachawana zvekufambisa kuti vagodzokera zvakare kudzimba dzavo sezvo vapedza zvavanga vawira muguta.
ID_RYIGAJ,Zvinowedzeredza runako. Zvinopfekwa mumaoko. Zvakapfekwa zviine mavara mavara akawanda. Zvakapfekwa nemunhu tema muruoko rwake.
ID_SACORM,Eeh awa namoni toza nakati ya terrain namoni eza na bana mibali na bana basi oyo batelemi pembeni ya terrain na nsima nabango pe namoni eza na mwa lopango moko oyo eza na mwa ndako moko ya monene ya pembe naba matiti oyo eza liboso ya lopango.
ID_SAHAQF,Mushina wamagetsi wakakwadaburwa kuita zvipisi zvipisi uye tambo dzinobatanidza moto dzangoti nyechi kose kose.
ID_SAJIZD,namoni photo oyo bolakisi biso eza mobali atelemi aza na bale na kati ya maboko naye na batu mosusu bavandi na sima naye.
ID_SBFDCO,"Midziyo inoshandiswa kuita mabasa remaoko pamusha. Midziyo iyi inosanganisira chigero, foko nefoshoro. Foshoro nechekumusoro kwayo ine ruvara rutema. Nechekuzasi ine ruvara rwakachenerukira. Kwoita zvakare chigero chine ruvara rutema nechekumusoro, kuzasi chine ruvara rwakachenerukira zvakare."
ID_SEHLEP,Mafuta oyo mafuta ya kitoko ya kopakola babengi yango Kokoa vitae formula ezali mpona kopakola na nzoto ebombeli na yango ezali na langi ya pembe na ezali na langi ya shokola ezali pe na langi ya bozinga ezali pe na langi ya motane moto asimbi yango na maboko.
ID_SEJVSP,Musha wakakomberedzwa newaya. Mukati memusha umu mune sora riri kubudira rinoratidza kuti rakatsvukuruka kana kuti tingati harina utano zvichibva zvaita kuti tifungidzwe kuti rava nenguva risina kumbowana mwando. Pane dutu rezvigubhu zvakaunganidzwa kuratidza kuti zvinorasirwa ipapo. Nechekunze kwacho kuri kubuda marara akangorashwa rashwa anoratidza kuti mapepa.
ID_SEZFBH,bana-kelasi batelemi awa na balakisi bamemi babuku na maboko.
ID_SFDNNH,"Foto elakisi place oyo batekisaka bikeko, na moni oyo eza biloko basi balataka pe na biloko batiaka na ba rideo na ba hotel."
ID_SFFHJS,"Awa nazomona na miso nanga foto ya bana, bana mibale batelemi awa liboso na ngai eza bana mibale ya mibali batelemi liboso na nga awa bana mibale ya mibali."
ID_SGJXRJ,Chibhetibheti chineruvara rwuchena. Chinooneka zvakare ruvara rwutsvuku zvinoratidza kuti hachina mambava akanyatsowanda. Chinogona chiri chimwana chechibhetibheti. Nechekumberi chinenzeve dzakamira chobva chaita maziso matsvuku.
ID_SIAOXE,Mudhorobha mune midhuri yakavakwa ichienda mudenga. Munewo vanhu vakawanda varikufambamo. Mune motokari dzirikufamba mumugwagwa unetara. Imwe motokari ndeyegireyi imwewo ichena yakashama. Zvakare pane vanhu vanotengesa varikutengesa zvinwiwa.
ID_SIVQTY,Awa namoni balakisi biso mwa buku e namoni eza buku oyo eza na lisitwalo ya mwana mobali moko oyo asimbi apare ya foto na maboko na mwasi moko afandi pembeni na ye.
ID_SJPJUN,elili oyo nazomona liboso na ngai eza liboka liboka oyo esalisaka bato kotuta na kati pundu pilipili nguba na biloko mosusu.
ID_SKVOBK,na bilili oyo nali komona balakisinga eza frigo mpenza moko na kati ya ndako ali komona biloko na kati bamilangi pe na bamwasani.
ID_SLTFUI,Foto oyo elakisi biso mwa motuka na kati ya motuka wana omoni ba mwa soda balati kitoko baza na ba manduki na mboko omoni mosusu atelemi aza na manduki moko ya monene azotala na liboso na ye emonani bato oyo bakei na kati ya bitumba.
ID_SLVCBA,Bhutsu dzinopfekwa nemadzimai. Dzakagadzikwa pasi. Bhutsu dzacho dzakagadzirwa zviri nyore uye dzine akaita mabhande uye dzine ruvara rwebhuruu. Bhutsu dzacho ndedzevaya vanofarira zvemucheno.
ID_SLVYIM,"Bala bala ya molayi na kati ya zamba ba nzete eza ebele kasi namoni mutuka na kati ya bala bala oyo te, te ba lakisi biso na foto oyo."
ID_SMSMAM,Mudhorobheni mune zvivakwa nemigwagwa. Motokari dzimwe dzakamira pamativi emugwagwa. Vanhu vari kufamba vachiendawo kunzvimbo dzakasiyana siyana.
ID_SMUHMR,na bilili oyo nali komona balakisinga awa eza bakopo ebele na kati ya bakopo oyo namoni biloko ya balangi ya moindo pe batiango likolo ya nsima ya makaro ya pene.
ID_SMXLEB,kasi boye okoyeba te soki eza neti nini boye ezali moto batie na kati ya ebale ya mokie neti rivière kasi batie na kati ye boye eza kosala ye bateme eza na batata mibale basingi ye na loboko mibale.
ID_SNVZKP,"Matehwe mana empada aine mavara machena, tema uye ebhurawuni. Akawaridzwa pane girini pasi."
ID_SOGDSX,Mumba yokurarira mune mubhedha wakakura chaizvo. Mubhedha uyu wakawaridzwa jira rine mitsetse uyezve mapiro ane mitsetse. Pedyo nemubhedha uyu pane chioniso chiri parutivi.
ID_SOQAUT,na elili oyo tozali komona biloko ebele te eloko tomoni kaka eza na kati ya ndako na se tozomona ndako yango eza ya monene mingi na ba carreaux ya minene na se.
ID_SPPKTX,Pamberi pezvitoro zvakapfurirwa nemarata pane vanhu vakawanda. Vamwe vari kufamba vachitevedza mugwagwa. Vamwe vari kudimbura mugwagwa. Pane murume akapfeka shati yebhuruu netirauzi dema. Mukadzi akapfeka shati chena netirauzi dzvuku. Mai vakapfeka siketi chena nebhurauzi reyero.
ID_SQJWFH,bana mike ya basi batelemi bazosimba na loketo na bango moko akangi suki atie biloko ya pembe na kati mosusu pe akangi suki atie biloko ya pembe na kati moko alati elamba ya langi ya bozinga mosusu pe alati bilamba ya langi ya pembe.
ID_SQYKGE,Mureza une makara maviri. Rumwe ruvara rutsvuku ndorine nzvimbo yakakura. Ruvara rwebhuruu rwuri nechekumusoro nechepakona.
ID_SRCDPP,Wanasikana wechidiki wanotamba bhora ramaoko rinoti rimwe boka rine riri kurudyi rimwe riri kurutivi rweruboshwe.
ID_SRQHVW,na bilili oyo tozali komona liboso nabiso awa ezali bongo na balabala tozomona ba ndeko bazali kokende tomoni ba ndeko ya basi mibale bazali kokende na batu mosusu pe liboso na bango ebele.
ID_SSRXVC,Tambo yemagetsi ineruvara rutema uye tambo iyi iri hobvu. Inoratidza kuti rimwe divi inonotora moto pamagetsi. Kune simbi mbiri dzakaita dzine ruvara rwesirivha. Rimwe divi inoratidza kuti inonoisa moto mushina.
ID_SSVFHN,Uyu mufananidzi unoratidza mureza. Mureza une ruvara rutsvuku kumusoro neruvara rutema pakati. Pakati pane ruvara ruchena pobva paita nyeredzi mbiri dzine ruvara rwegirini.
ID_SSZFJO,awa na moni eza esika batekiselaka bakiti liboso na ngai nazomona kiti moko ya kitoko mingi eza na balangi misato langi ya liboso ezali pembe langi ya mibale ezali ya mwindo ya misato ezali ya mosaka.
ID_STHTYS,Vatambi vebhora vari munhandare vachitamba bhora.
ID_STNWGU,Miti iri mugomo yakawanda. Iri mugomo mune matutombo. Miti iyi ine ruvara rwegirini mimwe yacho yakaita zvokusvibira. Pane mimwe miti iri nechepazasi mukati medzimba dzine ruvara rweyero nematenga ebhurauni. Miti iyi ine mashizha akasangana egirini ane kahuyero.
ID_SUQHVC,Mbudzi nhanhatu dzine ruvara ruchena nemisoro yakandotsvukuruka. Mbiri dziri kufamba mumugwagwa pasi. Dzimwe ina dziri padhuze nemudhuri wemba.
ID_SVEIZO,Shiri ina makumbo marefu iri tema nemutsipa wakareba nemuromo wakareba yakatakura vana vayo kumusana vane ruvara rwebhurawuni. Shiri iyi iri pane masora ane ruvara rwegirini.
ID_SWNBNQ,Miti yamarudzi akasiyana ine mashizha egirini. Pamberi pane ruzhowa rwefenzi uye pane mapango akamisikidzwa uye akatenderera.
ID_SWVGWH,Turikufambisa kukoma zvipikiri masimbi nemapuranga.
ID_SXHEXC,na foto oyo nali komona za logo ya ekipe wana balobaka yango atletico madrid te nali komona balakisi nga.
ID_SXNTQP,Muriwo uri mundiro. Muriwo uyu wakabikwa zvakanaka zvinomwisa mvura. Une ruvara rwegirini uye yakaiswa hudobidobi hune ruvara rutsvuku uye yero.
ID_SYDXFF,Takishopu ine zvinhu zvakawanda zviri kutengeswa zvinwiwa zvakare pane mukomana akapfeka chisikipa chitsvuku aripo panewo mudzimai ari kudarika akarukwa bhureidhi akabata bhegi dzvuku nechipepa chichena.
ID_SYGVYQ,Bazokotonga ndako ya etage.
ID_SYIVJF,Munhurume arikufamba akapfeka bhachi dema rine hembe yakacheneruka mukati. Akapfekawo mudhebhe uneruvara rwedota uyewo akabata bhegi rineruvara rwedota muruoko rwake rworudyi.
ID_SZCLMK,"Huku dzakawanda dziri muchirugu. Ndedzemhando dzechibhoyi. Dziya dzinochengeterwa mumisha dzina mavara akada kuenderana ebhurawuni, zvitema nezvichena."
ID_SZMOVM,Vakomana vaviri vari pakati pekurwa pamutambo wetsiva. Vakomana ava vakapfeka zvakasiyana. Mumwe akapfeka zvichena mumwe akapfeka zvebhuruu.
ID_TAAQQG,Zingizi rine musoro mutema nemuviri mutema une mitaro yeruvara rwegoridhe nemapapiro ane ruvara rwepfumbu. Rakamira pamusoro pechirimwa chine ruvara rwegoridhe. Rinoratidza kuti riri kudya mukati meruva. Nechekumashure kunoratidza kuti maruva aya eruvara rwegoridhe akawanda achienda.
ID_TAJLWS,Chigayo chakakura. Chigayo ichi chine ruvara rwesirivheri. Nechepakati pacho pane ruvara rwebhuru muzasi munoratidza kuti makashama.
ID_TAVWGO,Motikari chena ine chikwangwani cheyero chakanyorwa nezvitema. Yakamira parubwe. Parubwe pane mapundo egirinhi ane zvitsvuku.
ID_TBHFHI,mwasi moko alati kitoko baliputa kitoko liputa yango eza na langi ya mosaka pe na langi ya bozinga mwasi yango akangi suki na ye bien alati matalatala azosala aza liboso ya masini na ye na mikanda na ye na maboko.
ID_TCAKFV,"Namoni liboso nanga awa eza ba kiti ya kekele eza soki mine,eza na couleur ya bleu blanc, jaune, bleu, na oyo yango ya monene yango pe ezaka na couleur wana."
ID_TDFPVB,Mureza wenyika yegatamara una mavara ebhuruu ekutanga nekumucheto. Pakati pane ruvara ruchena. Panewo mucherechedzo weshiri nebepa uyewo nezvakaita zvirimwa.
ID_TDKZJK,"Crayon ya malangi, paket ya liboso eza na langi ya bozinga, mosusu eza na langi ya chokola, crayon mosusu eza na langi ya pondu, mosusu eza na langi ya bozinga ya mapata, mosusu eza na langi ya pondu, mosusu eza na langi ya rose, mosusu eza na langi ya longondo, mosusu eza na langi ya mosaka, mosusu eza na langi ya lilala."
ID_TGHGEF,eleli oyo ezali kolakisa bato bazali kotanga pe bazali ebele bazali mpenza ebele basangani basi na mibali bazali kotanga.
ID_TGHZFK,Muchero wemhando yezvinanazi zvakatanhiwa zvimwe nezvidhongoni zvacho. Zvinoruvara rweorenji kumusoro zasi zvinoruvara rwachakaita girini kutaridza kuti zvazvisati zvanyatsotsvuka nomazvo.
ID_THPHQM,"Mudhorobha mune zvivakwa zvakawanda. Chimwe chakavakwa nezvidhinha chisina kupendwa. Dhoo regirazi ine ruvara rwegireyi. Vanhu vari kufamba. Umwe munhurume akapfeka tirauzi rakasvibira, hembe chena nenguwani. Motikari dzakamira mudhudhudhu mumwechete."
ID_TIXIKT,nkoba ya mwana azali bongo na langi ya mosaka.
ID_TJRFZC,Vatambi vari kuserebhureta vakapfeka nhumbi dzeUganda.
ID_TJWMHI,Derere rechipudzi rakabatwa mumaoko. Rimwe riri pasi muchibhasikiti. Derere rine mhumhu mupfupi uye rakakora. Derere rinonaka kwazvo kudyisa nesadza.
ID_TKXQLV,na elili oyo tozali komona tozali komona bandeko mibali liboso na bango ndenge alati akozala eza alibis pe nsima eza bato babetaka ndembo ya makolo.
ID_TLYNLJ,Shiri yakamira pachitsiga chemuti ine ruvara ruchena neruvara rwebhurauni neruvara rutema zvakasangana. Iine muchochororo murefu. Yakamira iri pachitsiga chine ruvara ruchena neruvara rwebhurauni zvakada kuti sanganei.
ID_TMTBFW,bandeko esika na komi awa nazomona na omona mboka moko monene mboka moko etondi bandako ebele epi na liboso na nga mpe na omona eloko oyo babengaka pancarte publicitaire pancarte moko boye ya monene mpenza eya likolo na misu na nga.
ID_TNMKEB,esika nazali komona eza esika moko ya kitoko esika ya kotambola esika ya kopema nazali komona ba nzete mai eza esika moko ya monene.
ID_TOSHMK,na bilili oyo nazali komona molangi moko bati yango likolo ya mesa ya kitoko namoni pe ba kiti e bakiti wana eza na ba langi ya longondo te namoni ba lakisi nga awa.
ID_TPVSMA,"Tafura yakagadzikwa zvinhu zvinoshandiswa mumahofisi muzvikoro kana mune dzimwewo nzvimbo dzakasiyana siyana. Zvakaita samapenzura ayo anoshandiswa kunyora kana kudhirowa, zvigero zvinoshandiswa kucheka namabhuku anoshandiswawo kunyorerwa."
ID_TRPWAZ,Zvirugu zvinoratidza kuti ndezve huku. Izvo zvakavakwa namasimbi newaya. Pakaiswa zvikamu zviviri pasi nokumusoro. Munewo midziyo inoshandiswa pakuisira mvura uye chikafu chehuku.
ID_TSWXQX,Foto eza liboso na nga wana moni mwa lokomoka ya kitoko logo oyo bakomi medlife eza kitoko mpenza.
ID_TTMKHL,Eloko nazomona awa eza obele biloko baliaka kombo nango ezalaka po eza biloko babenga aubergine eza mbuma moko baliaka eza mobesu kaka eza dessin moko ya kitoko eza dessin moko ya kitoko batia yango na salade eza biloko moko ya kitoko eza mpona kolia.
ID_TUTDTG,na bilili oyo nali komona balakisi nga eza ba mibali bazosala ba sport oyo babengaka yango ba karate pe nali komona bamosusu batelemi pembeni ya ba ndako kuna bali kotala bango.
ID_TVCMKS,awa esika na komi awa nazomona obele naza na balabala me na pembeni ya balabala yango kuna nazomona ndako moko ya kitoko mpenza eza ndako moko eza ya langi ya gris epi na kati eza langi ya pembe eza ndako moko ya etage ya kitoko vrema eza pembeni kuna epi na pembeni ya etage wana nazomona koza bamwa jardin bamwa matiti matiti eza na se nako te ya parking yango.
ID_TWOJWP,Vanhu varikufamba pamugwagwa unowanikwa mudhorobha reHarare. Pane munhukadzi akaisa pendi tsvuku mumusoro make akapfeka hembe yeyero akaisa chivhara dzihwa arikufamba. Arikupesana neumwe akapfeka hembe ineruvara ruchena kumusoro neimwe yepingi kuzasi. Pane miti irikuonekawo uye nzvimbo iyi inoratidza kuti inoitwa zvinhu zvakawanda nekuti pane vanhu vakawanda varipo. Pane umwe akagara padivi nemadziro akaisa zvinhu zvake pasi zvekutengesa.
ID_TYRTLE,Mabhaudhi akaiswa pauriri huchena. Matatu. Maviri acho ane zvinenge zvimutsetse zvakatenderedza. Kouya chimwe chisina chakagara chega. Chiri kurudyi chinoshanda kusungisa mabhaudhi ari kurutivi rwekuruboshwe.
ID_TYVXWN,Miti midiki yakati rebei. Ine matanda matete nemashizha mazhinji eruvara rwebumhudza yakasvibira. Imba iri kuonekwa neche chinhambwe kubva pane muti.
ID_UBPBMQ,bana baza na kelasi ya maternel bazotanga ba buku ya ba dessins animés bana ba misato bazotanga buku bavandi na bakiti ya langi ya bleu bazotanga ba buku na bango.
ID_UCVSCL,na balabala bamutuki ezoleka kuna pembeni eza zando bato baoteka na bato mosusu bazo ya kosomba mama moko azokatisa balabala mobali moko avandi likolo ya pusupusu na ye.
ID_UCVURN,na bilili oyo nazali komona liboso nangayi awa namoni ezali bongo na balabala na balabala mutuka ya ndeko songolo ekufaki tomoni ndeko moko aza nase ya mutuka ase alongoli pneu azali kobongisa yango.
ID_UEICYL,nazomona na elili oyo bazolakisa biso esika babokolaka soso nazomona ezali lokola esika ya bobokoli soso.
ID_UEKELA,bato basangani na mesa bamibali kaka bazokoma likolo ya mesa na bangwani eza bamai na basikre.
ID_UFHMFI,Mudhuri wakapendewa urikuratidza ruvara rwebhuruu rine mifananidzo yevanhu vakagerewa mumusoro nezvigero nemapanga nemaoko. Nechemukati pane muti wemubhanana une mashizha aneruvara rwebhuruu negirinhi.
ID_UFMNXZ,to lakisi biso mwa eloko oyo ba bengaka yango na monoko ya lopoto lecteur lecteur oyo eza mwa eloko otiaka na television pe elakisi ba mwa bafoto oyo olingi omona pe elakisi ba mwa bilili lisusu ya kitoko mpenza.
ID_UFPBVD,"Mutambi wemutambo we""basketball"" mumwechete. Ari munhandare pedyo nenzvimbo yokumwisa. Akamira negumbo rimwe achiratidza kuuruka kuti amwise bhora. Akapfeka chipika cheruvara rwebumhudza nechimwe cheruvara rutsvuku mukati uye mudhebhe mutema neshangu nhema. Kune vamwe vanhu vari kunze kwenhandare varikuona achitamba."
ID_UGAAJY,"Liboso na nga awa na moni ba lakisi nga mwa bwate, pe na kati ya bwate oyo eza na kisi na kati likolo ya bwate ba komi talodol pa nde yango oyo eza kisi nde eza na kati ."
ID_UGYTQG,na bilili oyo nali komona balakisi biso awa eza bambuma kolia panana bapapaya pe na biloko misusu ezalaka na vitamine mpona nzoto ya motu.
ID_UGYUGB,liboso na ngai nazomona basi mine bazoseka pe bazosepela na maboko na bango baza na ndembo.
ID_UHJNPI,Chigumbu chine chimwiwa cheCoca Cola chine ruvara rwakasvibira. Chigumbu ichi chakavharwa nechivharo chine ruvara ruchena uye padumbu pechigumbu pane bepa rine ruvara rutsvuku rwakanyorwa nemavara machena.
ID_UHKXAN,Na elili oyo nazomona bazolakisa biso kisi ya komela eza na efungeli esika bakomi kilometa place ezai kisi ya komela mpona kobikisa nkokoso ya malaria.
ID_UJQPMH,Patapata regirini ine mabhande ane ruvara rwegoridhe. Kakadzikwa pamusoro pejira jena iro rinopfekwa nemunhukadzi kana vanhurume kana kuchinge kuchipisa kana kushandisa pakugezesa.
ID_UKEIZM,ndako ya kitoko makasi eza na lopango na yango na likolo ya lopango bati bamabende moko ya pembe ndako yango pe eza na langi ya lilala na balabala na moni eza na mwana moke moko ya mobali oyo azoleka pembeni ya lopango.
ID_UKNAIE,Liboso na nga awa namoni toza na kati ya ndako pe tomoni bati ba kiti ya kitoko ba divan na ka mwa mesa na kati ya ndako nde yango bao lakisa biso.
ID_ULNXEP,"Nyeredzi iri pamureza uyu ine ruvara ruchena, kozotiwo kumusoro kwemureza kune ruvara rwegoridhe. Pakati nepakati pemureza pane ruvara rwemashizha, kozotiwo kokupedzisira pazasi pane ruvara rutsvuku."
ID_UOPBUE,Zvivakwa zvakakura zvakawanda zviri panzvimbo iyi zvakavakwa nezvitinha zvine ruvara rwebhurauni zvikapendwa neruvara ruchena. Pakati pezvivakwa izvi pane miti mihombe ine mashizha ane ruvara rwegirini.
ID_UQGGPU,awa na moni eza na kati ya ndako liboso na ngai nazomona baesikale ya molai ezomata ezokende esika songolo.
ID_URHPQJ,na elili oyo nazomona esika bazolakisa biso banakelasi ya mbula mikie na kati ya ndako ya kelasi bavandi nazomona elili ya mwana-kelasi ya mobali alati litala ya maso azotala liboso.
ID_UROXOJ,tozali komona eza eloko oyo ya ba electronix tozomona baza kolakisa biso ba bafle ba bafle ezali oyo soki oza kobeta muziki to ozali koloba na mikro omona elekaka awa ebandi koloba makasi makasi po bato bayoka.
ID_URTBTP,"Vanhu vakawanda varikuratidza kuti panzvimbo apa pane chiitiko changachiripo. Vakapfeka hembe, asi pana madzimai akapfeka hembe dzebhuruu nezvekumusoro zvichena nesiketi yebhuruu uyezve nedhuku rakaita rebhuruu. Vanoratidza kuti madzimai echechi uyezve zvinoratidza kuti hembe dzavo dzinopfekwa kana paine ungano."
ID_URXXAU,Munhukadzi akapfeka mbatya dzake dzakanaka. Akamira akabata rimwe ruoko kurutivi rimwe rakarembedzwa.
ID_USSSXY,Shangu mbiri dzemunhukadzi dzakaiswa mavara pamusoro uye dzine tambo yekubata gumbo dzakavhurika dzinoratidza kuti dzinopinza mhepo munguva yekupesa.
ID_USZRFW,Munhurume akabereka bhegi neruoko rumwe chete. Unoratidza kuti wakatsikitsira ane zvaarikuona pamaoko ake. Wakapfeka hembe dzinopfekwa nevarume vechizvino zvino. Mumusoro make mune bharata. Kumakumbo make mune mudhebhe. Kumusoro kwake kune nhumbi.
ID_UTHIVY,Vatambi vari munhandare vanomwe. Vatambi vari nechepamberi vakaita zvokujonjomara. Vari kumashure vakaita zvokumira uye vamwe vacho vakabatana kumapfudzi. Mutambi ari pakati akapfeka zvakasiyana nevamwe.
ID_UTOAQG,biloko ya kolia ebele likolo ya mesa ezali bongo maki ya kotokisa salade baguette frite soso ya kokalinga na thomson ya kokalinga.
ID_UTRRNL,Vana vari munzvimbo inoitirwa mutambo. Vamwe vari kufamba vamwe vakamira vakatarisa murairidzi wavo. Vakapfeka nhumbi dzine ruvara rwakasiyana. Vamwe vakapfeka zvitsvuku vamwe vakapfeka zvichena uye vamwe vakapfeka zvegirini nepingi.
ID_UVMLAT,Mureza wenyika une ruvara rutatu. Rokutanga ruvara rwebhuruu richiendesika kuzasi potera ruvara ruchena popedzera nerumwe ruvara rwebhuruu. Pane ruvara ruchena parikuonekwa chipepa chakapeteka chakanyorwa neshiri yakamharapo.
ID_UWBFTZ,bana ba wewa ba motard.
ID_UWMENO,Awa nazomona bandako mibale ezomonana malamu mosusu ezomonana malamu te bandako ya ndenge ya kala na place monene ya kotambolela eza lokola nzela kasi eza na mabele.
ID_UXUXQS,kaloti oyo eza mibale mibale mibale ndenge moko kasi nyonso eza na ba ndunda.
ID_UYYZRT,"Milanga esili ko bimisa ba mbuma nango, oyo ezali fruit ba bengaka paka paka eza na langi ya lilala pe na mwa langi ya pondu moke."
ID_UYZIDF,na bilili oyo nali komona balakisinga awa balabala pe bamituka na balabala namoni pe bato batelemi po bali kozela mamituka mpona bakotana na kati bamama basi bamisusu namoni bamemi basaki na bango na mokongo pe namoni bama ya bisoto wana bamilangi bisoto ebele eza awa pembe na balabala.
ID_UZCUNE,milangi oyo eza na eleko na kati kasi misato nde ezo monana malamu biloko ya kati eza ya komela.
ID_UZNHDS,Nyama yehuku yakanatsobikwa zvakanaka uyezve yakabikwa zviri zvidya zvogazvoga. Pamusoro pakabva pagadzikwa madomasi uyezve nezvimashizha zvegirini kuwedzera kunakisa zvibikwa izvi.
ID_UZPOHC,Shiri imwe chete iri mudendere yaro riri mumuti mukuru une mashizha egirini ine mavara ebhurauni namachena.
ID_UZQPIE,esika tokomi awa bandeko na ngai naomona eza obele buku eza buku moko ya kitoko mpenza buku oyo ya kosalisa bana na kelasi namoni nakomi kolona yango buku ya francais eza buku moko ya kitoko mingi.
ID_VAHYZX,Chidhori chine ruvara ruchena chakapfekedzwa nhumbi yechikadzi riri rokwe. Rokwe iri ririkuonekwa rakareba asi nechekumusoro rine tambo harina maoko akarebenuka. Nechekumashure kurikuonekwa chimwe chidhori zvichionekwa kuti zviri muchitoro chinotengesa mbatya idzi.
ID_VCINKB,Murume ari pakati pekugadzira injini yemotokari. Injini iyi ine mavara mavara. Nechemukati ine ruvara rutema kunze yoita ruvara rwesirivheri. Nechepamusoro ine maburi maburi uyezve inoti simbi simbi zvakangobatana batana.
ID_VCTYHQ,Baba vari kufamba vakafuratira kuchikoro kwavari kubva. Vakatakura chikwama chavo chegoridhe. Vakapfeka hembe dzakasvibirira neshangu dzine ruvara rwebhuruu.
ID_VENALY,bandeko awa pe esika na komi awa eza esika na kati ya ndako me na ndako oyo babengi yango eza obele place balambelaka biloko ya kolia awa nazomona koza bafli ndenge na ndenge bazobongisa yango mpona batia yango na mesa.
ID_VFDVNQ,Awa namoni eza esika batekaka babuku ya bana na likolo ya buku yango namoni desin ya nyama moko babengaka yango ngungi.
ID_VGRHEU,Dandemutande rine ruvara rwegirini neruvara rutema neruvara rwebhurauni akaita mitsetse inobva kumusoro ichidzika kumashure. Yakagara pasi pana mashizha akatumbuka mamwe ane ruvara rwepepuru mamwe ane ruvara rwakaita bhuruu mamwe ane ruvara rwegirini. Dandemutande ritori neshinda dzayo. Pane ruvara rwebhuruu.
ID_VINFUR,Munhukadzi akabata shaya. Akapfeka hembe ine ruvara rutsvuku. Akaruka zvinhu zvakanamira mumusoro zvichienda kumashure zvichiremberera muromo wake une ruvara rwepingi netsiye dzisina kugadzirwa.
ID_VJNISQ,Awa nazomona tondese ezali awa namoni pe ba crayon pe ezali eza ba materiele oyo tosalelaka namoni pe ba bike pe eza wana.
ID_VJUJUD,"Mugwagwa miviri une tara neusina motikari, miti ine mashizha egirini nemaruva epepo, huswa hwakaoma."
ID_VKRKCQ,Bete ramabhachi ritema namapapiro makuru rakamhara padombo riri kutsvaka zvokudya.
ID_VMCOFZ,Mbozhanhare yerudzi rweiPhone yakagadzikwa pamusoro pegumbeze. Ine kamufananidzo katema kehapuro risina kukwana.
ID_VMOBST,"Bilei na kati ya restaurant,soso,nyama,pe na ba ndunda na mbala biloko epai na epai pe na ba loso."
ID_VMYEXJ,Na esika pe tokomi awa na moni eza place moko koza bamatiti ebele songolo-songolo na moni pe na kati ya bamatiti wana koza bato misato bazosala sport na bango sport oyo babengaka na monoko ya lopoto sport oyo ya karate.
ID_VMYHSN,Shangu mbiri imwe yakagara pamusoro peimwe. Dzine ruvara rutema dzinoratidza kuti shangu dzerudzi rwesanduru. Dzakavhurika kumberi. Dzine ruvara rutema mukati dzakanyorwa neruvara rwegoridhe asi pamusoro dzine ruvara ruchena neruvara rutema. Dzakagara pasi pane ruvara rupfumbu neruvara rutema.
ID_VNQOPK,awa nakomona eza atelie bamashine ezali wana bamashine ya konika fufu ekonika masango ekonika nguba biloko nyonso nakomona eza bamashine bamashine esika batekisaka bamashine pe bakosala pe bamashine.
ID_VOZGMM,bandeko awa pe naomona eza bilei epi eza na kati ya nzungu baolamba na mwanamwa eza obele mbisi epi likolo ya mbisi oyo naomona batomate na matungulu na bapoavran emwa mutu aolamba bilei oyo ekozala agumi kozala kitoko mpenza.
ID_VOZSMW,Singi yekugezera ine ruvara rwesirivha. Pane pombi yemvura yakakwira mudenga ndokuzobhedha. Panewo mishonga inoshandiswa kana uchida kugeza zvinhu.
ID_VSIQKV,"Mamwe amaturusi anoshandiswa kuita mabasa emaoko akasiyana siyana. Pane sikurudhiraivha, pinjisi nesipanera. Pinjisi ine mubato une ruvara rutema nemavara eyero. Pinjisi dzinoratidza kuti dzakarongwa nehukuru wadzo kunotanga doko kuchinopesera hombe hombe. Zvipanera zvine ruvara rutema nemavara eyero zvakare."
ID_VUVJWI,Muti una mashizha madiki mazhinji. Anopa mumvuri wakanaka uye mukuru kwazvo.
ID_VXVHZA,Muti muhombe mitatu iri kumberi kwezvivakwa zvinobudikira zvine ruvara ruchena kwoita zvimwe zvimiti zvidiki zviri pasi pemazimiti aya.
ID_VYRCXO,Awa eza esika bakonzi batelemi laka makambo ya kelasi ndako ya kitoko.
ID_VYVYRL,"Mango dzine ruvara rwakasiyana. Zvino kuti yero, girinhi. Dzimwe dziri pasi dzimwe dziri mudhega ritsvuku. Parutivi pacho pane mahuswa egirinhi."
ID_VZFEWT,Vakomana vezera rechidiki vanofarira zvemutambo. Vakapfeka hembe dzavo dzakasununguka dzavanoshandisa kana vachida kutamba. Pane mumwe ari pamberi akatarisa pasi akabata bhora.
ID_VZPHOL,Nzvimbo inoratidza kuti parutivi pomugwagwa wedzimotokari namabhazi. Pane kamba kaduku kangangova kari kemagetsi kana kuti kenhare mbozha kakanamirwa mapepa akawanda evaimbi nevanoita zvemotengero yenyika.
ID_WBDIEG,Dhorobha rine midhuri yakareba. Umwe une ruvara rwebhurauni. Mahwindo akawanda. Miti ine mashizha egirinhi. Munhu ari pamota bhaiki akapfeka ngowani yebhuruu. Motikari dzine ruvara ruchena.
ID_WBXQTC,Munhurume akapfeka nhumbi ina mawara mawara. Muhuro make akapfekawo chuma icho chine chiratidzo chomuchinjikwa nechepamberi pacho. Zvakare ane bvudziwo rakapendiwa rakachinjiwa kara.
ID_WBZRLQ,"Ba lakisi biso awa,mutu ya mwana mwasi ba kangi ye suki,nde azo lakisa biso motindo nini ba kangaki suki yango."
ID_WDPIDY,oyo ba kiti ya salon ba kiti ya salon ba bengaka ba divan eza pe na ba kosakana yango mibale ekokanga ya chokola na ba mwindu mosusu eza chokola kaka.
ID_WDZCRL,"Kabhokisi kemapini anoshandiswa mumakambani kana muzvikoro. Kabhokisi aka kane ruvara rutsvuku neruvara ruchena. Kakanyorwa namavara matsvuku namavara matema. Mapini arimo anoratidza kuti ane mavara akasiyana siyana. Mamwe mapini ane ruvara rweyero, mamwe ane ruvara rwebhuruu mamwe ane ruvara rwepingi."
ID_WFSNBQ,liboso na ngai nazomona moteur moko ya motuka.
ID_WGDFIO,Imba yakashongedzwa zvinonwisa mvura. Mekutandarira mune masofa matsvuku anoenderana netafura asi rine girazi pakaiswa maruva akashongedza imba iyi. Mune zvemudenga zvishongedzo zvakanaka uyezve kumberi kunoratidza kuti kuri kuenderera nemataira ebhurawuni. Imba iyi inoratidza sehotera.
ID_WGTTAV,bato mibale bazotambola na nzela mobali azali liboso mwasi azali nsima mobali ya liboso asimbi katini ya pembe mwasi na nsima asimbi saki na maboko.
ID_WHRRVY,"Namoni mwa ndako ya kitoko pe ya se ndako oyo eza na kati ya lopango pe namoni na kati ya lopango oyo mwa nzete ya monene pe namoni lopango yango eza na langi moko ya kitoko pe eza kongenga, namoni liboso yango mwa matiti na mwa efololo ya kitoko mpenza."
ID_WHTMGC,Shangu tsvuku mbiri idzi dzinoshandiswa pamujaho kana pakumhanya uye shangu idzi dzinosungwa pamusoro kuitira kuti choka inyatsobata zvakanaka.
ID_WHUXCU,Mombe dziri mudanga uye mombe idzi dzine ruvara rwebhurauni. Dzimwe dzine nyanga. Panewo kamhuru kane ruvara rwebhurauni. Imwe mombe idzi iri kudya sauti ine ruvara ruchena.
ID_WIBEDZ,foto oyo elakisi biso mwa bukueza buku oyo ya 3eme primere buku oyo eza buku ya histoire na geographie monani eza ya kitoko mpenza.
ID_WLATQT,"Panovezwa simbi panogadzirwa mawindo furemu nemadofuremu ayo matema aine dhiramu, kumana jenareta uye chikwangwani marara pasi."
ID_WLVCIE,Shangu imwe chete yakagadzikwa pasi pane ruvara ruchena. Shangu iyi itenesi ine ruvara rutema yoita madododo eruvara rwegireyi. Nechemukati ine ruvara rutema yoita netambo dzine ruvara rutema.
ID_WLVUHQ,Hembe ineruvara rwebhuruu yerudzi rweresi. Inamabhatani matema pamberi namaoko akafara. Imunhukadzi irikuratidza kuti irikuratidzirwa iri kutengeswa.
ID_WNDDQC,mutuka oyo etelemi eza neti etelemi esika basukolaka mituka na moni bato mibale wana batelemi bazotala yango.
ID_WNPCLK,Makicheni yuniti ari kutengeswa ane ruvara ruchena. Makicheni yuniti aya ane madhirowo matatu nemadhoo matatu uyezve akagara pasi pane mapuranga. Kuna masofa zvekare anoratidza kuti ari kutengeswa muchitoro ichi.
ID_WOPOVQ,sika na komi awa bandeko naomona baolakisa ngai na pepo na pepo oyo namoni baolakisa ngai eloko babengi na noko ya lopoto eza ebele helicoptere ezotambola na pepo.
ID_WPKARR,Vanhukadzi vakamira vakaita mutsetse vakabatana mumabendekete avo vakapfekawo nhumbi dzinoratidza kuti vatambi vemutambo wevhoribho. Varikuratidza kuti vave kuda kunotanga mutambo wavo.
ID_WRJKBM,awa tozomona eloko esimbi eloko babengi singa ya chargeur oyo esalaka moto ekota na kati ya telefone yango wana bazolakisa biso loboko esimbi yango ezali na langi ya pembe.
ID_WSBTTM,buku ya bana-kelasi ya motoba eko lakisa bango lolenge ya kotanga pe kokoma orthographe.
ID_WSMAWR,bendele eza na langi ya bozinga likolo ya monene na linye moko ya langi ya pembe na katikati mosusu na katikati langi ya motani na se nango lisusu molongo ya langi lisusu ya pembe na se lisusu langi ya bozinga na katikati eza na minzoto esalisi acle na langi ya mosaka.
ID_WTRVXN,liboso awa nazali komona ezali bongo foto bakangi ndako pe ndako yango eza ndako ya kovanda te eza esika ya mosala mpo na moni bakomi likolo na monoko ya bopoto agence.
ID_WUBYWS,Chibhodhi chinonyorerwa nevana vadiki. Chine ruvara ruchena nerwebhuruu kunze. Chine chinyoreso chakatsvetwa pamusoro. Chakaputirwa nepepa repurasitiki jena.
ID_WUIHHV,Michero yakasiyana siyana inodyiwa nevanhu. Imwe yacho irikuoneka mhodzi dzayo tsvuku uye imwe yacho yakacheneruka. Michero iyi ineimwe mitsvuku irikuonekwa iine mambava.
ID_WVPTRD,"na liboso na ngai namoni eza na monument, likolo ya monument namoni bikeko mibale eza na maboko te, nde namoni mabele na lisusu balati te, kuna ya rompe wana namoni ndako ya monene."
ID_WWYFTZ,awa tomoni bana bamike baza na kati ya kelasi baza koyekola baza mwa mingi baza kotala moto aza kolakisa bango baza koyekola baza mingi na kati ya kelasi.
ID_WXYBXH,"Awa pe naokomona ba bileyi, naokomona kuna na mopanzi bongo na katikati ba tia na ndesu, na mopanzi kuna ba tia pilipili, ya langi ya motani, bongo na mopanzi kuna ba tia na ba tia tanzane."
ID_WZDBDJ,"Miti, mapoo uye tambo dzemagetsi, jurahoro, mugwagwa une tara, dzimba nehuswa hudoko hwakaoma."
ID_WZHDZH,Liboso na nga awa namoni batata mibale moto na moto aza na bike na loboko pe baosigne likolo ya ba papier oyo.
ID_XBHYWJ,Vakomana vanoita zvemutambo wetsiva vari pakati pemutambo wavo. Kune mumwe wakapfeka hembe ine ruvara rwebhuru kuzasi hembe iyi yakanyorwa nemavara machena kudzi twins special. Koitawo mumwe wakapfeka hembe ine ruvara rutsvuku nechikabudura chine ruvara rutema neruvara ruchena.
ID_XBNVDS,Shangu dzekutambisa mutambo. Vazhinji vanotambisa shangu idzi mutambo wenhabvu. Shangu idzi dzine ruvara rwakada kurerekera kuruvara rwenhundurwa pamusoro. Murutivi dzine ruvara ruchena. Nechekumashure dzine ruvara rutema.
ID_XBOTXS,na bilili oyo nali komona balakisi nga kamwa nzete ya mokuse pe na moni eza pembeni ya libanga ya monene namoni kamwa sac pembeni nango nde nali komona balakisi nga.
ID_XDUUNH,"Oyo bato bazo sambela na kati ya eglise chrétienne, namoni kurusa esukuna na nsima  baza na kati ya eglise bazo sambela ""merci""."
ID_XEKFYB,"Ba ngomba pe bisobe ya matiti eza na ba ndako bato bavandaka matiti mosusu ya ko kauka mosusu eza na ya mobeso ya langi ya pondu, mosika naya na ba ndako nazomona manzanza na bango."
ID_XFCXUL,"Musika urikutengesa zvakasiyana siyana. Pane makotopeya, zvinanasi, mabhanana, mango nezvimwewo zvakadaro. Makotopeya ane ruvara rwegirinhi nemavara mavara matema. Koitawo mabhanana ane ruvara rweyero nemamwe ane ruvara rwegirinhi akakangavira mango dzine ruvara rutsvuku."
ID_XFMSIQ,Awa namoni batongi ba mabanga ebele na kati bati kamwa ndako bati vierge marie nde biloko namoni awa.
ID_XFQJTD,awa tomoni sapato ya banabasi tozali komona ezali kitoko tomoni ezali na langi oyo ezali ya motane na mwindo na kati kasi ezali ya banabasi ezali kitoko kitoko mpona kolata.
ID_XGOOWY,Liboso na ngai nazomona bamatiti ebele likolo na yango nazomona balabala na kati na yango nazomona bamituka na bato ebele bazotambola.
ID_XGTHZP,nzela esebebe bato bazolekaka na nzela wana ndengwana.
ID_XHGAJR,elembo ya mboka ezali bongo na langi ya pembe na makomi ya chokola.
ID_XHJUVO,bandeko eleko nazomona awa na misu na ngai naza obele na kati ya ndako me ndako yango namoni naza na place oyo babengaka na monoko ya lopoto na salle a manger na salle a manger oyo namoni bato bazoli ya bilei eza papa mama na mwana na ye baza na kati ya salle a manger baza na mesa bazoli ya biloko ya kolia.
ID_XIHAIR,Awa namoni balakisi biso mwa mpuku moko ya monene makasi e namoni eza mpuku oyo ezalaka na zamba na se ya mabele.
ID_XIPYIV,awa nazomona tomwa babol moko boye oyo batiaka biloko ya kolia na kati otia na frigo babol yango sikoyo moko eza na coulere ya mosaka moko eza na coulere ya mai ya pondu bol mosusu eza na coulere ya motane bol mosusu eza na coulere ya lilala.
ID_XIZBQT,awa tozali komona bazali kolakisa biso monima tomoni sima ya monima nzete moko pe ezali wana kasi tomoni motu moko atelemi na ngambo ya balabala azali kotala monima yango motu yango alati pembe na mwindo na kassake moko na mabeka na ye.
ID_XJNTHO,"Oyo eza logo ya repubc du congo Brazzaville, logo yango ezalaka unité travail progrès. Ezalaka na dessin mboneti Lyon asimbi moto na ba elefant mibale, posa sasu ngeso pe ya logo ezalaka elefant."
ID_XKEGLX,"Zvinwiwa zvedoro rechirungu remumabhodhoro re""Black Label"" ririmumabhodhoro anebepa rinezvitsvuku. Arimufiriji yegirazi inoonekwa zvirimukati kuti atonhorere. Arikutengesewa akazara mufiriji."
ID_XKFXQJ,"Mutuka esali mikolo ebele ezali kufa liboso ya lopango oyo ya polisi, toza komona batole na ba fenetre ebele."
ID_XKPYUW,Liboso na nga na moni eza kabati kabati na nga na moni batiaka ba buku ya kotanga nde na moni yango liboso na nga batie ba buku wana kitoko mpenza moni epesi mposa ya kotanga.
ID_XLFFGX,Mumugwagwa unoratidzika kuti unofamba mota dzakawanda. Kumativi kwawo kune vanhu variko. Vanhu ava vanosanganisira varume vaviri. Kozoti mukadzi akamira akatakura bhegi.
ID_XLNHAF,na elili oyo tozomona esika bazolakisa biso moto ya loposo ya mondele azoli koloba liboso na ye ezali na mikro ya molai liboso na ye ezali na eloko esika bakomi na monoko ya lopoto secretaire general.
ID_XLPSXR,Vhudzi refu rakasvibirira rakarukwa zvakati tsepete nomusoro. Nechepanhongonya panewo madenderedzwa amaraini ayo akanosungwazve vhudzi richinorembera. Poitawo mimwe mitaro inobva nechepanhongonya ichidzira musoro wese kuchizoiswa zvuma pekupedzisira.
ID_XMKMDY,Zvuma zvakarembedzwa kuti zvioneke hunaku hwazvo kune vanenge vachida kuzozvitenga.
ID_XOSHIU,awa tozali komona ezali na kati ya nzela tomoni balakisi biso bisi moko ya monene mpenza ezali na langi oyo ya pembe kasi ezali kokende na pembeni yango tomoni bato bazali koleka bazali kokende esika songolo.
ID_XPFQKJ,Eloko ba lakisi nga awa ba ndeko na miso na ngai eza obele ndako moko mpenza ya kitoko ndako moko ya monene ndako balobaka monoko ya etage eza ndako ya etage epi eza ndako moko eza langi ya pembe pembe epi ba vitre nango eza langi ya moyindo.
ID_XQRCWT,likolo ya mesa ezali na sani ya pembe ya mbele kasi ozomona eza na lutu na sani yango eza na kati eza loso na pondu na madesu kasi boye eza na mbisi ya kokalinga yango nde babengaka mpiodi boye ozomona pe pilipili yango eza elengi.
ID_XQUAPC,ekeko ya moto eza likolo moto ango aza molai atelemi azotana ngambo kuna alati kazaka ya molai ya molai ekomi na makolo batelemisi ekeke yango likolo ya beto moko boye ya langi ya mbwe.
ID_XSCBVZ,"Chaja yorudzi rutema ine tambo refu yakamonerana monerana. Kumusoro kwayo kune tuzino tuviri twesimbi twuva tunobairirwa kumadziro kuti tutore moto, tuchisa kuti tuchaje midziyo."
ID_XTDFEU,elili oyo namoni liboso na ngai awa namoni mwa nzete ya kitoko mpenza nzete oyo emonani eza nzete oyo babengaka yango na monoko ya lopoto bambu eza kitoko mpenza.
ID_XTVWHW,Awa nazomona lokolo moko ya sapato ya basi ezaka lokolo moko ya sapato ya basi.
ID_XUVOLK,Muti yakamira pamberi pamusoro pedombo reruware rwe girinaini.
ID_XVWCUU,Awa tozali komona bato mingi tozomona ba elenge mibali batelemi oyo bazali kosala makambo ya miziki ya kobina baza na to lopamba balati eloko te na likolo kasi na se balati biloko ya langi ya mosaka tomoni na basi mibale pe baza na kati na bango mosala na bango ezali kobina koyemba yangwana baza kolakisa biso.
ID_XXFOBP,awa na moni eza milangi mingi na kati ya milangi na moni eza ba savon ya liquide ya ko sokola maboko nde nazo mona awa moko eza na couleur ya vert na mosusu eza na couleur ya rouge nde nazo mona.
ID_XXGTFT,Bana kelasi bazosala masano bazosala epese oyo moko asote alati bilamba ya lange ya bozinga misusu bavai na se balati bilamba balangi ya pembe misusu balati bilamba yalangi ya mayi ya pondu misusu balati bilamba ya rose misusu balati bilamba ya mitani bavai na mabele.
ID_XXNSTV,elili oyo ekolakisa loboko ya mwana mwasi ekolakisa ebombeli ya kisi ya langi ya pembe pe elili ya mwana moke balati elamba ya mosaka ya koseka kombo koma ezali na kombo pe ya kisi yango na bokono ya kobikisa.
ID_XXRGUZ,Muti une mashizha egirini akachenerukira nezvivana zvine ruvara rwebhurauni zvakawanda. Muti uri padivi pemudhuri. Mukati memudhuri mune zimuti zihombe rine mashizha egirini akawandisa. Pane mumwe muti une tumabazi twakaenda mativi tune mashizha tudiki twegirini. Panze pemudhuri pane tumaruva tune tumiti twegirini.
ID_XYNEAZ,na esika tokomi awa nazomona eza obele papa moko boye papa oyo na monoko ya lopoto babengaka ye eza obele ya le professeur professeur oyo na moni aozwa biloko abengaka ba cre autia yango na kati ya ba carton.
ID_XYNGYT,Mureza mumwe chete mutsvuku pakati pawo pane denderedzwa guru richena mukati maro mune nyeredzi nemwedzi zvitsvuku.
ID_XYRMYH,Mitsvairo yakatsveta pasi yakaturikidzana yekutsvairisa panze uye mumba. Vamwe vanhu varikufamba vamwe vakagara. Motokari yakamira mumugwagwa.
ID_XYSGOD,Umu muchitoro munoita zvekutengesa midziyo yekubikira. Mimwe midziyo ine mibato mitema mimwe midziyo ine mibato yeruvara rwegoridhe.
ID_XZETLA,bazokumisa mtn awa.
ID_XZTSMF,Motokari dziri kufamba pane mugwagwa wakaiswa tara. Mugwagwa wacho uri pedyo nemiti yemijakaranda. Miti iyi haina mashizha akawanda uye ine maruva airi kudonhedza. Panewo rusvingo ruri kumberi runodziwirira kuti vanhu vasaende kudzimba dzevanhu nepavanoda.
ID_YAZDEC,Foto elakisi biso mwa porte a pare ya kitoko pe na se eza na mwa place ya kotia mwa biloko mosusu pe porte a pare oyo eza na mwa mabaya moko ya kitoko pe langi moko ya kitoko mpenza pe na moni eza na mwa ba pneu bakoki ko déplacer yango.
ID_YBCTRD,Murume muchena akagerwa ndokugadzirwa bvudzi rake zvakanaka. Murutivi rwemusoro make munoratidza kuti makagerwa bvudzi rakasiiwa radoko. Nechekumusoro bvudzi rakasiiwa rakakura ndokubva ratwasanudzwa richitarisa kumberi zvine unyanzvi.
ID_YBFFUC,Chidyiwa chinonzi tsangamidzi chinomerera muvhu chinonzi chinorapa zvirwere zvakasiyana kusanganisira mudumbu nedziwa nezvikosoro inovava imwe irapa yakachekwa.
ID_YCUAQR,na photo nazomona liboso na ngai nazomona ndeko mwasi ya mokolo asi akoli asimbi mwana na maboko pe soki totali malamu mwana yango azobela aza na nzoto kolongono te.
ID_YEGQGO,"Sadza rakapakurwa nemuriwo wakanaka. Pane sadza rine ruvara ruchena, koita muriwo une ruvara rwegirinhi kobva kwaita mashu. Mashu dzinoratidza kuti dzakanatsotsvukira uye dzinonaka."
ID_YEIYDD,na bilili oyo nali komona awa balakisinga mai ebele pe namoni bamabanga na kati ya mai oyo pe na monimesoni namoni malamu kuna moni banzete pe na bandako ya milai.
ID_YGOOHY,Shangu dzemunhurume dzakapfekwa dzeruvara rusvipa uye dzakavharika kumberi kumashure kwakavhurika dzakanaka kwazvo.
ID_YGQLTC,"Liboso na nga awa na moni ba lakisi ngai na mesa ba mwa eteni ya citron, na mwa assiete nde yango oyo to moni awa ."
ID_YHBQZY,bilenge mibali bango wana baza na molongo kasi baza neti kobeta bale yango wana bazobongisama mpona kobeta bale balati pe bilamba ya kokokana ya pembe.
ID_YHQRIM,kisi nkombo nango doxycycline eza na bwate ya pembe na langi ya pondu eza bakisi ya komela mpona kosalisa bato baza na infection.
ID_YLFNDR,"Aya maruva, maruva echirungu. Ukadotarisa pano ndokutonona kuti anoratidza kuti anodiridzwa uye ane utano. Ukadotarisa pano ndokutonona kuti akutobereka michero yawo uye ukadotarisa pano ndokutonona kuti anoratidza kuti anobukira nepasi."
ID_YLGJGF,Nekiresi nemhete zvakatsvetwa pachimudhuri chine ruvara ruchena zvine ruvara rwegoridhe zvakabatwa neruoko kutsigirwa zvakatsvetwa pasi pane ruvara rwegirini.
ID_YLLAAX,Maruva akadyarwa ayo arikukura anewo mashizha egirini mamwewo arikubhuruma zvineruvara rwepichi. Anonakisawo nzvimbo pangava pamba kana papi paakadyarwa.
ID_YLLSZV,awa na moni eza buku moko boye likolo ya buku wana ba dessine mwana mobali aza likolo ya mwa nyama na mwana mwasi aza pembeni.
ID_YNKOQY,awa nazomona mashininazomona mashine awa.
ID_YOANOW,Ndiro ine ruvara rutsvuku ine chikafu yakagadzikwa pamusoro petafura rine ruvara rwebhurauni. Ndiro iyi yakapakurirwa sadza. Sadza rine ruvara ruchena uye mune nyama yakakangwa zvinonwisa mvura ine ruvara rwebhurauni. Padivi pane girazi rine chimwiwa chine ruvara rweorenji.
ID_YOMUYB,Muti unenge mupopo uri pedyo zvikuru netambo dzemagetsi. Kana ukabatira kutambo idzi vazhinji vanobata mupopo uyu vanogwinwa. Pane shiri dzakamharawo pamusoro petambo yapamusoro.
ID_YOWFFV,"Nzvimbo yakaungana vanhu vamwe varikuita zvekutengesa mbatya. Pane mudzimai wakabata mbatya dzaari kutengesa. Mudzimai uyu arikutengesa mbatya dzine ruvara rwegirini, dzimwe dzine ruvara rutsvuku dzimwewo ndidzo dzine ruvara rwebhuruu."
ID_YPRMZQ,Chirimwa chemaepuro chine kara tsvuku. Mashizha egirinhi. Mutanda wacho webhurawuni nemashizha mamwe eredhi.
ID_YQCOJH,"Masamusa akawanda kwazvo ane ruvara rweyero. Akatsvetwa pachinhu chakafara uye akaiswa miriwo yakasiyana siyana yakachekwa chekwa. Pane madomasi, bhurokori, bhonyeni neremoni."
ID_YQXMBU,awa tomoni ndako moko esili te esengeli babongisa yango ekomi ya paka ekomi esali mikolo ebele esengeli basala eloko babengi renovation po esi ebebi esi ekomi ya kala.
ID_YRDTWP,Ba nzete ya milayi na langi ya pondu.
ID_YRXNJR,motuka oyo ezali neti ya sika kasi ozomona ezali motuka neti eza kitoko pe makasi mingi yango eza na langi ya mwindu eza pe na langi ya mbwe.
ID_YSXMAC,esika na komi awa bandeko na omoni eza na mwa nzela moko ya mabele na pembeni ya nzela na mabele na moni eza obele ba mituka mibale etelemi wana ba mituka oyo eza na langi ya mayi ya pondu.
ID_YSXZVS,motuka moko ya monene etelemi eza na langi ya motane eza pe na milongo ya langi ya mosaka na nsima na yango eza na langi ya pembe eza na bapina ya minene na se na yango pe eza na langi ya pembe.
ID_YTBYDD,boye ezali balabala ozomona mituka na bato pe baza na pembeni ya mituka yango ya monene yango eza na langi ya pembe kasi ndako yango eza molayi kasi eza neti ya kobetela boye yango eza neti ya kala eza na langi ya mbwe.
ID_YTIZJS,Gonye rine ruvara rwebhurauni rakasimudza musoro uye rine dumbu rinoratidza kuti rakaguta uye rakaiswa panotefetera pane ruvara ruchena.
ID_YUBNIJ,na bilili oyo nazali komona na sani oyo namoni pondu namoni ba kwanga namoni pe ba misuni ebele biloko ya kolia oyo eza ya kitoko.
ID_YUELGH,Awa nazomona logo bakomi luxur beauty land.
ID_YUFIOJ,awa na moni eza esika batekiselaka biloko mingi liboso na ngai nazomona na kati ya etagere bamilangi ebele bazozela bato baya kosomba.
ID_YXYKJA,na esika tokomi awa na moni bazolakisa nga bandeko eza obele esika baotekisa babiloko oyo bakomiaka na yango na kati ya kelasi oyo babenga yango bacre esiko oyo eza bacre ya ndenge na ndenge ya balangi ya pembe ya motane.
ID_ZABUUU,Mureza wenyika yemuAfrica une ruvara rutsvuku kurudyi neruvara rweyero kubva kumusoro kuri kuruboshwe ichiteverwa negirinhi.
ID_ZCEOXY,ndako kasi eza ndako ya molai ya monene kasi ndako yango eza na lopango moko eza na lopango yango eza mwindu yango ndako yango eza neti mwa ya kala eza sika te eza esika bato bafandaka.
ID_ZCKRYZ,bakonzi ya mapinga mibale bafandi na bureau moko alati teni ezali na langi ya moyindo pe asimbi vere na maboko mosusu alati teni oyo ezali na langi ya pembe.
ID_ZDNNEM,awa balakisi ngai bana mibale mibale bafandi baza na kati ya ndako bana mibali.
ID_ZDVLXF,photo namoni namoni eza photo ya sapato bato balataka eya mwasi.
ID_ZFGUDY,Sango hombe rine miti mizhinji yakasvibira uye rinoratidza kuva neivhu dzvuku. Rine sora rakaoma uye parikuonekwa chikomo chine miti mizhinji.
ID_ZFITUP,na foto oyo nali komona balakisinga eza na kati ya lopango ya blange ya motani pe namoni bandako mibale moko eza na balange ya moindo na mosaka mosusu eza na balange ya pembe pe namoni biloko libanda babase na balipapa.
ID_ZFMADM,na bilili oyo nali komona bandeko mibali baza bakonzi batelemi bamosusu ba jeunes bafandi na se te nali komona balakisi bamoko balati makulu ngulu.
ID_ZGAKHJ,likolo ya caro ya pembe mapapa ya bilenge basi na langi ya moyindo moko emati likolo ya mosusu nyonso ezali obele pembe makomami na langi ya lilala.
ID_ZGDMMV,Zvidhori zvakawanda kwazvo zvakapfekedzwa zvuma kuitira kuti vanotenga vaone kutarisa uye zvindori zvakawaridzwa pasi zvichiitira kutengeswa.
ID_ZHLJBD,"Ruva, rakadzvarirwa muchinhu chinenge vhiri remapuranga. Chivhiri ichi chakatsigirwa nedombo kune rumwe rutivi. Kuseri kweruva iri kune matombo nezvimwe zvinhu zvakadonha pasi uye kune chitsiga chemuti."
ID_ZHXHFH,foto elakisi biso mwa motuka ya monene pe eza motuka camion pe na moni likolo bato baza ebele babimi mwa voyage moko ya mboka pe na moni motuka oyo kombona yango benz ezalaki motuka moko ya kitoko pe ezalaki motuka moko ya makasi mpona ba voyage pe mpona komema biloko mingi.
ID_ZJIPOW,Garini yakabatwa muruoko memunhu ichiratidza nzara dzakadyarwa zvakanaka. Garini iri ruvara rwesirivha nechekumusoro ine ruvara rwegoridhe. Kumashure kuri kuonekwa nzvimbo yekurongedzera mabhuku ine ruvara rwebhurauni.
ID_ZJNTLH,Miti yakachekwa nechinoshandisa kuchekwa miti yacho inonzi so uye zvisimbi zvakasiyana.
ID_ZNCIGH,Chitoro chinotengeswa hembe dzechimanje manje nemabhegi echimanje manje. Pana mai vakatakura bhegi ravo ravakaisa kuruboshwe rakagadzirwa zvechimanje manje nejira pakati rikaiswa mufananidzo uripo wakanaka.
ID_ZNLWNB,na elili oyo eza liboso na ngai awa nazali komona mutuka mutuka moko ya monene mutuka oyo eza mutuka oyo ememaka batu pona monoko ya lopoto ba bengi bus pe bus yango ezali bongo na langi ya pembe.
ID_ZOCOTL,Motuka monene pune na yango etoboka etelemi liboso ya esika oyo eza na bendele bendele yango ya lange ya pondu ya mosaka na ya motane motuka yango eza alange ya mosaka liboso na yango eza na nzete ya mbila.
ID_ZOGMYL,Ndege huru iri mudenga. Yakaburitsa mavhiri ayo kuratidza kuti inoda kumhara. Ichena uye yakanyorwa namavara matema parutivi payo.
ID_ZOIAKV,milengi mibale ya savon pona kosokola nzoto.
ID_ZPCTZV,Vatambi vange vachitamba mutambo. Vari kuratidza kuti vakunda pamutambo uyu. Vapihwa masetifiketi uye vane menduru dzavari kuratidzira.
ID_ZPDKPY,Shangu idzi dzitema uyezve dzinoratidza kuti dzakasonewa. Nechekumashure kwadzo dzinoratidza kuti dzakuperera pasi nokufamba.
ID_ZPQRJW,kasi ezali suki bakangi mwasi oyo suki ya kitoko mingi ezali suki ya kolala kasi yango pe eza molai mingi te eza kaka mokuse yango eza kokanga ye kitoko mingi eza na langi ya mwindo boye.
ID_ZSCIPF,Vatambi vesipoti yekiriketi vari munhandare yavo yekutambira kiriketi nevamwe vakapfeka nhumbi dzakafanana dzinobvira kumusoro dzichidzira zasi uyezve vakapfeka mabhurugwa matema nemasinika akasimba.
ID_ZSRKOJ,Tirikuona mireza yenyika dzakasiyana siyana. Pane imba inoratidza kuti panosangana vanhu vachiita misangano vanobva kwakasiyana siyana kana kuti wemapato akasiyana siyana. Tichiona mishina inoratidza kuti inogona kushandiswa kutumira nhau nezvivhiti vhiti.
ID_ZSWGRX,"Michero inopa hutano uye inodzivirira kubva kuzvirwere inoti maranjisi, mabhanana, tsangamidzi uye makerotsi."
ID_ZSWMQN,"Eza ba manga, ba manga yango eza etondi bassin.
Ba manga yango eteli, eza ya kotela mosusu eza na se pemena bassin, ba manga yango kitoko makasi elengi pe."
ID_ZTKFTF,Maruva akagadzirwa zvakanaka uye miti inoyevedza. Motokari dzakamira nedzimwe motokari dziri nechekure nemiti mihombe.
ID_ZUCSAV,Chitoro chakaiswa mataira anopenya machena. Pane marokwe nehembe dzechikadzi dzirikubudikira dzirikutengeswa. Nechekumberi kunewo zvakaita samabhachi nemasutu ayo akaiswa mumapepa arikutengeswa.
ID_ZUWDYE,na bilili oyo nali komona balabala ya moindo namoni ba fleur pembe na balabala oyo pe namoni ndako ya molai pe ya kitoko balakisinga awa.
ID_ZVCYRR,Patapata rakaiswa pasi paneruvara rwepfumbu. Iro patapata iri riri repurasitiki kunerimwe divi uyezve tambo yepamusoro iri yepurasitiki rimwe divi riri puranga. Patapata iri rinoratidza kuti rakapfekwa kwenguva yakareba.
ID_ZVIXHA,Imba yokurarira ine mubhedha wakaiswa zvekufuka. Jira rakadhizainwa zvakanaka nemaruva akasiyana siyana. Kune makabhodhi kumadziro ekurongedzera mbatya nezvimwewo zvinhu. Kune rumwe rutivi kune fafitera nemaketeni.
ID_ZWVNEU,awa na moni eza na kati ya zamba liboso na ngai nazomona banyama mibale oyo babengaka na monoko ya lopoto singe.
ID_ZXGTRS,na eleko na omona awa na misu na nga bandeko na moni naza na katikati ya lopango lopango oyo na moni eza na mwa porte moko ya lange ya motane pembeni na porte wana na moni koza mwa nzete moko boye ya monene epi.
ID_ZZXYLS,na esika oyo tomoni baza kolakisa biso eloko babengi trombone fantaisie déclic ezali na kati ezali ba biloko oyo ya balangi mingi na kati wana tozali komona ezali ba bic nde ezali na kati.
