ID,Target
ID_AAOODF,Bato ya masano ya baskete bazali kobeta baskete na terrain ya baskete bayi bongo bilenge mibali balati bilamba na bakilote na basengle na langi ya lilala mosusu langi ya bozenga.
ID_AAPBIE,Chikwata chevanhurume vomutambo webhasiketibho chiri munhandare umo mune vanhu vakawanda vari kuona mutambo uyu. Vatambi ava vakapfeka hembe tsvuku vamwe zvichena. Pane bhora riri mudenga. Vose vari kurwira kuti vabate bhora iri.
ID_AATKGX,Pane ndege iri kumhara kana kuti kusimuka yakanzi EC Air. Ndege iyi inotaridza mavhiri mana matema kozouya bapiro rimwe chete rinoonekwa.
ID_AAYKBF,Na foto oyo nali komona balakisinga awa eza carton moko ya almete batie ango likolo ya libanga moko ya monene carton oyo eza na ba lange ya motane ya pembe pe ya mosaka na moindo.
ID_ABPNFQ,Awa na moni balakisi biso bana mibali mibale oyo batelemi na kati ya ndako na moni eza bana mibali oyo ba salaka sport oyo ya karate.
ID_ABXLTD,A mwama kasi azotambola na mwana na ye mama wana alati elamba ya milai kasi yango eza na langi ya pembe ezakai na langi ya mbwe pe na langi ya mwindu kasi azosimba mwana na ye na loboko batambola.
ID_ACXWNX,Safu ya kotokisa na likayabu ya kotumba boekabweni sani ya mbele na pilipili ya kotuta pilipili batuta.
ID_ACZEVJ,Iyi imhando yehuku ine manhenga akawanda ebhurawuni ane machena. Musoro wayo muduku kupfuura muviri wayo. Makumbo ayo akatsika pasi panoratidza kuti pane masora ebhurauni. Matema maziso haasi kuoneka nekuda kwekufushirika nemambava akawanda. Muromo wayo wakanongedza mberi. Kumashure kune fenzi yegireyi.
ID_ADOMPT,Shiri hombe yakacheneruka yakamhara padanda rakaoma rakapinda mvura. Iri kuongorora mumvura kuona kana ingagona kuzviwanira hove yokudya.
ID_ADUOVN,Madomasi akawanda akatsvuka ari kuratidzirwa. Ari kutengeswa kuti avo vanoda kuwana zvekurungisa usavi vazvitengere vondobika kudzimba dzavo.
ID_AEYASK,Esika tokomi awa naomona na misu na nga balakisi ngai ba mabanga mabanga monene mpenza ba mabanga mwa minene minene pe na nsima mabanga minene minene oyo na omona bato ebele bao tala ba mabanga wana.
ID_AFAKEG,Foto elakisi pano publicitaire ya aviation moko ba bengaka yango lengo express.
ID_AFXWKR,Vanhu vechirume vakawanda vakamira panzvimbo inotambirwa mutambo wechirume webhora. Pane huswa huri kuonekwa hweruvara rwegirini kwoita mitsetse yakadhirowewa pasi yeruvara ruchena. Nechekumusoro kune macheya panogara vanhu ane ruvara rwakachena nerutsvuku.
ID_AGTPRM,Awa toza komona mesa na ba kiti mibale tozo mona bati yango esika moko bazo lakisa biso ndenge ezali kitoko tomoni likola mesa kamwa kopo moko ezali ezali kitoko mpenza ezali kitoko ndenge baza kolakisa biso yango awa.
ID_AICQQG,Na moni kisi oyo esungaka mpona malali ya libumu na kati na ndako na yango.
ID_AJLYXZ,Mberi kwemba kune furenchi dhoo ine mabha machena uye mahwindo ari kuoneka mukati. Mune masofa eorenji nemeti iri padhoo yekaki ine zvitema. Panze pefureji dhoo pane mataira ari pasi.
ID_AJXJQK,Ewa awa ezali buku oyo bakomi jebukine tomoni bakomi evenement seigneur de zanu yango wana bakomi bazo kolokisa biso awa soki okoti na kati okotanga okoyeba biloko nini bazali koloba na kati kuna.
ID_AKEEIU,Munhukadzi akagadzira kumeso kwake. Akadhirowa tsiye dzake akapenda muromo. Munzeve dzake muna mhete dzakarembera. Musoro wakarukwa namabhureidzi akasungwa padivi napadivi.
ID_AKEKCT,Awa na moni eza na kati ya bilanga liboso na ngai nazo mona mbuma moko ya kitoko pe ya elengi mingi.
ID_ALYEKY,Rokesheni rune dzimba dzakawanda. Pane iri padivi ine denga rine mataira matema. Pamberi payo pane motokari chena. Imwe ine denga rine marata egirinhi. Parutivi pedzimba pane marambi omumugwagwa.
ID_AMCCBI,Simbi inodaidzwa kuti shoku iyo inoshandiswa pamotokari. Yakagadzirwa nesimbi. Inoita basa rekuti motokari isanzwika mabhambi kana ichifamba.
ID_ANCBYL,Kisi ya bokoko eza kisi ya bokoko.
ID_ANEMZF,Moto aza na makolo azotambola na nzela liboso na ye nzete ebende ezali na nsima na ye motuka moko pe etelemi alati ba sapato ya pembe na likolo alati elamba eza na ba langi mingi.
ID_ANHQMY,Esika na komi awa nazo mona eza pembeni ya balabala na balabala yango nazo mona ba mituka ba mituka ndenge na ndenge na moni koza ba mituka mibale ya moke ya ba voiture eza alangi ya vert epi pembeni na yango na moni koza camion moko ya pembe ya carossirie ya bleu vrema liboso na yango na moni pe koza mwa ndako moko ya etage ya kitoko ya monene.
ID_ANZHBV,Bilenge mibali ya mibale bazali bongo kobunda bazali bongo bato ya ndembo oyo babetanaka makofi ndembo na bango ezali ya kobunda na bamakofi.
ID_AOHRVC,Awa nazo mona liboso na ngai mwana mwasi atelemi kitoko bauti kobongisa ye suki na kati ya salon de coiffure.
ID_AORESO,Awa nazo mona bana basi misatu eza neti oyo mwasi ya katikati nde mama na bango bao mibale baza bana na ye ba kangi bango pe suki ya meshe ya kitoko baza basi kitoko na mama na bango.
ID_ARBIRT,Eawa na moni balakisi biso mwa lipapa ya jaune ya konzuluka na moni eza lipapa oyo ya bana mibali ba tiango na se na kati ya ndako.
ID_ARHAXW,Awa nazo mona mbalage ya kisi eza na kisi na kati kasi kisi yango eyebani te soki pe ebikisaka malade nini nayebi te.
ID_ARVDNP,Foto elakisi biso mwa loboko esimbi mwa kisi kisi oyo eza kisi ya kitoko kisi oyo ebumaka ba mwa nyama oyo ezalaka na libumu ya bato oyo ebindaka bato babeli na mwa libumu pe bayoki mpasi kisi oyo kombo na yango pentazol ketanozole oyo ezalaka makasi pene.
ID_ASBDUP,Eloko nazali komona nazali komona milangi mibale to misatu nazali milangi ya ekoki kozala ya ba fruit ekoki kozala ya ba fruit wana azali komona na molangi moko ba desinaki anana ekoki kozala molangi ba jus ya fruit ba jus ya anana.
ID_ASIPKU,Camion eza na kati ya wenze elingi konyata biloko na se camion eza na kati ya wenze tomoni bato baza na kati ya wenze oo camion eza koleka na kati ya wenze.
ID_ATIDGP,Kapuka kasiri kunyatsooneka kumashure kwacho. Kapuka kacho kane ruvara rwegirini. Makumbo maviri ari kuoneka matete asi ane zvekubatira kumberi. Panewo kamwe kakada kuita kunge kauswa kakareba kane ruvara rutema kakakwira mudenga kachibva pachipuka chacho.
ID_ATIYKD,Na elili oyo bazali kolakisa biso tomoni ezali bongo na kati ya ndako soki nalobi na kati ya ndako ponase tomoni ba tandi tapis likolo ya tapis yango tomoni lokolo ya sapato moko ya ba ndeko mibali.
ID_ATTFDF,Boye kasi nde nazo mona liboso na ngai eza na ba bwati moko boye ba bwati yango eza en plastique kasi nazo mona eza na langi moko ya mosaka mosusu pe eza na langi ya bozinga boye kasi nazo mona eza na ba langi mosusu ya lilala pe na langi moko ya pondo.
ID_AVMULW,Motuka ya kitoko ya mwindo mpona ba konzi to pe libota.
ID_AWJYKX,Awa na moni tata moko alati kitoko aza na suki ya pembe aza na kati ya ndako bazo solola makambo ya politike.
ID_AYAUMX,Midziyo yekubatanidza mapepa inodanwa nezita rekuti sitepura. Yakasiyana siyana imwe ihombe imwe mudiki. Pamuhombe pane une ruvara rutema iri nechekumusoro koita dzidiki dzine mavara machena koita imwe ine ruvara ruchena yoita ruvara rutema nechepamusoro.
ID_AYEGYT,Michero yakatemwa kubva mumuti ikaunganidzwa. Ine ruvara rwakaita rutsvuku uye imwe yakada kuita sepepuru. Yakawanda iri pasi ipapo. Imwe yacho ine tutanda twakabatira pairi tuchiri girini. Michero inodyiwa nevanhu nekuti inobatsira kusimbisa muviri yavo zvekuti kana vazorwara havanetseki kukurumidza kupora.
ID_AYRYPF,Liboso na nga awa nazokomona sapato moko sapato yango eza ya grie batie yango na likolo ya kitambala moko ya bozinga.
ID_AYSLAJ,Nzvimbo inoitwa zvekubika bika. Pane nyama yakawanda iyo iri kugochwa pamazimbe ayo ane murazvu unoonekera kubva mumasimbi.
ID_BBQWLS,Elili oyo eza liboso na ngai na moni mwa voiture ya kitoko etelemi pe eza na se ya nzete moko ya kitoko na balabala pe na moni mutuka mosusu ezotambola ya moindo.
ID_BBUQAC,Mureza une ruvara rwebhuruu. Une chiratidzo chiri kuruboshwe kwawo nechekumusoro chine ruvara rutsvuku uye ruchena. Zvakare kurudyi kuri nechekuzasi kune nyeredzi dzine ruvara ruchena.
ID_BCOIMC,Michina miviri inoshandiswa nevanoita zvekugadzira magetsi uyezve padivi pana pane mishina ine tambo inoshandiswa pamwe chete nemimwe mishina iripo.
ID_BDLDQK,Vatambo vebhora vakamira munhandare. Vakapfeka hanzu dzakafanana neshangu mumakumbo avo. Vakamira vakatarisa zvichiratidza kuti vari kutorwa mupikicha zvekare vari kuimba nziyo yekusimudza mureza wenyika yavo.
ID_BEAXGU,Muti wakanatso kupfumvutira. Une mashizha akasvibira uyezve unoratidza kuti une mumvuri wakanaka. Muti uyu une mapazi akawandisa.
ID_BEBWRK,Tsangamidzi yakagadzikwa patafura yakachekwa mapisi chimwe chidimbu chakasiiwa chakadaro. Inogona kudyiwa yakadaro kana kuita zvekubikwa.
ID_BHMOUC,Awa bolakisi biso photo oyo bana misatu bazo seka moko amonani te mibale bazo seka.
ID_BMAMTU,Shangu imwe chete yomunhukadzi yekurutivi rweruboshwe. Yakavhurika. Ine pekukochekera. Ine zvitambo. Ine ruvara rwebhurawuni pamusoro nepingi kumativi.
ID_BMRJMV,Likolo ya mesa eza na eloko oyo bana-kelasi ba salisaka yango eza neti libende libende yango eza na langi ya bozinga esalisaka bana-kelasi mpona kosalisa ango na kelasi na bango.
ID_BNABME,Na bilili oyo nali komona balakisi nga awa eza sapato moko ya bana basi batie likolo ya mesa sapato oyo eza na ba langi mibale ya motani pe ya mosaka.
ID_BNBXHO,Vana vaviri vari kuratidzwa mumufananidzo uyu vari kuita sevari kuda kutenga zvinhu pamusika. Vana ava vakapfeka nhumbi dzechikoro uyezve vana ava vakabereka mabhegi emabhuku. Mutengesi ari pamusika uyu akagara pachigubhu cheyero.
ID_BNWLVQ,Tomoni papa na bana na ye aza kokata mwana na ye suki pembeni na bango eza bana mibale baza kosakana toza komona kuna mosika baza neti baza na pisine.
ID_BNYYWA,Cheneti ya kingo na ya loboko ya wolo.
ID_BODVLJ,Awa na moni eza na bana mibali moko oyo batelemi liboso ya stade na moni pe eza na ba misusu oyo ba fukami na moni eza bana mibali oyo ba betaka ndembo ya maboko.
ID_BOVFVV,Na bilili oyo nali komona balakisinga eza ba tomate oyo ba kati yango pe esi ebeli te eza kaka na ba langi ya pondu na kati na moni ba langi ya pembe.
ID_BPMRMX,Zvuma zviri mukati mechitoro zvakaitwa maputu maputu. Zvimwe zvine ruvara rweyero zvimwe zvine ruvara ruchena neruvara rutsvuku neruvara rweyero uyezve nezvimwe zvine ruvara rwepepuru neruvara rwebhuruu.
ID_BQTUGO,Bhatafurai rakamhara pasi. Rinoratidza kuti rina mavara mavara. Nechekumusoro kwemapapiro aro rinoratidza kuti rine ruvara rutema yobva raita ruvara ruchena. Nechemuzasi tichienda kumutumbi rinoratidza kuti rine ruvara rutsvuku. Kumutumbi waro rinoratidza kuti rine mavara machena nemavara matsvuku.
ID_BRLAKJ,Awa ezali lisanga ya ba konzi ezali na reunion ekosola makambo ya mboka.
ID_BRRHVM,Esika tokomi awa ba ndeko eza na kati ya balabala na balabala oyo na moni eza mwa motuka motuka ya langi ya mayi ya pondu epi libanda ya motuka oyo nazo mona eza mwa mama moko aotekisa ba mikate.
ID_BRZJGE,Mukomana akamira pamberi pechidziro akabata bhachi mumaoko make. Ane shangu dzekufambisa dzitema uye iye akapfeka hembe nhema imwe yakanzi naiki.
ID_BSBTOV,Foto eza liboso na ngai na moni mwa bilei likolo ya mesa pe na ba mwa sani ya kitoko biloko oyo eza mpenza ya bandele oyo na moni eza ba misuni oyo basalaki yango na kati ya boulette pe na kati ya bulete oyo na moni batie ma maki pe kuna na moni ba sani mosusu ba salade eza na kati pe na ba mwa kwanga na kati eza kitoko mpenza.
ID_BSCHXE,Liboso na nga na moni mwana mwasi mwana mwasi kitoko ya pembe na loboko na ye na moni azwi oyo ba bengaka na monoko ya poto sac m alati pantalon ya bozinga na moni ba tongi ye suki na ye malamu suki na ye eza na ba langi ya motani nde na moni yango liboso na nga.
ID_BUPBKJ,Loboko esimbi nzeta fufu.
ID_BVLOQR,Mapusha ane ruvara rwakasiyana runoti yero rutema nemachena nebhurauni neekirimu ayo anopfekwa nevanhukadzi akagadzirwa nemachira pamusoro akasimba.
ID_BVRWJF,Zvuma zvakapfekedzwa pazvidhori zvitema. Zvuma izvi zvakafanana mhando asi zvinozosiyana ruvara. Zvimwe zvuma zvine ruvara rwebhuruu namavara-mavara. Zvimwewo zvuma ndozvine ruvara rweyero namavara mavara. Zvimwewo zvine ruvara ruchena namavara mavara.
ID_BVVWIJ,Nzvimbo ine miti uye huswa. Huswa hwacho hauna kunyanya kukura. Huri kuwanika kunze kwerusvingo runodzivirira imba. Huswa hwacho hwakatsvukuruka huri kuita sekuti hauna mvura. Mukati mune miti yakakura. Miti yacho ine ruvara rwegirini.
ID_BVYDAO,Kasora kanokura kachitambarara kanowanzotambarara pamusoro pemvura. Kane mashizha akanakisa akada kuita kakutenderera ane ruvara rwegirinhi nemamwe ane ruvara rwakaita kayero.
ID_BWBLLL,Na bilili oyo tozali komona awa liboso na biso tozali komona bongo ba sabuni soki totali makambo bakomi na ba carton ya ba sabuni yango ezali bongo oyo mutu asokoisaka yango nzoto.
ID_BYLITH,Muchina wezvinwiwa une zvigaba pamusoro zvegirazi. Mukati mazvo mune zvinwiwa zvakasiyana. Chimwe chine chinwiwa chitsvuku chimwe chinwiwa cheyero.
ID_BZCOAH,Shangu mbiri chena dzakagarana dzine mukati mebhuruu. Pamusoro peshangu pane mabhande maviri.
ID_BZZNTU,"Nhandare yemutambo wekunzana nemasimba kana kuti wetsiva. Mune ruvara rwebhuruu pasi neruvara rwakaita bhurauni. Mune zvigaro zvine ruvara rweyero, rwegirinhi nerutsvuku. Mune maraiti anopfuta pamusoro. Mune vanhu vakagara nevakamira."
ID_CAEBSB,Na liboso na ngai awa naa komona foto ya sapato sapato yango ndenge ezomonana eza na bosoto mingi eza na bosoto mingi pe sapato yango batie yango likolo ya tapis eza ba carreu te eza ba tapis.
ID_CBBJNH,Vanhu vatatu vari kufamba mumugwagwa unoita seuri mudhorobha. Pavanhu vatatu ava pane vakadzi vaviri nemurume mumwe chete. Murume uyu akapfeka mudhebhe mutema uye hembe tsvuku nekepisi. Madzimai akapfeka hembe nhema.
ID_CBWTCL,Awa nazokomona ba flako ya mafuta ya kopakola eza mine yango nyonso eza marke moko dexerile eza mafuta ya kopakola.
ID_CCEJUY,Awa na moni liboso na ngai balakisi ngai eza bijouterie esika ba tekaka ba bijou nde yango baolakisa biso ba chenete na ba grumete bato alataka.
ID_CCJUEN,Ringi dzakapfekedzwa mumaoko maviri emunhukadzi. Rumwe ruoko rweruboshwe runoratidza kuti rwakapfekedzwa maringi maviri akandocheneruka anoratidza kuti ndeesirivheri uye rimwe ringi rakapfekedzwa kuchikumwe chekuruoko rwerudyi.
ID_CCMSCC,Motuka oyo eza motuka ba bengaka camion eza camion eza motuka oyo ememaka ba biloko ememaka bazelo ememaka ba mabanga ntango bato bazo tonga ba balabala ntango bato bazo tonga ba ndako mituka oyo nde ememaka bazelo po bato ba tonga eza na langi ya pembe na ba pine ya langi ya moindu na pembeni wana eza na langi ya motane.
ID_CDDYTT,Vatambi vemutambo wetsiva vakamira vachiratidza hunyanzvi hwavo Havana kupfeka hembe kumusoro. Kuzasi vakapfeka zvikabudura vese havana shangu.
ID_CDKWBW,Mwanasikana akamira akabata amburera yakavhurika. Kutsoka akapfeka mapatapata eruvara rweyero nebhurugwa pfupi. Nechekumusoro akapfeka hembe ine mavara mavara anoverengera yero ebhuruu nepingi isina maoko. Mumusoro make akaruka netambo dzechena.
ID_CDRINL,Ruoko rwakabata goka nhema yakabatidzwa kuti ipe chaedza murima.
ID_CEHWTB,Motoka minene oyo ekumba essence kasi eza na balabala eza motoka moko awa pembeni eza na balabala.
ID_CFSWOV,Tafura iya ine ruvara rutema yakawaridzwa zvuma zvemuruoko nendarira dzemuruoko dziri kutengeswa uye dzakawanda dzina mavara matsvuku. mamwe ane ruvara rutema mamwe ane ruvara ruchena mamwe ane ruvara rwebhuruu.
ID_CGBLNL,Mukomana akapfeka shangu nhema akamira pamwechete nebhurukwa dema. Muhuro make mune chuma uye mumaziso make mune magirazi. Kuruoko rwake rweruboshwe kunewo chiringazuva icho chaakatarisa.
ID_CHAYJC,Munhukadzi akarukwa madhiredzi. Madhiredzi aya ane ruvara rwebhurawuni. Akapfeka nhumbi yekumusoro ine ruvara rwekirimu uye ruvara rutema.
ID_CHDRNT,Liboso na nga na moni mai mai mini pe na mai wana na moni kolona yango eza nzela nzela ya mabele te pe nzela oyo ba bengaka na monoko ya lopoto eza pon nde na moni pe na moni ba mituka mingi mituka ya pembe pe mituka ya moindo na bato mingi bazo pe na ba matiti na penepene na yango.
ID_CIXTAN,Kapuka kadiki kakamhara pasi. Kapuka kacho kakaita senyuchi. Kane musoro wakakura uyewo kane mapapiro. Kapuka kacho kanogona kubhururuka.
ID_CJZEYO,Na bilili oyo ba tieli biso molangi moko liboso na biso soki totali molangi yango batie yango na se molangi yango na moni ezali bongo na langi ya pembe na langi pe ya bozinga soki totali malamu molangi oyo eko zala molangi ya malasi.
ID_CJZHQR,Pachiteshi chamabhazi pane makombi maviri akamira ane mavara akasiyana. Parutivi pawo pane bhaziwo rimwe chete rakamira rinoratidza kumberi kwaro kuchena. Nechemberi kune rimwe bhazi rakamira reyero.
ID_CKQPRT,Vanhu vari pakati pedhorobha vakarongerera misika yavo pamakadhibhokisi vakawaridza jira rine ruvara rwebhuruu. Vamwe vakapfeka mabhibhi ane ruvara rwegirinhi.
ID_CLCVQW,Eloko nazo mona awa na moni eza obele mama moko boye mama yakokola vrema atelemi a liboso na ngai na moni mama yango alati mwa bububu mpenza moko ya kitoko atelemi na kati ya ndako na ye.
ID_CLUUGI,Zvipanera zvakaturikwa kumadziro zvine mizera yakasiyana siyana. Zviri pamusoro zvakasvibirira nekucheneruka. Zviri pazasi zvakasvibirira zvose.
ID_CMWEOJ,Munhurume nemunhukadzi vari kufamba padivi pemugwagwa vari pasi pechivakwa chiri mudhorobha. Munhurume akapfeka mbatya ine ruvara rwebhuruu nemaoko marefu nebhurukwa riri kuzasi rine ruvara rutema. Munhukadzi akapfeka siketi pfupi inosvika pamabvi akatakura nebhegi rechikadzi.
ID_CNAAPA,Vatambi vebhora vaviri vakamira vachiratidza kuti vagadzirira kutorwa mufananidzo mumwe mupfupi mumwe murefu zvekare vane bvudzi rakachekererwa zvakanaka kwazvo.
ID_CNEWVO,Mafuta ya kopakola ya bana.
ID_CNHGQK,"Esika bana bavandi awa na moni eza neti baza na classe, na moni bazo koma na kati ya cahier bango nyonso balati ba elamba ya classe ba bengaka ba uniforme."
ID_CNMTHU,Vanhu vakagara vari kutengesa mbatatisi. Mai vakapfeka zvichena nedhuku rine ruvara ruchena. Pane mbatatisi dzavari kutengesa mirwi nemirwi. Pamberi pane murume ari kufamba zvekare ari kuratidza kuti ari kutsvaga mbatatisi idzi. Kumberi kune vakawanda vari kuuya vari kutsvaga zvekutenga uye pane mukomana nechingoro akamirira vanhu vanotenga mbatatisi kuti agovabatsira kuvaisira mugoro achivaperekedza kuenda kwavanoda kunokwirira mabhazi.
ID_COIPSP,Vatambi venhabvu vari munhandare yavo yekutambira nhabvu vari vana vechikoro.
ID_COKZFV,Mbudzi mbiri dzakamira imwe iri hombe ine mwinga dzakatarisa kumusoro. Nechekumusana ine ruvara ruchena. Kumberi ine ruvara rwemambava akatsvuka. Chimwana chayo chiri pazasi chine ruvara rwakafanana namai asi hachina nyanga.
ID_COUUAA,Zvigaro zvekugarira zvisina kwekuzembera izvo zvakagadzirwa nemapuranga uye zvine zvigariro zvazvo zvipfumbu zvakagadzirwa nepurasitiki.
ID_CQDCXT,Mombe ine musoro une ruvara rwebhurauni nepamuromo patema. Mombe iyi ine nyanga dzakaenda kumativi. Iri kuratidza kuti iri kutsenga nekuburitsa mazino akaenda padivi. Ine kahuswa pamuromo zvekare.
ID_CSUPIY,Nzvimbo ina maruva emhando dzakasiyana siyana ayo akaisirwa mavhu muzvipepa zvitema. Nzvimbo iyi ingangova inotengeswa maruva.
ID_CTDWOV,Motokari hombe yerori regonyeti. yakatakura mabhero ekotoni mukati. Motokari dzinoshandiswa kutakura zvinorema uye zvinhu zvizhinji zvakadai semabhero iwaya kubva kuminda kuenda kunzvimbo dzekunotengesera donje.
ID_CUDWBK,Munhukadzi akachena. Akapfeka hembe ine ruvara ruchena runotsvedzerera. Muhuro make akapfeka mhete. Musoro wakagadzirwa zvinonwisa mvura. Mumaoko mune mhete. Muzvigunwe mune mhetewo zvakare.
ID_CUHHNH,Oyo na kati ya ndako esika ba bongisi yango bien mpona koyamba bapaya mpona kofanda nyango salo esika ya kopema.
ID_CUNQQV,Chipuka chakamhara pamusoro pematombo chinoratidza kunge gwavava rine makumbo mana okufambisa nomuswe wakareba uye rine musoro wakandotsvukuruka nomuviri uri muruvara rwakasvibiruka nemuswe wakatsvukuruka zvakafanana nemusoro. Rinoratidza kuti riri kudziya mushana riri pamusoro pematombo akakombwa nebundo rakasvibira.
ID_CUPYSP,Na esika oyo nazo mona ba nkumu bazo signe na ba buku ya leta pe tomoni eza batu misato mibali mibale na ndeko mwasi moko.
ID_CURVSX,Na elili oyo nazo mona esika bazo lakisa biso motu asimbi ndambo ya bilei ba bengi chu.
ID_CUSTOO,Mhete idzi dzakasiyana siyana uye nengetani dzekuisa muhuro. Nzezegoridhe. Dzimwe dzidiki dzimwe dzihombe. Dzimwe dzine mavara akasiyana. Dzakaiswa patafura yebhureki. Dzakawanda.
ID_CUXBJJ,"Ruoko rwemunhu rakapfeka bhuresireti nechuma dzine ruvara rwesirivha, rwepepou nerwebhuruu. Pane maruva ari kuonekwa esimbi ane ruvara rwebhuruu nerwesirivha. Pazasi pane mucheka wari kubudikira une mitsetse yeruvara rwakachena nezvitema."
ID_CVLFSK,Awa na moni eza sapato ya bana mibali.
ID_CWTEDX,Foto elakisi biso mwa zamba zamba oyo eza zamba moko ya monene mpenza pe na kati ya zamba oyo na moni mwa mwasi avandi na ye emonani aza koluka ba mwa biteni ya nzete po akende kolamba ba mwa bilei na ye.
ID_CXBMDD,Tambo iri kuonekwa yemagetsi yakagadzikwa pasi pamataira ari kukwakwamuka ane ruvara rutsvuku neruvara rwebhurawuni nemitsetse. Nechekumberi tambo yakabatanidzwa nemudziyo une ruvara ruchena.
ID_CXDLKZ,Awa nazo mona policier na ye awa alati elamba na ye ya mosala na ekotine ya mosala na moni pe bapolisie mosusu bazo kende baza ebele.
ID_CXIQEJ,Shangu inopfekwa kurutivi rwekurudyi yakagadzikwa pasi. Ine ruvara rutsvuku uye imhando yematenesi. Kumberi kwayo kuchena. Payakagadzikwa pane mavara matema nepamwe pane madodzi. Uyewo shangu yakadai inopfekwa vanhu vachiita zvemutambo kana kuti kuchitonhora. Yakanakira kuti hainetsi kufamba nayo sezvo ine chitsitsinho chipfupi.
ID_CYCTUN,Varume vari munhandare yebhora vari kuratidza kuti vari pamutambo wavo webhora. uye bhora rakatsvetwa pasi pachiratidza kuti pane mumwe ari kurikava vamwe vari kuzama kurivharira kuti risandopinda mugedhi mavo. Vose vakapfeka zvikabudura.
ID_DAOMCB,Komichi yerudzi ruchena ine mubato. Mune derere riri mumvura riri mukati makomichi iyi. Sipunu yakabatwa ikabudisa rimwe derere shoma. Mvura yederere inoshandiswa nevamwe pakumwa uye derere rinobikwa rudyisa sadza.
ID_DAXLAS,Kasi na liboso na ngana azomona eza mwasi mama ya mwasi alati ba materiele moko ondire ba bengaka tablier kasi ye mama yango alati tablier eza na lange ya bozinga asimbi mashine moko oyo mashine ya sudure.
ID_DCUADZ,Shangu dzechidzimai dzinonzi mapamudzi. Dzine zvitema uye dzine mukati muchena. Dzakanyorwa nezvichena mukati.
ID_DCXYVX,Foto oyo na moni liboso na nga eza moto ya oyo ba bengaka na monoko ya poto logo logo wana eza bato bakomi chitecture e batiment adrese telephonique awa batu ba salaka awa batongaka ba ndako nde na moni yango liboso na nga awa.
ID_DDGBXH,Motikari nhatu dzakamiswa pamberi pechivakwa uyezve dzakaiswa mukati memumvuri une denga rine ruvara rwebhuruu. uyezve chivakwa chiripo chine ruvara rwemeruni nezvitinha uye rine ruvara rwekirimu.
ID_DDOTPI,Bato mibale bafandi na kati ya ndako mwasi na mobali baza na katikati ya mafuta ya komipakola malasi mafuta ya nzoto na mafuta ya motu nyonso ya komipakola biloko ya nzoto.
ID_DECRKT,Varume navakadzi vakamira. vatatu vakachonjomara pasi. Vose vakapfeka zvakafanana. Vakapfeka zvichena kumusoro nemasiketi ejira rine mavara akasiyana anoti bhuruu namatsvuku. Varume vakaisa machira muhuro.
ID_DFEGFZ,Nzvimbo inoratidzika kuti mudhorobha. Parutivi pane misika umo muna vanhu vakawanda vari kuita mabasa avo okutengesa. Panewo munhurume mumwechete ari pachingoro chake hameno zvaari kubata bata mumabhokisi ake.
ID_DFKJAI,Ivhu rine makomba akacherwa. Makomba acho haana kunyanya kudzama. Akacherwa achiitwa tumitsetse. Makomba aya anogona kushandiswa kusimiwa zvirimwa.
ID_DFSMMS,Liboso na biso tomoni awa baolakisa biso eza maneke ba latisi ye ba liputa baolakisa motindo nini liputa oyo batongaki yango.
ID_DGRVJT,Shangu dzine ruvara rwebhuruu dzakagadzirwa nejira rejini. Dzine hiri yegireyi. Dzinopfekwa nevanhukadzi kana vanhurume. Dzakagadzikwa pamusoro pemataira ekirimu.
ID_DHVQIV,Nzvimbo iri muguta reHarare iyo ine migwagwa yakawanda mikuru ine dzimotokari dziri kufamba. Munewo vanhu vakawanda vamwe vakagara vamwewo vari kufamba vachienda vakatsaukana.
ID_DMJNOW,Shangu dzechikadzi mbiri dzakaita gogo. Dzigere panzvimbo ine mataira machena. Imwe yacho yakagara pamusoro peimwe. Dziine mabhandi akasiyana akatenderedza shangu.
ID_DNCKDJ,Liboso na ngai awa na moni mwana moko ya mobali atelemi amemi mwa eloko ya libende sima na ye na moni ba biloko moko ya salete salete na mwa ndako oyo ya kala.
ID_DNJYJQ,Ba soda ba soda batelemi balati elamba na bango ya kitoko mpenza elamba ya kisoda balati pe ba sapato ya moindo balati pe ba mikaba ezali na langi ya shokola pe na ekoti ezali na langi ya motane ba mosusu baza na ekoti ya langi ya pondu mosusu moko azali na ekoti ya langi ya moindo.
ID_DNOWAN,Awa tozali komona baza kolakisa biso elamba moko ezali monene ezali lokola kitenge moko ya monene kasi ezali kitoko eza na ba lange ya bolulu na mai ya pondu tozali komona ezali kitoko.
ID_DPCENG,Musoro momunhu muduku mune vhudzi rakatsvukuruka iro rakati nyangarara. Mumativi makagerwa kusiya vhudzi rose rapera uyewo ganda richionekera.
ID_DPORVV,Na foto oyo nali komona balakisi nga eza sani ya pembe batie yango likolo ya mesa mosani oyo na moni mbisi na moni fufu pe na moni pondu na moni na pilipili.
ID_DQKDOH,Motokari inotakura zvinhu zvinorema. Pane mavhiri ari kuoneka akakura ane ruvara rutema. Motokari yacho ine ruvara ruchena ruri kubudira kumberi. Musoro wacho hausi kunyatsa kuoneka.
ID_DQNKGM,Na elili oyo nazo mona bazo lakisa biso motu na balabala azopusa blouette esika nazo mona esika azoleka na balabala ezali na elili na mure bakomi soni labutanti.
ID_DRGIQX,Poto inobika yakabairirwa kumagetsi uye yakavharwa pamusoro payo ndeye sirivheri uye ihuru ine mubato mutema.
ID_DRMIBV,Na bilili oyo nali komona loboko ya ndeko moko asimbi kamwa bidon na kati eza mafuta ya motuka wana ba bengi yango toyota.
ID_DRQDHR,Awa nazo mona bis ezomema bato ya bis ya monene ya transport kasi kuna nazo mona nzete ya monene ezali na matiti mingi.
ID_DTAXKI,Zvishongedzo zvevanhukadzi zvakarongedzwa kuti zvitengeswe uyewo zvine ruvara rwesirivheri. Marebero azvakaita anoratidza kuti zvinokwana mumaoko kwete mumhuro uyewo zvine ruvara rwesirivheri. Zvine tubhora twakazvitenderedza tumwe tunosanganisira mavara ebhuruu. Zvakanaka uye zvinotora maziso.
ID_DTWMNJ,Hwiza inozikanwa nezita rekuti mbuya mugogoda. Hwiza iyi ine ruvara rwakachenerukira. Nechepamberi payo pane ruvara rutema. Mumasuo ayona ine ruvara rweyero yoita makumbo ari kumberi ane ruvara rweyero zvakare.
ID_DUCAYT,Bato mingi bavandi mibale na basi ba simbi mikanda bazo koma bazo landa bango nyonso makambo bazoteya bango.
ID_DVOOKJ,Na bilili oyo nali komona balakisinga awa eza kiti moko ya biro na kamwa mesa na yango kiti oyo eza na ba langi ya bozinga na mesa eza na langi ya moindo pe na moni kamwa sache na se ya langi ya bozingo.
ID_DVUHKU,Awa tozali komona ebale tozali komona ebale ekoki kozala riva congo tomoni na kati tomoni ba bwato ba bwato etelemi na kati ya mai tomoni ebale yango kuna na kati tomoni mwa ba matiti ezali na katikati ya ebale tomoni ba mwa matiti yango wana tomoni ezali ebale ezali ebale ekoki kozala congo riva.
ID_DYHFNJ,Nharaunda munogara vanhu zvinoratidza kuti ichangotanga kugara nekuti dzimwe dzimba dzichiri kuvakwa uyezve dzisati dzapera izvo zvinoita kuti vanhu vange vachiwana mabasa akaita sekuvaka.
ID_DZSHEQ,Logo ya benoît gardien azali specialiste asalaka biloko ya mabaya ya nzete bazo sala piblisite na ye po bato baya kotala ye baluka biloko asalaka ba somba yango.
ID_EALPPR,Amai vakamira vakabata mwana parutivi pavo nechekurudyi. Mwana ane hembe nezvebhuruu zvitema nezvitsvuku. Ivo vakabereka bhegi rine bhurauni. Parutivi pavo pane macheya matsvuku nemachena akagadzikirwa kireti yechingwa. Mberi kune varume vakabereka masechero uye vane makepisi vose.
ID_EAXNCQ,Bhutsu tsvuku kana kuti ine ruvara rweredhi yegumbo rekurudyi iri yechinhukadzi.
ID_EBIVAA,Motuka komema bato epai na epai etelemi pembeni ya balabala.
ID_ECOUKU,Awa na moni eza na mibali mibale oyo bafandi na mwana-mwasi moko oyo alati ba bilamba ya maputa na moni bafandi na kati ya ndako na nsima na bango na moni eza na ba biloko ya mpema ebele oyo bati na mire.
ID_ECTELE,Mudhorobha mune mugwagwa une tara. Pane vanhu vari kufamba vamwe vari kudarika mugwagwa. Panewo motokari dzirimo dzakaita semakombi nemarori nemota diki. zvekare mune midhuri yakavakwa ichienda mudenga.
ID_ECYWVS,Awa na moni eza alimentation na kati ya alimentation na moni ba milangi ya masanga ebele eza awa baoteka nde yango oyo balakisi biso awa.
ID_EDVJNY,Panze pane sofa rakagadzikwa muvhu. Sofa iri rine ruvara rwakaita rutema. Pamusoro pesofa iri pakagadzikwa makusheni ane ruvara rwakati chenerukei.
ID_EGBJZM,Awa esika nazali komona nazali komona eza lokola na zamba nazo mona ba nzete mingi ndako moko to mibale nazo mona pe ba ngomba moko milayi milayi.
ID_EHELCY,Na elilo tozo mona esika bazo lakisa biso tracteur motuka monene esungaka kobongisa nzela nazo mona esika bazo lakisa biso tracteur ezali kobongisa nzela.
ID_EIDXID,Liboso na ngai nazo mona mesa moko ya kitoko likolo na yango nazo mona ba fololo mibale.
ID_EJKPKL,Na elili oyo nazo mona bazo lakisa biso motu azopusa pusu esika nazo mona eza na mabido ebele mabido ya 20 litre eza lokola azokende koluka koluka mai.
ID_EJUKLB,Mureza wekunyika yeJapan uyo wakasungirirwa padanda resimbi mudenga. Une ruvara ruchena rwakautenderedza. Pakati pawo pane chiratidzo chedenderedzwa chine ruvara rutsvuku.
ID_EJXBUL,Esika oyo balakisi biso bato baza mingi mingi mingi mpenza batelemi baza kolanda soki baza kolanda nini toyebi te tomoni kaka batelemi tomoni batikamwa tapi moko ya langi ya bululu na se soki ba lingi basembela soki ba lingi ba sala nini toyebi te bango moko nde bayebi kasi bato yango bazali mingi tomoni ngambo kuna ezali zamba ezali na ba nzete mingi ezali na ba matiti mingi soki bazala kosambela soki bazali kosala nini toyebi te bango moko nde bayebi.
ID_ELYVBC,Matomatisi akawanda achiri mumunda asi akura zvino uye aibva akatsvukirira asvika panguva yekuti achikohwewa.
ID_EOGJIP,Vanhu vakapfeka nhumbi dzinoratidza kuti ihembe dzemutambo. Vakapfeka hembe dzine ruvara ruchena nemabhandi. Vamwe vane mabhandi matema vamwe vane mabhandi ebhurauni. Mumwe akapfeka chitema kumusoro nebhandi nekupasi kune zvichena. Vanhu ava vari kuratidza kuti vanhu vari kuita mutambo wekarati. Pane munhukadzi mumwe chete werudzi rwechivanhu nemunhukadzi mumwe chete werudzi rwechichena.
ID_EOQIYP,Vasikana vanoita zvemutambo webhora ramaoko. Vaviri vakapfeka zvakafanana vaviri vakapfekawo zvakafanana. Vaviri vekuruboshwe vakapfeka hembe dzine ruvara rwebhuruu dzakanyorwa pamberi neruvara ruchena. Koitawo vamwe vaviri vakapfeka hembe dzine ruvara rwepingi yakachenerukira kumusoro yakanyorwa neruvara rwepingi nechepamberi. Kuzasi vakapfeka zvikabudura zvine ruvara rutema.
ID_EORGOX,Ka oyo bati liboso na biso awa ka muke aza molangi ya malasi oyo ba tiaka na nzoto.
ID_EPQEMO,Na bilili oyo nali komona balakisi nga awa eza wenze na moni bazo tekisa biloko ya kolia ba tomate ba birai pe na moni ba milangi misusu kuna.
ID_EPSMXE,Furegi iri rakagadzirwa nemavara anoti kudenga kwekutanga kune ruvara rutema ruchitevedzerwa nekamutsara kane ruvara ruchena kuchiteverwa nerumwe ruvara rutsvuku runetirai enguru yebhuruu mukati pachitevera zvekare kamukaraini kana kuti kamutsara kachena kwachiteverwa zvekare neruvara rwekupedzesera runova ruvara rwegirinhi.
ID_EROPVG,Miti yemijakaranda mihombe ine tirang yakakura ine makwande ebhurauni nesitriti raiti tiri kuoneka rakanamirwa maposita. Mberi kune jurahoro nemiti yemupaini uye yemijakaranda ine maruva epepuro. Pasi pane chigubhu chakadonha nehuswa hwakaoma nejecha.
ID_ERPYFF,Mapoto ayo anoshandiswa pakubikira ane mizera yakasiyana siyana. Mamwe mahombe mamwe madiki ane mivharo yakagadzirwa negirazi uye mibato iyo yakagadzirwa zvo zvine ruvara rutsvuku.
ID_ERVOTT,Awa nali komona biloko oyo ba lambaka na moni ba birai ba carote batungulu ba pomme ba mbuma nyonso bato ba liaka mpona sante na bango.
ID_ESDDEB,Motokari huru inodanwa nezita rekuti Excaveta ine ruvara rweyero namavhiri makuru ane ruvara rutema neyero. Kumberi kwayo ine foshoro yakasungirirwako yashakara ine ruvara rwebhurawuni.
ID_ESVWGG,Awa na moni balakisi biso mwa carton moko eza na kisi na kati kasi nayebi te soki eza kisi ya bokono nini ba tiango likolo ya mesa.
ID_ETBDET,Vakomana vari munhandare inotambirwa bhora.
ID_ETCPAZ,Nzvimbo inowanikwa muguta. Ine motokari dzakanaka. Inewo zvipangwari zvinoshandiswa nevanhu vaya vanoda kushambadza. Pane migwagwa yakaiswa tara. Kumberi kuri kubudira zvivako zvakakwera mudenga.
ID_ETGYHN,Panobuda chirimwa chebarwe chatobereka hupi yebarwe isati yasvika yabudisa rebvu. namamwe mabarwe ari mumunda anoratidza kuti akahondoroka.
ID_EUGOLJ,Chitoro chinotengesa nhumbi dzechidzimai nedzechirume uye mune mukadzi arimo ari kuona zvinhu akabata bheke tsvuku nehembe dzakaiswa pazvidhori dzina maruva maruva nedzimwe dzisina maruva.
ID_EUQEQC,Elili oyo bali kolakisa biso awa tomoni ezali bongo na kati ya ndako songolo kati ya ndako yango tozo mona lokolo moko ya sapato ya ba ndeko mibali ba tiango na se.
ID_EXRHDG,Vana vechidiki vari mukati menhandare yekutambira mutambo yebhora uyezve neyekumhanya. Vamwe vasikana vamwe vakomana. vamwe vakagara pasi vamwe vakamira uyezve kudivi kune vamwewo vari kutamba vari kuka.
ID_EYKBKF,Na balabala oyo na moni motuka moko ezoleka eza na langi ya mbwe eza na bato baza na kati motu mosusu afandi na nsima alati bilamba ya bozinga na moni pe eza na motuka mosusu yango pe ezoleka na balabala na mopanzi kuna na moni eza na lopango moko ya mosaka liboso nango eza na ba nzete ebele.
ID_EZCCJG,Vanhu vari munhandare yebhora. Vakapfeka hembe dzemutambo. Pane bhora riri muchadenga. Mumwe akamira ari kuratidza kuti ane chekuita nebhora iroro kuti rakandirwa mudenga. Pane vakagara kuzvigaro. Vari kuyeva zviri kuitika munhandare nevarume vaviri mumwe ari kune rimwe divi vari kuona zviri kuitika vari kuita semarefu emutambo uyu.
ID_FALXJI,"Masofa akarongwa zvakanaka ayo ane mitefetefe inogarirwa navanhu munguva dzokutandara, kuzorora kana kuitawo zvimwe zvinhu. Ane mapiro awo ane ruvara rutsvuku nerwegireyi. Pakati pawo zvakare pane tafura."
ID_FASBOF,Na foto oyo nali komona balakisinga ba ndeko mibali baza ba joueur baza na kati ya balabala bali kosala sport pe balati bilamba ekokani nde na moni balakisi nga.
ID_FATGBJ,Logo na langi ya mosaka makomami moindo ya mwasi alati elamba ya langi ya moindo pembe rose pe langi ya lilala bongo mpe na chokola na bozinga alalisi pe suki.
ID_FBJMUD,Pamusha apa pane miti yakasiyana. Pane mujakaranda uyo une mashizha akaregedzana. Kozouya pedyo nechidziro pane miti mitatu ine mashizha akapfekana.
ID_FBVFQS,Awa pe na moni balakisi biso lisusu ba buku ebele na moni moko eza buku oyo ya bana mike bana ya kelasi ya ko desine na kati.
ID_FCQYCF,"Nzvimbo inotengeswa zvuma nemhete zvemhando yepamusoro. Zvimwe zvachona zvakarongedzwa nechepamukova kuti vanhu vaone senzira yekushambadza. Zvinhu izvo zvuma nemhete zviripo zvine ruvara rwegoridhe, ruvara rwesirivheri nemamwewo mavara."
ID_FDEPXL,Na moni eza esika ba sambelaka liboso na ngai na moni eza na ba langi misatu ya liboso eza langi ya bololo ya mibale eza langi ya pembe ya misato eza langi ya motane.
ID_FDHAJW,Munhukadzi ari kufamba padivi perodhi. Akafuratira akapfeka rokwe refu rinosvika kumakumbo rine ruvara rwebhuruu neruvara rwebhurauni. ine maoko mapfupi. Akatakura bhegi rechikadzi rine ruvara rwebhurawuni. Mumusoro akapfeka dhuku.
ID_FECWJL,Logo ya lacso ya lacoste ezalaka na langi misato eza langi ya pembe langi ya vert na langi ya mwindu na lolema ngando ya motane.
ID_FEQNNF,Awa tozali komona ndako moko ezali ya kitoko ba bengi bakomi ailave dolisie ndako yango ezali kitoko tomoni na nsima na yango tomoni mwa ngomba moko ezali na matiti ya mai ya pondu.
ID_FEXOME,Na foto oyo nali komona balakisinga awa eza bilamba ya bana basi nali komona eza na ba langi ya bozinga ya longondo pe na ba langi misusu.
ID_FFIIOR,Na elili oyo nazo mona bazo lakisa biso etaleli ya pembeni makasi pembeni makasi mpenza ya bikeli ya mokili nazo mona bazo lakisa biso ekeli ezali lokola pungupungu ezali lokola ndakisa ya pungupungu.
ID_FGBZEX,Nyama yakabikwa zvakanaka yakasangana netumwe tunhu turimo tunenge tumupunga tunoita kuti ikorere zvakanaka supu yacho. Uyewo nyama iyi kana munhu oda kudya anogona kuisawo kana sadza parutivi chingwa mamakaroni nezvimwewo zvakadaro kuti nzara yacho ibva yanyatsopera.
ID_FGIQHS,"Foto na moni balakisi awa na moni eza ndako ndako wana eza ndaku munene kuna na ya mokuse awa na moni ba fenetre mingi ming mingi ba fenetre eza ba couleur na ba veranda eza diva ba fenetre, nde na moni awa."
ID_FHZRBF,Muchina uyo uri kugadzirwa une ruvara rwebhuruu neruvara rutema neruvara ruchena. Wakanyorwa parutivi pane gwapa jena nemavara matema.
ID_FIBLOU,Shangu mbiri nhema dziri kuonekwa chikamu chepakati kumberi nekumashure kwakadzivirirwa. Mukati mutsvuku uye dzine tambo nhema. Dzine tsvina.
ID_FIVZJF,Awa pe esika na komi awa nazo mona na misu na ngai ba ndeko eza obele pancarte eza pancarte moko ya monene ya monene mpenza eza na misu na ngai pancarte oyo eza mpona piblisite ya kobunda na covid naomona awa eza ya piblisite ya kobunda mpona covid 19 eza pancarte moko monene.
ID_FJHUKW,Na bilili oyo nali komona balakisinga logo pe eza na ba langi ya pembe na moindo na kati te nali komona balakisinga na logo oyo.
ID_FKEVFH,Miti yakawanda kwazvo uye iri mupfupi inoratidza kuti yakaungana panzvimbo imwe chete ine mashizha akanyatsosvibira zvinoratidza kuti iri kuona mvura nekudya kwakakwana.
ID_FKSFHH,Shangu dzekurudyi nedzekuruboshwe. Dzine ruvara ruchena nerwebhuruu yakacheneruka. Pane kamufananidzo kenaiki kakanyorwa nezvitema. Dzine tambo chena.
ID_FKVEEO,Shangu mbiri dzakavharika dzine ruvara rutema Dzinopfekwa pazhinji nevanhurume.
ID_FLRZJY,Munhukadzi akarukwa musoro wake magodi marefu akangomira mira.
ID_FNKFXO,Chikamu chenhandare. Nechedivi rekuno kune varume vakapfeka hembe dzinopfekwa nevatambi. Umwe akagara pachigaro chake. Kumberi kune vamwe vanhuwo asi kune zvimwe zvigaro zvisina kugarwa.
ID_FOIWOL,Eloko baolakisa biso awa na moni eza sapato yango eza ya bana basi nde bati likolo ya tapi baolakisa biso awa na miso na biso.
ID_FOJOIW,Gonye huru rine mavara akasiyana siyana. Rinorarama nekudya maruva rakakora zvikuru uye rine makumbo mazhinji.
ID_FOKRFJ,Na elili oyo nazali bongo komona loboko ya moto asimbi lopete azolakisa biso lopete lopete oyo ndenge na moni eza lopete oyo ba lataka pona libala te to eloko songolo pe tomoni azali bongo na kati ya ndako.
ID_FRPCWP,Awa nazali komona bana mibali bazali kobeta eloko ba bengaka basket bazali kosaka na ba mosusu balati elamba ya mosaka na mosusu balati pe elamba ya bozinga.
ID_FRPIJN,Miti yakareba zvikuru inoonekwa ina mashizha mashoma. Inenge yave nguva yechirimo. Denga rina makore mashoma uye zuva richiripo riri kuoneka kuti indzinonguva dzamasikati.
ID_FSMBVW,Awa tozo mona bato bazo sala election soki ezali ya politique wana nayebi te nazo mona journaliste moko azali na micro na ye ya langi ya bozinga azotunisa ye ba question moto moko ndenge amonaki election wana.
ID_FTZRME,Na bilili oyo toali komona balakisi biso awa eza bato ebele bafandi pe na pembeni na bango lopango wana na moni batie ba dessin misusu.
ID_FUPBNF,Mhuka yomusango iyo ine nyanga dzakakorerera. Ina maziso makuru yoitawo nzeve dzakakura. Ine ruvara rwebhurauni muviri wese. Pamberi panewo mavara mavara machena.
ID_FUVCDX,Musoro wakarukwa vhudzi namabhureidhi marefu ane kuzasi kwaanoperera kwakatesvera akakora. Anorukwa achibva divi rokuruboshwe achienda kurudyi achidzokera kumashure nekuseri kwenzeve. Musikana wakamarukwa wakapfeka dhirezi dzvuku risina maoko.
ID_FUVYYY,Michero yakaibva yakarembera padanda remuti. Ine ruvara rweyero uye kumativi kwayo kuri girini. Paira pana mashizha yakangomira yakarembera iri yega. Michero inodyirwa nevanhu kuti ibatsire muviri kurwesana nezvirwere uye yakanaka kuti haina mafuta.
ID_FVYBJQ,Besu reshiri rakareba. Yakatorwa muiri weshiri usiri kuoneka. Rinoratidza kuti ndereshiri huru nekuti minhenga yacho yakakura. Ine ruvara rutema. Kuseri kwacho kune miti yegirinhi nemaruva.
ID_FWBYPB,Nazo mona na elili oyo esika bazo lakisa biso milangi ebele etandemi ezali lokola eza na ndako ya botekisi nazo mona ezali lokola lisaleli ya ba mama mpona kosunga poso ya bana na monoko ya lopoto ba bengi yango poudre.
ID_FXFVEC,Ba ndunda oyo eza matembela biloko ya kolamba epe kolia.
ID_FXNXBA,Shangu mbiri dzemwana mudiki dzakagadzikwa pasi pana mataira ane ruvara rwekirimu. Shangu idzi dzine ruvara ruchena uyezve dzine zvekunamisa pamusoro. Mukati madzo dzine ruvara rwebhuruu.
ID_FYISHL,Chiruva chechimuti chakachekererwa pazasi kuita denderedzwa. Pamusoro zvekare chikachekererwa kuita denderedzwa nechepamusoro. Chimuti ichi chine mashizha egirinhi ane kahuyero nemamwe ane kahubhurauni nezvimiti zvinoita kunge zvaoma zvine ruvara rwebhurauni. Chiri padivi pechivakwa chine zvidhinha zvitema.
ID_GAWUMM,Miti dzakakura nedzipfupi dzina mashizha akawanda akasvibira ane ruvara rwegirini.
ID_GCKZBD,Mukati memotikari muri kuonekwa mushina unoratidza kuti motikari iri kumhanya sei une zvitanda zvitsvuku zvakatenderera uye pakanyorwa nemavara machena.
ID_GCYPCZ,Vanhu vari kufamba mukati meguta. Padivi pavo pane motokari dzakamira dzakatevedza guta poita chingoro chinotengesegwa zvikafu zvimwiwa zvete ribhodhi.
ID_GDGYJP,Awa tozali komona ezali ndako moko ya etage kasi tomoni ndako yango ezali ya sika tomoni bauti kotongaka yango kala mingi te kasi tomoni eza na ba langi oyo ezali langi ya pembe na mwindo tozali komona na ngambu kuna tomoni shokola yango wana tozo mona ndako yango ezali kitoko na balabala moko ezali liboso na yango esika bato balekaka na esika ba motuka etelemaka tomoni ezali kitoko mingi ndako yango.
ID_GDLJUS,Awa na moni mama moko avandi na ban eza lokwa na balabala mai moko eza liboso na ye wana mango alati elamba ya ba mama katolike bakomi maria mama maria avandi na ye na balabala na ban moko aotala na ye balabala bato baoleka na bango.
ID_GESZQP,Bvudzi rokuwedzera rakarukwa pamudzimai uye rakasanganiswa pakati ndobva rareba richikwira mudenga uye rine ruvara rutema tema.
ID_GGDBGD,Sango guru rine miti ine mashizha egirini. Rinewo huswa hwakawanda hwakaoma hwebhurawuni. Pasi pane mumvuri womunhu.
ID_GGKGFR,Foto oyo elakisi biso mwa terre ya basket na kati ya terre ya basket na moni ba mobeti baza ebele me na moni mobeti moko ba sote baza na balo na ye na maboko.
ID_GGLQZP,Na bilili oyo nali komona balakisinga awa eza batu ebele ba mama pe ba mobali bafandi na moni papa moko atelemi azoloba na bango pe balati ba cache nez.
ID_GHLRHR,Komichi yegirazi ine ruvara rwegirini yakagadzikwa mundiro yegirazi ine mavara machena neebhuruu. Parutivi pane ndiro dzedhaga.
ID_GHZNHD,"Mudhorobha, iyi nzvimbo inowanika mudhorobha. Mudhorobha mune motokari dzakamira dzimwewo ndedzinofamba dzichifamba mumugwagwa une tara uye pamugwagwa apa pane marobhoti."
ID_GKEQRS,Liboso na ngai nazo mona balabala moko ya monene likolo na yango nazo mona bato ebele batelemi ba mosusu bazo tambola.
ID_GKZCUH,Vasikana vana vari mukati menhandare yekutambira mutambo webhasiketi bho uye vakapfeka nhumbi dzine ruvara rwebhuruu. Vasikana ava ndevechitema uyezve vane miviri iri pakati napakati.
ID_GKZTUQ,"Munhurume akamira uyo akabatawo bhora kuruoko rwake rworudyi. Ruoko rweruboshwe akasimudza zvigunwe zviviri mudenga. Akapfeka nhumbi ine ruvara ruchena, bhurukwa rine ruvara rutema pamwe chete neshangu nhema."
ID_GLIUNU,Vanhu vakabata madhiramu uye mabhosvo. Vakapfeka mbatya dzebhuruu vachiridza vane maheti mumusoro ebhuruu. Mireza iri padyo nevanhu vakagara.
ID_GOJFMX,Ba ndeko esika na komi awa nazo mona na miso na ngai eza obele bana mike bana mike ya na monoko ya lopoto ba bengaka bana mike baza na kati ya kelasi eza bana ya gardien ya maternel ya ecole maternel baza na kelasi na bango eza bana mitano bafandi na kiti bazo solola eya bana mike ya kelasi.
ID_GPQJUU,Shangu imwe chete yechidzimai yakavharika. Ndeye ganda uye ndeye kuruboshwe. Ndeye ruvara rwepingi. Yakagadzikwa pasi pane mataira machena nematema.
ID_GQDNFR,Awa na moni eza esika ya bisengo liboso na ngai nazo mona ba bilenge ya mibali na ya basi bango nyonso balati bilamba oyo ya langi ya pololo na pembe.
ID_GQPKUB,Elili oyo ekolakisa esika ba tandi makemba yango ya mobeso nano ya langi ya pondu.
ID_GRLGGS,Foto eza liboso na ngai na moni eza place oyo ba salaka ba mwa ba mbula ya kitoko mpenza ya mokuse no ya milai pe na moni sima yango ndako moko ya kitoko mpenza.
ID_GRNIBG,Foto eza liboso na biso na moni mwa sani moko ya kitoko mpenza eza likolo ya mesa na moni na kati ba mwa ndunda moko ya kitoko mpenza pe na mwa pilipili oyo ya langi ya ma ya pondu eza nano mobeso pe ezalaka kitoko mpenza pe epesaka mwa solo ya kitoko na kati ya bilei.
ID_GTHNLE,Awa na moni toza na kati ya lopangu moko ya monene na moni na kati eza na mwa ndako moko ya kitoko makasi oyo ba pakoli yango langi ya pembe liboso ya ndako na moni eza na ba sapatu oyo batiki libanda.
ID_GUMKQC,Oyo baza kolakisa biso ndako tomoni ndako oyo ba tongi kitoko nde baza kolakisa biso awa tomoni ezali na ba nzete kuna na kati na kajarde moko kazali libanda.
ID_GVCCGR,Na bilili oyo tozali bongo komona tozo mona ba kopo mitano batie yango esika moko soki totali malamu ba kopo yango eza na eloko moko na kati tokoyeba te soki eloko yango eza ya kolia to eza eloko nini.
ID_GVCKDT,Foto elakisi biso mwa balabala ya molai na kati ya balabala na motuka eza te moko te pe na moni ba ndako pembeni ya balabala oyo na ba mwa lampe ya publike na kati ya balabala pe eza kopela eza balabala moko kitoko mpenza.
ID_GWDPBR,Awa na moni toza na kati ya kilasi na moni bana ya kilasi nyonso awa bafandi na se moko aza liboso azokoma na molakisi na bango pe afandi pembeni na moni bango nyonso balati ba biloko na mutu.
ID_GWQLRG,Nzvimbo ine mugwagwa wevanhu vanenge vachifamba netsoka. Ine miti yakati pano neapo ine mashizha egirini. Hapana huswa hwakawanda hwatiri kunyanya kuona.
ID_GXWURJ,"Mureza une ruvara rwenhundurwa, ruchena, rutsvuku, rwebhuruu uyezve une chiratidzo chetiraiengo chiri nechekuruboshwe chine ruvara rwegirinhi."
ID_GYTAHY,Tireyi bhini nemasherefu okutsvetera zvinhu kana kuti zvinyorwa kana kuti zvishandiswa muhofisi.
ID_GZANIC,"Vanhu vari mukereke paine vakapfeka mamasiki, hembe chena nhema uye umwe ane magirazi."
ID_HBRDXA,Munhukadzi akarukwa mitsara yemadhiredhi inoenda kumativi ichibva nechepakati. Madhiredhi ake matema uye marefu zvekudarika mazamu ake.
ID_HCAQMQ,Liboso na nga awa na moni mwana mwasi oyo ba pesi coupe ye abetaka baskete.
ID_HCOKTE,Varume vatatu vakamira vakapfeka nhumbi dzeitimu kumusoro umwe kutsvuku akapfeka chitsvuku vaviri ndezvegirinhi. Kuzasi vakapfeka zvebhureki.
ID_HCWVMP,Biloko ya kolia na sani likolo ya mesa eza bongo na soso ya kokalinga ezali bongo na boudin ya kokalinga te pembeni ezali na ndunda na sani ya mwindu.
ID_HDHFPP,Ezali kati ya supermarche esika ba tekaka ba biloko ya kolia tozo mona ezali parti ba tekaka ba biscuit ba bengaka yango gouteu parfum vanille ezali ya marque ya belle france.
ID_HGBIRJ,Hakupusha chingoro chine mawasheni bhasiketi. Migomo ine ruvara rwebhuruu nerutsvuku. Munhukadzi akapfeka hembe yeyero kumusoro. Tirauzi rakasvibira. Motikari imwe ine ruvara ruchena.
ID_HGGJZI,Fulu na kati ya mai eza na basalite ebele na ba milangi ya kopal babwaki yango na mai plasi mai ezoleka matiti pe eboti na ba ndako kuna na suka fulu etondi pembeni ya mai na balabala.
ID_HGSMNI,Muchero wepopo wakaibva ndokuchitochekwa napakati kwava kubviswa makanda ndokubviswa mhodzi. Amheno zvazopakurirwa nechemukati imomo zvinenge mhodzi dzamatamba kana dzamakosho kuti zvigohwiwa zvakasangana.
ID_HGSVJW,Oyo na moni awa eza neti filtre ya air ya motuka monene neti camion nde yango oyo bazo lakisa biso awa.
ID_HGTFYG,Awa tozomoni ezali nyama ba bengi panthere nde baza kolakisa biso awa tozali komona ezali buku oyo ba bengi image stock tomoni panthere nde balakisi awa soki okuti na kati okoyeba makambo panthere esalaka.
ID_HINBMW,Elili oyo nazo mona liboso na nga na moni mesa moko ya kitoko likolo ya mesa oyo na moni mwa saani ya pembe ya kitoko pe na kati na moni mwa supu ya kitoko pe na moni ba mwa ndunda na mwa misuni pe na mwa pima ya kitoko penza.
ID_HKJBKE,Gedhi remba rine ruvara rutema. Riri kuratidza kuti riri mukati memiti neruzhowa rine ruvara ruchena. Panze pane miti yakawanda. Miti imwe ine ruvara rwegirini nemaruva inonhuwirira imwe miti haina maruva. imwe miti inonzi mashirabhu nemimwe miti yakakura uye netumaruva tudiki tumwe tusingakure zvinoenda mberi.
ID_HNLXNE,Mhete yakanaka inovaima yakanyorwa kuti Rihana iri mubhokisi rinotefetera. Kunze kwaro kune ruvara rutsvuku iyo ndeyesirivhera.
ID_HNSQWM,Mubhedha une hedhibhodhi nemasaidhibhodhi zvebhuruu zvakaisvonaka.
ID_HNTJIA,Chuma chine muchinjiko uyezve chiri kuratidza kuti chakagadzirwa nesimbi yakasimba uyezve chiri mukara yegoridhe uyezve chakagadzikwa pamusoro pechinhu chinogara zvuma chiri mukara yeredhi.
ID_HOAJII,Shangu dzechidzimai dziri pamwe chete. Shangu dzacho dzakangogadzikwa. Ishangu dziya dzisina tambo uye ishangu dzekuti munhu anogona kupfeka achida kuvhakacha. Shangu dzacho hadzidhuri kana uchida kudzitenga.
ID_HPCUNS,Ezali ba tata kasi moko afandi aza pembeni ya tata soda oyo mosusu pembeni azali kolakisa lisapi na ye boye soki bazo landa nini koyeba te eloko bazo sala balati bango nyonso bilamba ya mwindu.
ID_HQEFTR,Oyo na moni eza sandale ya mibali soki olingi opema makolo epema olataka kaka ba sandale oyo ezalaka kitoko soki moto alati yango ayokaka malamu makolo ezalaka bien nde omona bato nyonso balingaka ba sandale oyo.
ID_HQVEIS,Ndunda ya mobesu eza na sani esilisami kosalema ndunda mobesu yango eza na ba langi esangami eza na langi ya pondu langi ya motane langi ya longondo langi ya pembe.
ID_HRQBUU,"Chitoro chiri kutengesa zvuma zvinopfekwa muhuro, mhete dzinopfekwa munzeve, maringi anopfekwa muzvigunwe uye mabhenguru anopfekwa mumaoko. Izvi zvinhu zvakagadzirwa nemhando yezvinhu zvakasiyana siyana."
ID_HRTYFL,Murume akamira padivi pejuraho remapanera akajoinedzwa joinedzwa. Pane miti yemijakaranda ine mashizha nemaruva epepuru. Akamira murume padivi akatarisana nematombo padivi pemugwagwa wetara. Akapfeka mutirauzi mutema nehembe yebhuruu kumusoro.
ID_HUPTLA,Bandiko remuriwo wekabichi rakabatwa muruoko. Rakaratidzirwa richina mashizha akasvibirira uyewo rinoratidza kuti richakanaka rakamirira kubikwa.
ID_HUUNAY,Na balabala mama moko azoleka amemi mwana na mokongo asimbi sac me na maboko tante moko eza wana place ya koteka baimite na mobali moko atelemi likolo ya moto na ye kotosima amemi ba kese ya sucre.
ID_HVDLMN,Muti webhurauni une makwande emutanda muhombe. Pasi pawo pane mumvuri wawo nesora rakaoma rekake uye jecha dzvuku. Necheparutivi pane mugwagwa wetara. mberi kune jurahoro ine mapanero. Mukati mayo mune muti wemujakaranda une maruva epepuro neimwe yemapaini.
ID_HVVTQF,Eawa na moni toza likolo ya ngomba moko ya monene na moni eza na mwana mwasi moko oyo azoleka na nzela moko na kati ya zamba wana na moni pe pembeni na ye eza na ba mwa matiti ebele.
ID_HXGURG,Awa na moni toza na kati ya ndako moko ya monene na moni eza na ba tata ebele oyo bafandi liboso na bango eza pe na ba tata misusu oyo bafandi bazo solola.
ID_HXTVSU,Bili oyo ezali komonisa biso buku tozo mona eza na ba dessin ya bana moke.
ID_HXUZOB,Esika bakondaka bato esi ekomi na zamba matiti ebele eboti eza ya mobeso eza na bakasa eza na langi ya pondo eza na mikasa moko lipeka peka etelemi kasa yango eza ya mobeso eza na langi ya mayi ya pondo lipekapeka yango eza na langi ya chokola eza na bakasa mosusu ya kokauka eza na langi ya chokola na langi ya mbwe.
ID_HYHDGB,Awa na moni balakisi biso kamwa étagere moko ya kitoko na moni ba silisi kobongisa yango ba pakoli yango langi ya pembe na moni eza ba étagere oyo ba tiaka na ba ndako esika oyo ba bongisaka suki.
ID_HYKBKK,Awa na moni balakisi ngai bana basi eza bana basi mitano bazo sala biloko ya miniserie eza neti bazo tanga bazo tanga ba biloko ya miniserie na ya couture eza bana basi bazo tanga biloko ya menuserie na couture na kopakola ba langi.
ID_HYKQPA,"Chimushini chakatsvetwa pasi paivhu. Chine ruvara rutsvuku, rutema, ruchena. Chine mavhiri marefu neanotenderera. Chine mibato mitema negirazi chepamusoro."
ID_HZNFNO,Mwana mobali oyo kitoko ye wana aza pembe kasi ba kangi ye suki ya kitoko aza na suki ya milai ye aza na nzoto ya pembe kasi alati neti kazaka ya mwindu kasi suki na ye pe eza na langi ya chokola pe neti mosaka.
ID_HZRRCJ,Oyo tozali bazali kolakisa biso motu ya mwana mobali elenge mobali oyo ba silisi kokata ye suki tomoni ba kati kitoko modelo ba kati suki na ye ezali kitoko kasi tomoni suki na ye ezali ya mwindo kasi ezali kitoko kitoko na ndenge basali yango.
ID_IABFQG,Bana basi misato bazo beta bale ya voleboll ba oyo ya ngambo oyo balati pembe pembe ba oyo ya kuna balati mosaka bazo beta bale yango na mabele.
ID_IAQVWH,Ba soda batelemi na ba polisi ba soda bazali ba mikonzi balati bapete ebele na lipeka mosusu aza polisi atelemi pembeni na bango bazali pe na ba misusu na nsima bilongi na bango ezomonana se.
ID_IAZYFG,Na photo ndenge nazali komona eza photo ba kangi photo place badesinaki batu misatu na moni eza ba ndeko misatu ya mibali moko akangi moninga na ye na lokolo oyo ba kangi ye na lokolo pe tomoni na loketo na ye ba kangi ye singa bazali kobenda.
ID_IBOQSR,Muchero unowanikwa mumunda nguva yekunaya. Muchero uyu unokura zvisingaite unonzi nwiwa. Nwiwa iri rine ruvara rwegirini kunze. Mukati maro rine ruvara rutsvuku nemhodzi dzichena nedzimwe dzakanoita dzitema.
ID_IFDPXA,Na elili oyo nazo mona esika bazo lakisa biso armoi esalemi na ndenge na yango moko ekeseni na misusu esalemi na libaya ya elengi ya bien na malafia ezali na etaleli ya elengi ya kosepelisa miso esika bazo lakisa biso elengi na yango.
ID_IGVBWB,Imba inoratidza kuti yakavakwa kare. Ikaiswa marata uyewo ine mudhuri wesemende Hainawo kuzoiswa ruvara.
ID_IHETUB,Awa eza na kati ya kompani basalaya biloko ya mabende ba mashine oyo egumbaka mabende esala mambo ebele ya kompani basalaya biloko ya mabende ba biloko ya kosala ba bato ba fungola ba biloko ba sala mambo ebele kaka eza ya biloko ya societe.
ID_IIDVMA,Ba ngomba moko ya minene minene ba ngomba ango eza na ba nzete ebele na ba matiti ebele na katikati ya ba ngomba ngo eza na mwa mai oyo eleki likolo ya mai wana ba tongi po moko ya monene makasi eza na ba mituka oyo ezoleka likolo ya po wana.
ID_IILLRK,Esika oyo batandeli biso pilipili euti na bilanga eza mofudin eza na ba langi ebele toza na langi ya motane toza na pilipili ya langa pondu toza na pilipili ya langa lilala toza pe na pilipili ya langi ya mosaka.
ID_IIOLEC,Poto ine ruvara rwesirivha rine goridhe iine mubato. Yakavharwa nemuvharo une ruvara rwesirivha nemubato wegoridhewo zvakare.
ID_IJLJDF,Elenge ya mobali azotambola azokende wapi elenge ya mobali .
ID_IJZINK,Na katikati ya balabala ya monene ba ndako ya milai eza mingi eza bana balilisi ya kitoko na se nango mituka eza mingi etelemi ya mwindu ya langi ya mbwe bato batelemi na balabala yango ba nzete pe ezali nyonso eza esika moko.
ID_ILSQAM,Mapepa anoshandiswa navarairidzi nevana vechikoro. Anoshandiswa kuita zvakasiyana siyana. Pana manira anoshandisa kunyorerwa zvimwe zvinhu kana kuisa kumadziro.
ID_ILZBDG,Lipaboul batie na kati maki ya kokalinga na musuni pembeni na yango frite ezali pe eza na ndunda mobeso na pembeni na yango.
ID_IMABFP,Motokari chena yakamira. Kumashure kwayo kune rori iri kutevera iri kufamba. Kumashure kwerori kune imwe motokari diki nhema iri kutevera. Kurutivi rweruboshwe rwerori kune mota tsvuku iriko zvakare.
ID_IMDKXQ,"Tafura dzinoshandiswa mumahofisi kugara, chigadzirwa kana chivezwa. Ichena ine maraini anochinjika machena nematema akaenzana mberi nechitema pakati chinotaridza kuti pakati payo. Ine cheya chena ina maoko matema. Kudivi kune kabati ina madhirowa."
ID_IMGJFD,Awa tozali kotala batu ba bilenge mibali oyo bazali ba konzi tomoni balati kitoko balati ba kazaka ya kitoko toloki balati ba cravate tomoni balati na ba chemise na kati tomoni bazali kosala eloko ba bengi masano tomoni bavandi na ba kiti bango nyonso bazali kokoma bazali batu ya politiki.
ID_IMQQQV,Foto eza liboso na biso na moni mwana mwasi ya kitoko pe ya pembe mwana mwasi oyo aza na ba suki moko ya kitoko mpenza azolakisa biso ndenge ba kangaki ye suki na ye ya kitoko.
ID_INGTEI,Awa na moni balakisi biso tata moko oyo azoleka liboso ya ndako na moni tata yango alati kitoko makasi pembeni na moni eza na mwa ndako moko oyo ba pakoli yango langi ya pembe.
ID_INJFRV,Ishangu mbiri dzemativi ose emakumbo. Dzine ruvara rutema dzakatsvetwa pasi. Dzose dziine tambo dzokusungisa dzakakochekerwa pamusoro padzo.
ID_INNLQH,Na elili oyo tozali komona museleke te azali kotambola na matiti ya langi ya pondu donke oyo ezali museleke te.
ID_IODZNG,"Vanhu vakawanda vari kufamba mumugwagwa. Vamwe vari kufamba vakatakura zvinhu zvavari kutengesa. Kumativi kwemugwagwa kune misika yakarongwa iri kutengesa muriwo, matimati nehanyanisi."
ID_IOLJWF,Nzvimbo ine miti huswa namazitombo. Pane mazitombo ane ruvara rutema neruvara ruchena. Koita miti ine mashizha ane ruvara rwegirini. Huswa huripo hune ruvara rwakachenerukira.
ID_IOSAJP,"Mureza unomiririra imwe nyika rwakagadzirwa namavara akasiyana anosanganisira matema, yero, ruvara ruchena, rutsvuku neruvara rwakafanana nedenga risina makore rwakasvibiruka pakati pawo."
ID_IQDIMJ,Na bilili oyo nali komona balakisi nga awa eza na kati ya ndako wana ba melaka masanga na moni ndeko mobali moko ya monene atelemi pe asimbi telefone na ye na moni mama moko alati bilamba ya mikuse.
ID_IQYLWJ,Buku ya kelasi.
ID_IRJYBB,Elili oyo ezali kolakisa biso bilei kitoko biso ba kongole toliaka ezali fumbwa oyo ezali fumbwa batie na kati mwamba na pilipili pembeni donk ezali bilei kitoko ba bengi fumbwa.
ID_ISKCCH,Vanhu vari pakati penhandare vanova vana. Vatatu vakapfeka mbatya dzine girini uye tema. Umwe wakapfeka mbatya dzeyero. Vari pedyo nemudhuri pakanyorwa kuti Zim Cyber City.
ID_ISOCJR,Eoa a ma man.
ID_ISSMME,Awa na moni eza esika basambelaka liboso na ngai nazo mona mesa likolo ya mesa nazo mona chapele moko ya molai ya kitoko mingi.
ID_ITMCTW,Maruva ari kuratidza kusvava uyezve mamwe akatumbuka asezvatumbukwa zvacho zvasvava zvaoma. Pana mashizha akaoma ane ruvara rwebhurauni mamwe ave neruvara ruchena. Aratidza kuti ari kudonha kubva pamashizha eruva iri.
ID_IUIMQR,Na bilili oyo nali komona awa eza ba mbuma ya kolia nde nali komona eza na ba langi ya pondu pe eza ebele.
ID_IVGGPA,Imba yakavakwa yakaita dendenedzwa ikapfurirwa neuswa. Dzimba idzi dzinowanzokuwanikwa kumusha dziri dzimba dzekubikira. Pamusuwo pacho pane munhu akamira. Nechekune rumwe rutivi rwemba iyi kuri kubuda motikari diki yakamira.
ID_IVNORQ,Michero yakasiyana siyana yakachekwa ikaiswa mubhodhoro mune mvura inodzivirira kuora kwawo kuti igozodyiwa munguva ichatevera.
ID_IVVGIB,Awa na moni eza na bato ebele oyo batelemi esika moko na kati ya ndako eliboso na bango eza na mwa mesa ya monene na ordinatere eza na mesa na mwa kopo ya komela mai.
ID_IWEWTQ,Logo ya pembe pe makomi na yango eza na langi ya bozenga basalela yango mingi na kati ya ba societe na ba entreprise.
ID_IXDKJW,"Mucheka une ruvara rutema, ruchena nerutsvuku. Unogona kushandiswa iwo kumiririra nyika."
ID_IYXUVC,Maruva akasiyana siyana uyezve nemurume akabata hwahwa hwake uyezve akapfeka nhumbi yebhuruu nejinhi ruva repepuri.
ID_IZARIE,Mureza wenyika inonzi Dominica. Mureza uyu une zvikamuzvina zvine ruvara rwegirinhi uyezve yoita mitsara ine mivara yeyero mitema nemichena. Pakati payo ine denderedzwa ritsvuku rine nyeredzi dziri mukati dzine ruvara rwegirini neshiri.
ID_JADHES,Ndiro ine zvokudya zvinosanganisira mupunga uye nyama yemombe yakatsvukira. Parutivi pane imwe ndiro yegomba.
ID_JBDFJJ,Awa pe eza lokola eza na balabala nazo mona motuka moko lokola zei ezali koleka nazo mona pe na pancarte moko ya emtien.
ID_JCDLVE,Awa tozali komona bazali kolakisa biso ndako moko ya etage ezali na langi oyo ezali ya mosaka na pembe kasi tomoni ekoki na yango oyo ba bengi portail ezali ya mwindo kasi na cloture ezali ya pembe tomoni na ba fololo ezali pembeni na yango.
ID_JCQMTM,Dzimba idzi dzine marata matsvuku. Dzimba idzi dzakachengeterwa nemudhuri. Mudhuri iyi ndeye kirimu. Kumberi kwedzimba kune gunga.
ID_JCUBGG,Na elili oyo nazo mona bazo lakisa biso etaleli ya libanda esika bazo lakisa biso fololo na kati ya ekolo esalema na nsima.
ID_JCXYBZ,Mukomana akapfeka hembe chena nemudhebhe webhuruu neshangu chena akabata bepa dema ari kufamba achienda nekune mvura. Akafuratira chivakwa chine ruvara rwebhuruu. nemukomana akamira akapfeka tisheti ine ruvara rwebhuruu ine maoko mapfupi. Pane munhu akagara pasi ane hembe ine ruvara rutsvuku.
ID_JDBNBJ,"Musikana wakamira. Kumusoro wakapfeka hembe ina mavara akarerekera kuruvara rwechisoja. Ina mavara matema, mavara akarerekera kugirinhi namavara machena. Kuzasi wakapfeka mutirauzi wakabharuka mumabvi. Mutirauzi uyu une ruvara rutema. Kumakumbo wakapfeka shangu mapatapata ane ruvara rutema nechepamusoro necheparutivi une kasimbi kane ruvara rwesirivheri."
ID_JDMXJQ,Mapundo akamera akawanda chaizvo anoratidza kuti ndeeruvara rwebumhudza uye ndeerudzi rumwe chete. Panoonekera sekuti pane panga pachisakurwa pachibviswa mapundo iwaya asi kuti achakawanda ari pasati abviswa.
ID_JEKZXG,Awa na moni balakisi biso ba saani oyo ba bombaka biloko na kati na mesa.
ID_JFEGKS,Murume mutsvuku ari pambozhanhare yake. Akapfeka chikabudura chitema uye shangu dzerudzi rwematenesi dzisina mushinda. Murume uyu ari kufamba mumugwagwa achipesana nemota chena.
ID_JFHUZS,Pine mibale ya motuka etoboki.
ID_JGYBLF,Mapushi erudzi rwepfumbu maviri rimwe rakatsika rimwe erudzi rwepfuma. Ari kuratidza kusakara asi akachena zvawo. Akagara pasi perudzi rwepfumbu nemitsetse mitema.
ID_JHGCDD,Nzvimbo ina maruva akawanda ana mashizha akasvibirira. Muri kubudikira munhurume mumwe chete akapfeka hembe yebhuruu nemudhebhe wakasvibirira. akabatawo ngowani nerumwe ruoko rwake ine ruvara rwakasvibirira.
ID_JHHVQW,Musasa wekutengesera wakapfurirwa nemapurasitiki matema uri parutivi pemugwagwa wetara. Mumugwagwa mune munhu ari kufamba uye pane tambo dzemagetsi dziri kufamba dzichitevera mugwagwa.
ID_JIMMLA,Ewa na moni ba tata mikolo ya mindele bafandi esika moko bazo solola.
ID_JIWBNE,"Awa na moni eza ba sapato ya basi ba sapato mingi eza kitoko penza na moni eza na ba langi mingi, ba langi ya mosaka pe ba langi ya moyindo nde na moni yango."
ID_JKLYVJ,Zvishongo zvemumaoko zvakasungirirwa pamucheka. Pane wachi yakakura ine pamusoro pegoridhe. Yakashongedzwa mukati nechinhu chinenge rize nechimwewo chiri kurutivi rwerudyi. Ine bhandi rebhurauni. Poita chimwe chishongedzo chitema chine pamwe pegoridhe. Zvishongedzo zvakanaka nekuti zvinowedzera vadzimai kunaka. Uyewo zvinoenderana ne bhutsu kana mabhegi avanenge vakapakatira.
ID_JKWHQU,"Vanhu vari kufamba mupevhumendi uye jurahoro, miti dzakareba. Mashizha emujakaranda akadonhera pasi zvigubhu zvakadonhera zvakare pasi. Mopu."
ID_JLJRGG,Panzvimbo pane mishina inoshandiswa kugadzira migwagwa ine ruvara rweyero. Pane dzimba dzakapfirirwa nematenga matsvuku uye nzvimbo iyi yakakomberedzwa nemudhuri wakavakwa zvakasimba.
ID_JNBDOP,Sango rine sora rakaoma nemiti yakasvibira ine mashizha egirini. Rakakomberedzewa ne waya ine mapouro esimbi machena uye miti midiki.
ID_JODRQI,Bendele bendele yango ezali bendele eza na langi boye ya bozinga eza pe na langi ya motane kasi yango bendele oyo ezali bendele ya mboka oyo nayebi te.
ID_JPKLRV,Esika nazali komona awa nazo mona eza balabala bato ebele bazali koleka na balabala yango mpe nazo mona eza lokola balabala yango epanzana nazo mona basalite nazo mona ba nzete kweyi nazo mona balabala yango ekoki koloba te eza nzela moko mwa mawa mpenza.
ID_JRCNAR,Musoro wemunhukadzi wakarukwa uchishandiswa vhudzi rake rokuzvarwa naro rine ruvara rutema rareba zvokurembera kugotsi. Akarukwa achivhurwa mitsara mitsara ichirukwa kubva kuhuma ichidzokera kumashure ichindosiwa yakarembera.
ID_JRCNKZ,"Awa na moni eza drapeau drapeau wana eza na trois couleur, couleur moko eza ya pembe na mosusu eza ya bleu na mosusu eza ya vert nde nazo mona eza drapeau ya pembe."
ID_JSLETR,Nzvimbo ina matombo tombo nemiti. Miti iripo inoratidza kuti haina mashizha angori matanda akamira ane ruvara rwakachenerukira. Koita mazitombo akazara ane ruvara rutema neruvara rwakachenerukira.
ID_JTAVKT,Bato ebele bazali esika matanga ezali sanduku ya moto akufi ezali wana liboso moto moko azoyemba asimbi mikro na maboko oyo ematisaka mongongo ya moto.
ID_JTZFPP,Awa tozo mona ezali loboko loboko yango ezomonaa neti eza loboko ya mwasi pe mwasi yango aza mwasi ya libala mpona lisapine ya mibale alati lopeto ezolakisa ete aza mwasi ya libala.
ID_JVFLIH,Mukati memotokari inoratidza kuti itsva. Ine zvigaro zvine mavara matema neegireyi. Mune mabhandi anochengetedza vanhu kubva mujodzi. Parutivi payo pane ruva guru rine mashizha egirinhi.
ID_JVWWXY,Mhando yenyoka inonzi anakonda. Yakazvimonerera pamuti. Iri pedyo nemvura. Nyoka yacho ine madododo matema asi ine ruvara rweyero.
ID_JWAFPP,Na photo oyo nazali bongo komona loboko soki totali malamu ndenge manzaka eza milayi ezali bongo loboko ya ndeko mwasi asimbi na loboko na ye molangi ya moke pe ndenge bakomi na molangi yango ezali bongo mafuta ya basi yakomipakola na nzoto.
ID_JXEBBV,Temberi imwe chete ine mudhuri mutsvuku. Pamusoro pawo pane chikwangwani chakanyorwa chichena chine mavara matema. Pamusoro pane denga remarata.
ID_JXFHBA,Shangu yerudzi rwetenesi iri imwe chete ine ruvara rwebhuruu neruchena pamberi pacho yakasungwa netambo.
ID_JZOPGC,Musikana wakarukwa zvakanaka zvinonwisa mvura. Nechemuzasi wakarukwa madhiredhi achitinamanama nemusoro. Nechekugotsi anosvika achinoungana kuita hata. Anobva anorembera achienda kumunhu wa shure.
ID_KAXPYS,Bilili oyo nazali komona awa nazo mona ezali bongo mesa likolo ya mesa yango nazo mona ba sahani saani moko ezali bongo na mbisi ya mayi sani mosusu na moni ezali na ndunda pe sani mosusu kuna na moni pe batie mapa na kati.
ID_KCSMOL,Vanhu vari munhandare vari kutamba mutambo webhora. Panoratidza kuti pane timu mbiri yevakapfeka zveyero kumusoro nevakapfeka zvebhuruu. Akapfeka zveyero ane bhora raari kuda kuedza kuti amhanye naro kuenda kunonwisa. Asi pane mumwe akapfeka zvebhuruu ari kuedzawo kumhanya kuti amuvharidzire. Pane vakagara vari kuona zviri kuitika nechekumberi.
ID_KCUAHT,Awa na moni bolakisi biso batu oyo bazo sala sport ya vole baza bana basi balati culotte.
ID_KDCLWN,Mopu imwe chete iri pasi. Ine ruvara rutsvuku ne gireyi. Ine mubato mutema.
ID_KDXEAT,Elili oyo ekolakisa elili na kati ya bendela bilili na kati ya bendela bendela ya ba langi ya mosaka nzela ya mosaka na likolo nzela ya pembe eleki nzela ya mwindu na se pe ya mosaka na kati ezali elili ya maboko mibale ya motane esimbi maseke na bikoti ya motane pe mosaka.
ID_KGNJCZ,Musoro wemunhukadzi une vhudzi rakasungwa zvakanaka. Vhudzi iri riri kusungwa zvipundu zvipundu richibva kumberi richidzoka kumashure uye vhudzi racho rine ruvara rwebhurauni ruri kuonekwa nechekure asi pasi paro pane ruvara rutema.
ID_KHKIOB,Tsoko shanu dziri kubudikira mujinga memuti une midzi yakabudikira yakakura zvikuru. Shoko idzi dzine ruvara rutema neruchena kumeso kwadzo nekumusana. Dziri mumahuswa egirinhi.
ID_KHNWAX,Ezali sapato ya mobali sapato yango eza na se yango kasi yango sapato yango eza na langi ya pembe eza pe na langi boye eza neti ya sika kasi sapato yango eza na nosika.
ID_KITUNQ,Motokari iri kufamba iri mumugwagwa mukuru uyezve yadarika nepane bhiriji rihombesa rine marambi akawanda machena neepepuru.
ID_KJKKHS,Awa na moni bato ebele batelemi na ndako pembeni ya motuka nayebi te bato sala nini.
ID_KJPMTZ,Awa tozali komona ezali esika oyo mabele ekweyi ebukani esika oyo ba benga erosion tomoni bato mingi bazali wana bazali kotala ndenge nini mabele ebukanaki bazali kokamwa bazali kokamwa mingi.
ID_KJVWAL,Uyu mudziyo uyu tinoushandisa kutesita zvinhu zvedu zvese zvemagetsi tinouyezve uri mukara yeredhi uyezve una manhamba aripo pauri mudziyo uyu.
ID_KMVRGB,Rusero rudiki runa makotopeya mana namabhanana erudzi rwemadiki nepaine apuro yakasiiwa chekumuromo chisina kubviswa. Zvakarongedzwa zvakanaka. Zviri patafura repuranga zvinoratidza kuti zvinhu izvi zvichiri fureshi kunze kwemabhanana aakuratidza kuda kusvava nekutsva pane mamwe mativi.
ID_KNAKMY,"Mafirijongo chikafu chakabikwa nemutoo unoshamisa uye unouye murika chinoti nyama, magirini, mambatatisi nezvimwe zvakawanda wanda zvakasanganiswa ipapo kudya namambo."
ID_KNYOLJ,Ezali alimentation kote ba tekisaka ba biloko ya kolia.
ID_KPHGHG,Bele ezali na langi misato langi na likolo ezali na langi ya mosaka na katikati ezali na langi ya pondu na se ezali na langi ya motane katikati ezali na minzoto moko ezali ya langi ya pembe.
ID_KQDYTS,Mudzimai ari kufamba mumugwagwa. Wakapfeka hembe ine maoko marefu. Hembe yake ine ruvara rweyero neruvara ruchena neruvara rutema. Mumaoko akapendekera bhegi rine ruvara rutema. Mumusoro ane dhugu rine ruvara rutema zvakare.
ID_KQOSNA,Batanaimo inzvimbo ine zvitoro zvakawanda zviri mairi. Chimwe chezvitoro chiripo itivisels. Pane motokari mbiri chena nenhema dzakamira pamberi pechivakwa ichi.
ID_KQOZUQ,Awa na moni eza na ba ndako oyo eza pembeni ya balabala na moni na balabala eza na ba mituka oyo etelemi na moni pe awa liboso ya ba ndako eza na ba mwa mandalala moko ya kitoko.
ID_KQXUZF,Madzimai amwe ari kufamba vamwe vakagara pamusika vachitengesa jinja nezvimwe zvakasiyana izvo zvinoita kuti vawane mari vakwanise kuchengeta mhuri dzavo.
ID_KRJRRI,Munhu akabata banga neruoko rwake rworudyi rweruboshwe rwakabata domatisi rwakaritsigira kuti risadonha achiri cheka cheka neruoko rwake rworudyi. Zvichizvi tifungidzire kuti pane zvaari kubika uye ari muimba yekubikira.
ID_KTMEGI,Na moni awa eza na stade ya baskete na moni bana mibali bazo beta baskete.
ID_KTXNJJ,A na ngai nazo mona ndako moko ya matiti na kati na yango nazo mona bato ba fukami bazo sambela.
ID_KTZGRZ,Nzvimbo inodzidza vanhu nezvekuchaira motikari. Pane madhiramu aripo akarongwa uye pane mota chena iri kuratidza kuti ine munhu mukati. Madhiramu aya anoshandiswa kuti vanhu vadzidze kupinda pakamanikana vasingakwesherani nevamwe. uyewo pane imwe mota nhema inotori pakati pemadhiramu. chena iri kuratidza kuti yabuda mumadhiramu.
ID_KUAFOJ,Miti ine mapazi akawanda uye mashizha egirinhi. Pasi pane zvidhinha zvakakomberedza majecha machena akaunganidzwa okuvakisa.
ID_KVBDQL,Mwana mudiki wakabata sumburena yebhuruu kunze mukati ine ruvara rwesirivheri. Mumakumbo mwana uyu wakapfeka mapushi eruvara rwenhundurwa. Nechekumusoro wakapfeka hembe ine mavara mavara. Une chikabudura chebhuruu.
ID_KVDOAK,Na bilili oyo tozali bongo komona photo ya libota libota tozo mona ndeko ya mwasi ya mokolo oyo akoki kozala mama na bango asimbi mwana moko ya mwasi pe pembeni na ye tozo mona mwana moko ya mobali ya muke.
ID_KVEFCF,Liboso na nga awa na moni ba zwi kamwa insecte nde baolakisa biso awa batika yango likolo ya tapi po tomonaka yango malamu.
ID_KVLQAJ,Liboso na ngai nazo mona eloko moko ya kitoko mingi likolo na yango na moni bakomi na monoko ya lopoto becon papaya.
ID_KWGXEV,Masofa akagadzirwa namatanda. Ane matanda ane ruvara rutema neruvara rwakachenerukira. Nechepamusoro pawo ane ruvara ruchena. Masofa aya anoratidza kuti akanaka uye anoyevedza kuona akagadzirwa zvine unyanzvi.
ID_KWONMZ,Awa na moni eza na ba tata ebele oyo batelemi esika moko na kati ya kilasi na moni liboso na bango eza na mwa mesa oyo eza na ba buku na mwa molangi ya mai likolo na moni ba tata yango balati ndenge moko eza neti baza bazuzi na mwana mobali moko oyo atelemi katikati na bango.
ID_KXHRFU,Na foto oyo na moni balakisi nga awa eza ba joueur batelemi na kati ya terrain bali ko kanga bango foto pe balati bilamba ekokani me oyo ya liboso teko oyo alati bilamba ya langi ya mosaka.
ID_KXUYAU,Mugwagwa usina tara uri mudhorobha. Mugwagwa uyu wakanangana nechitoro chinonzi Farm City. Kunze kwechitoro ichi kwakapakwa motokari zhinji dzine ruvara rwakasiyana.
ID_KXVLRC,Na elili oyo nazo mona esika bazo lakisa biso motuka motuka eza na langi ya mobeso ba fongoli na nsima esika nazo mona ezali na masaki ya kitungulu mibale.
ID_KYQFZI,Ba carton ya bakaier ya ba farde balate ba bic ya koteka mpona bana ya kelasi.
ID_KYRBIL,Foto o elakisi biso na kati ya ndako moko ndako oyo eza ya kitoko mpenza pe eza ya pembe na ndako oyo na moni mwana mwasi ya moke avandi likolo ya mesa pe pembeni yango asimbi mwa televizio moko ya monene.
ID_KYSXGP,Ndako oyo ezali na porte ya moindo pe mwana moko atelemi liboso ya lopango oyo na kati ya ndako wana likolo bakomi makomi ezali na langi ya mayi ya pondu.
ID_KZHIEW,Muti uri mudondo pane mauswa nerukato. une hunde mbiri zasi wakabatana kumusoro une mhanda dzakawanda wakatemwa mumatavi kukasara matete. Kuruboshwe padavi rakatemwa pane gomarara rakamera rine ruva dzvuku.
ID_KZOKGB,Awa nazali komona biloko oyo ba salelaka na bilanga ba bengaka yango kongo pe kuna na liboso na moni mwa bilanga ba loni biloko lokola ba chu eza komonana kuna liboso.
ID_KZSWED,Chikoro chakakura zvikuru chine makirasi romo akawanda zvikuru uye chakavakwa chine ruvara rweyero uyezve midhuri yayo yakarongwa iri nemutsetse uyezve chikoro ichi chakapoteredzwa ne waya.
ID_LBCZYP,Awa eza kiti nazo mona esika ya batuko nini ya kya kolekisa ngonga ntango ba silisi nzomi oya bofandi omeli eza na ba kiti ba bongisi eza ba kiti oyo basali yango ya mabaya eza na langi ya chokola.
ID_LBHOTH,Nzvimbo ine zvitsvina pane vanhu vakamira nevamwe vakagara. Pane mumwe akazembera chingoro chakabheurwa. Pari pane rori iripo ine ruvara ruchena nekamusara katema padivi kakanyorwa nemavara machena.
ID_LBNNVO,Elili oyo nazali komona awa nazali komona ba kiti ya kitoko oyo batu balingaka mingi kotia na sima ndako to esika batu basololaka libanda tomoni pe esika yango ba kiti ezali ebele.
ID_LBOBOR,Mai eza pene pene ya zamba na kati ya mai eza na ba nzete na matiti ba nzete yango eza na kasa eza na langi ya pondu matiti yango pe eza na bakasa eza na langi ya pondu matiti moko eza ya ko kauka matiti mosusu eza ya mobeso na loboko ya mwasi ya mai oyo eza na zamba.
ID_LBPCDU,Murume akazembera pasimbi ine ruvara rweyero. Akapfeka hembe tema netarauzi rejini. Pamberi pake pane murume akagara akaisa masiki pamuromo akabata mari muruoko rwerudyi. ruoko rweruboshwe rune wachi uye ari kutengesa mamasiki.
ID_LBUPDF,Ba ndeko esika tokomi awa naomona baolakisanga na misu na ngai eza esika oyo ba tekisaka ba biloko ebengami na monoko ya lingala bambabola naomona awa eza bambola oyo ba bongisaka yango na bamanzanza.
ID_LCANJA,Buku ya bana-kelasi ya mitano ezolakisa bango kotanga pe kokoma.
ID_LCIVIO,Loboko ya motu esimbi karto ya kisi karto ya kisi yango eza na langi ya bozinga na makomi eza na langi ya mwindo na mosaka na motane na moni bakomi na kisi yango diclofenac eza kisi ya komela mpona koswagne ba maladi.
ID_LCVUBW,Na bilili oyo twali komona awa balabala amoni ndeko moko azotambola na balabala oyo amoni ba mituka na moni ba nzete ya molai na moni pe ba ndako moko ya molai ya kitoko.
ID_LDWRZZ,Mukati mechitoro mune zvigubhu zvemizera yakasiyana zvakadurikidzana zvezvinwiwa zvakasiyana siyana. Parutivi pane munhurume mumwe chete akamira akazembera pachidziro.
ID_LEPTJM,Bilenge mibali bazo sakana bale ya match na kati ya stade bato ebele bafandi na stade bazo tala bango.
ID_LFETUG,Na moni na kati ya ndako moko boye mwa mesa eza na ba mwa biloko likolo na yango na moni ba mwa beteni peteni ya ba mwa mbala oy ya sokali na kati ya sani ya monene pe na moni bapondu na ba sani ya monene pe na ba mwa biloko oyo ebele ya kolia monani baza kozela batu ba ya kolia pe eza mwa eyenga moko boye.
ID_LFOMIT,Muguta reHarare. munhurume ari kufamba akaisa maoko muhomwe aine kepesi uye masiki. Motikari ichena. Motokari dziri kufamba mumugwagwa. Denga rine makore.
ID_LFZTDM,Bilili oyo bazali kolakisa biso awa ezali bongo na se ya mayi ba kamataki poto oyo na se ya mayi pe na se ya mayi yango tozali komona nkoba nkoba awa zali nkoba ya mayi eza nkoba ya zamba te.
ID_LHDEEV,Nhundurwa dzine mavara ezerere netuchena hadzina kuibva. Dzimwe dzacho dzakachekwa kuitwa madenderedzwa matatu.
ID_LIEJMC,Hembe yechikadzi yakareba ine ruvara rutema nezvinohwinya zveruvara rwakasiyana siyana. Iri kutengeswa muchitoro nedzimwe hembe dzakananikwa. Pane mabhegi akananikwa nevhiri remota riri kuoneka kushure.
ID_LIOGPY,Ba mapapa ya sika oyo ya bana basi na moni eza na ba langi ekeseni na moni eza oyo eza na langi ya mosaka mosusu eza na langi ya pembe mosusu eza na langi ya moindo na mosusu pe eza na langi ya chokola eza esika oyo bazo tekisa yango.
ID_LLASDQ,Nzvimbo ine vanhu vakasiyana siyana vari kufamba. Vamwe vakapfeka hembe dzine ruvara ruchena kwoitawo vamwe vakapfeka hembe dzine ruvara rutsvuku. Nechekurutivi kunoratidza kuti kune zvitoro.
ID_LLFEAD,Tsuro dzakati wandei dziri muchirugu chakagadzirwa nemapuranga uye ne fenzi. Muchirugu umu mune mauswa pasi kuitira kuti tsuro dzigarepo uye dzisabaiwa nematanda iri pasi.
ID_LMSRXP,Ako na biso oyo ezomonana ke eza kote ya libanda na mona tene parabolique pela yango pe eza ya kokauka salon dire bato baza te bana bakendeki classe.
ID_LNPWHH,Kola mecaniBilenge mibali baza koyekola mecanique.
ID_LNYEZX,Shangu imwe yekuruboshwe wana mudiki yakavhara mberi nekumashure uye inoratidza kuti inopfekwa nguva dzechando nekuti inodziya.
ID_LPEIYY,Mwanasikana wechidiki akapfeka rokwe rake refu neshangu dzake mbiri uye akamira padhuze nechigaro.
ID_LRTXFY,Kambuyu katema kari kudya mashizha egirini. Kane makumbo mana ari kuoneka.
ID_LSWZUO,Mukomana ari mugiraundi rekutambira nhabvu. Akapfeka jezi repingi nemasokisi matsvuku neshangu dzekutambisa nhabvu dzebhureki dzine mitsara michena.
ID_LTFSXS,Ba desine mobali alati lineti bakomi ka fc eza logo.
ID_LTOEWY,Oyo eza lokolo ya sapato ya mwana mwasi batie yango na mabele ezali sapato ya kitoko mpenza ezali batie yango na mabele na kati na yango ezali bululu na likolo eza na malangi ebele mwa ba biloko bati na likolo ya motane ya pembe ya moindo eza likolo ya sapatu ya mwana mwasi eza mpenza kitoko kitoko kitoko mingi.
ID_LUJEWA,Na moni ezali mafuta ya kopakola baza koteka ngo eza ba mafuta modele mingi ezali wana kati kote ba tekaka ba mafuta.
ID_LVPXZS,Wachi yechikadzi yegoldh. Kachinji kachunha inowanzopiwa munhu seegifti kana kuti present kana kuti sechipu iri wachi yegold yechikadzi.
ID_LWTHMI,Ndiro chena yebhonzo yakagara pamucheka une ruvara gwegireyi uri patafura yedanda. Mundiro mune sadza jena uye mune muriwo une matomatisi nehanyanisi.
ID_LYKQXB,Ba joueur oyo mibale bazali na kati ya terrain balati bilamba ya kokokana pe eza na langi ya mayi ya pondu ezali pe na langi ya mosaka baza ba joueur.
ID_MACGWC,Zvivakwa zviri mukati medhorobha uye mune motokari dziri kufamba mumugwagwa. Dzimwe dzakamiswa padivi pemugwagwa. Imwe ine ruvara rutsvuku imwe ine ruvara ruchena uye imwe ine ruvara rwebhuruu.
ID_MCNTAD,Oyo ezali drapeau ya mboka.
ID_MCYHND,Panzvimbo yokutengesera pane vanhu vakawanda. Pane mai vakabereka mwana nembereko tsvuku ine mutaro mutema uye madomwe madomwe. Pane murume akabata nharembozha mumaoko akamira parutivi pemaputi.
ID_MDBXFH,Muchina unoshandiswa kusona hembe. Muchina uyu wakabatanidzwa netebhuru ine ruvara rwebhurauni. Kuzasi kune simbi dzine ruvara rutsvuku uyewo muchina wachona une ruvara ruchena neruvara rwebhuruu.
ID_MDCGJE,Liboso na ngai nazo mona equipe ya rdc ezobeta ndembo.
ID_MEVBOM,Eloko nazo mona awa ba ndeko eza obele bendela ya bendela moko mpenza ya monene mingi bendela oyo na moni eza na ba langi ba langi minei ekeseni bendela oyo eza mpenza ya bendela moko ya kitoko mingi.
ID_MEYEQA,Awa nazo mona eza lopango sikoyo ba dekore yango nazo mona pe ba fololo pe eza wana ba fololo eza na lang ya mai ya pondo.
ID_MFQGCD,Nazokomona buku buku yango eza ya bande dessine na bande na couverture na yango eza bato misato moko ya suki ya mosaka mosusu na suki ya moindo mosusu aza na ba tredre.
ID_MGDHTX,Elili oyo ekolakisa nzela ya monene ya goudron na kati ya zamba nzela eza na milongo ya langi ya pembe bato baza na loboko ya mwasi bakoleka na loboko pe ya mobali bato bazo koleka na kati ya zamba monene.
ID_MHRFHJ,Varume nevakadzi vane mizera yakasiyana vakamira panzvimbo ine masimbi inoratidza kuti inogadzirwa zvinhu zvakasiyana zvinogadzirwa nesimbi zvinosanganisira magedhi epamajurahor. Masimbi anoiswa pamafafitera kuti bavha dzisapinda zvinyoro nezvingoro zvinotakurisa zvinhu mutauni.
ID_MHZXZI,Kopo ya jus eza na langi ya motane.
ID_MJJIBY,Mudziyo unoshandiswa kana uchida kugeza mazino. Mudziyo wacho uyu wakanakira pakuti unogona kuisa bhatiri wotokwecha mazino iwowo usingafambisi.
ID_MJORJS,Na elili oyo elili ezali kolakisa biso etaleli ya mosika ya libanda ya esika ya botekisi na esika yango nazo mona ezali na bilembo bilembo ya botekisi esika bakomi na monoko na lokota ya bopaya wewe.
ID_MJSRCG,Awa nazo mona bana mibali bake kosala sport ba lingi ba kende kosala sport na moni balati bilamba ya sport bana mibali ba mosusu batelemi ba mosusu bavandi.
ID_MJZITO,Awa toza komona baza kolakisa biso tomoni esika moko ba nzete ezali mingi na ba fololo na esika ba loni ba fololo kasi kuna liboso kuna tozo komona ndako moko ezali ya etage moko kasi ndako yango ezali mpenza kitoko mingi te ondire ezali ndako moko ba bengi na lopoto ya bandone oyo bato batika ba fandaka lisusu na kati te nde yango wana tozali komona.
ID_MKIPOE,Bhora rakagadzikwa panzvimbo ine uswa hune ruvara rwegirini nemavhu akawandisa. Pane mashizha embanana akaoma akadonhera pabhora iri. Bhora iri rine ruvara rweyero neruvara rwepepuru.
ID_MLEGVG,Eawa na moni toza na kati ya sale monene na moni eza na bato oyo ba simbi bambonda na makolo bazo beta eza na bana basi na bana mibali na moni pe mosusu azobeta lindanda bango to balati ndenge moko.
ID_MMIEEU,Nazo mona na elili oyo bazo lakisa biso bileko ya bilei nazo mona ezali lokola motekisi atie bileko ya bilei ya kolia po bato bayo kosomba.
ID_MNHJZF,Muti uri pakati pamatombo makuru maviri rimwe riri parutivi. Une mashizha maduku egirinhi.
ID_MNKDTM,Nzvimbo iri kutengeserwa mhando dzefoni dzakasiyana. mazita efoni akanyorwa pazasi uyewo foni dzakarongedzerwa muzvinhu zvemagirazi kuti vaone. Kutengesa zvinhu zvakadai zvemhando dzakasiyana kwakanaka nekuti vanhu vanouya vachitsvaga zvavanoda chaizvo uye vanhu vari kutengesa vanotowana kurarama uyewo vari kutengesa ipapo vanowanawo mabasa vanopihwa nevaridzi vezvitoro.
ID_MOIEXY,Ba motoka minene oyo ekangi nzela te kasi kuna mosika antene ya molayi eza nde tour de controle epi awa tomoni ba contener etelemi pembeni ya motoka oyo.
ID_MPUFTN,Na bilili oyo tozali komona awa ezali bongo kabati pe kabati yango tomoni ezali libanda ezali bongo na kati ya ndako te pe tomoni esika ezali batiyango likolo ya matiti.
ID_MQDJDC,Ba mafuta oyo eza ebele awa eza ya kopakola mwasi oyo atiaka yango na motu ba mosusu ya kopakola ba mosusu ba parfum na milangi oyo.
ID_MQICOY,Chuma nemhete yemumaoko zvakapfekwa muruoko. Mhete dzemumaoko dziviri dzine ruvara ruchena. Koita chuma chemumaoko chine mufananidzo werudo wakarembera pauri. Chakabva mufananidzo uyu wakabva wanyorwa nemavara matema. Chuma chemumaoko chine mabhora zvakare ane ruvara rwepingi nemabhora ane ruvara rwesirivheri.
ID_MRAIGA,Na elilio ezali na kati ya ndako ya botangi bana kelasi bakotanga balati pe milato ya ndenge moko ya boziga mokanda eza likolo ya mesa bakolandela ndenge bakosala na bisalisi na bango.
ID_MRGPUB,Vanhu vakawanda vakamira mumutsara vari pamagirosa. Mumwe wavo munhukadzi wechikuru mumwe chete akagara pasi pamberi pake pane bhaketi richena.
ID_MUWHHA,Awa na moni eza esika ba salelaka politiqe liboso na ngai nazo mona mokonzi moko atelemi nsima na ye koza ba mbila mibale oyo bazo kengela ye.
ID_MUYVGV,Kisi eza na langi ya pembe motani pe mbwe na bozinga.
ID_MVMHDG,"Pamufananidzo pane midziyo yakasiyana siyana yekushandisa muimba yekubikira. Midziyo mizhinji ine mibato ndiri kuona banga, mugoti wekubikisa sadza, mugoti wokubikisa muriwo neimwe midziyo ine mibato yepuranga."
ID_MVOEEV,Foto oyo nazo mona awa na miso na ngai eza obele koza mwa ndako moko ndako oyo eza ndako moko ya monene mpenza ba ndeko epi nsima na yango pembeni ya ndako oyo naomona eza obele nzete moko eza pembeni awa.
ID_MVWCPO,Mvuu mbiri dziri mumvura. Imwe inoratidza kuti ndiyo mai imwe imwana nokuti iduku. Dzine ganda rine mavara ebhurauni nematema.
ID_MVXHMA,Awa tozali komona bana basi mibale moko azokokanga suki ya mosusu asalaki yango modele ya kitoko mpenza.
ID_MWGZPD,Mashini oyo batie awa eza mashini oyo ebimisaka poussiere na ba biloko ya electronique soki neti biloko electronique ekoti poussiere eloko oyo esalaka mpona kopepola yango.
ID_MWLIFS,Shangu yeruvara rwedenga rwakasvibira. ine ruvara ruchena muzasi neruvara rwegoridhe kumasure rakanyora kuti pfuma uye ine tambo dzisina kusungwa dzakasimukira pamusoro peshangu.
ID_MWXPLB,Makanika ari kusunga sunga motokari ari pasi payo achishandisa zvipanera zvekugadzira nazvo motokari.
ID_MWZVRV,"Zvinyoreso zvemavara zviri pasherufu zvakadurikidzana. Zvine mavara anoti yero, pingi, girinhi neorenji."
ID_MYASSN,Foto elakisi biso na kati ya ndako moko boye na ndako oyo na moni mobali moko atelemi na ye likolo ya eloko pe aza kopakola mwa langi na ndako oyo pe alati mwa single.
ID_MYATCF,Varume nevakadzi vakapfeka hembe dzekudzanisa. Vakamira pasora rakasvibira rakachekererwa zvakanaka. Vane majakazi mumakumbo uye vakapfeka mbikiza nehembe tema. Pane mumwe ane rokwe jena akapfeka zvakasiyana nevamwe.
ID_MYSUOX,Apa papati uyezve pari kuratidza kuti pakarongwa macheya nechivhiti vhiti. Macheya aya akaiswa mucheka muchena uyezve pakarongwa kapeti pasi yegirini.
ID_NANEDK,Pane shangu mbiri dzine ruvara rutema dzakaiswa masvokisi ane mavara akasiyana siyana mukati madzo. uye dzakatsvetwa mumba makaiswa ruware ruchena.
ID_NBXFCB,Naomona na balabala camion etelemi na balabala camion monene ya pembe na mopanzi kuna na komona eza ndako.
ID_NCTBDJ,Pazasi pezambuko apa pazere miti yemujatirofa. Mujatirofa unomera pane mvura. Pane mapepa akawanda ayo akasvibisa nharaunda.
ID_NCTMCH,Awa na moni eza na kati ya ndako liboso na ngai nazo mona saani moko ya pembe na motane na kati ya saani nazo mona ba mbuma moko ya kitoko oyo na monoko ya poto ba bengaka papai.
ID_NDLOUL,Oyo moto asimbi sani eza na biloko ya kolia eza pepe supu eza nyama ba sankisi na ndunda bati pe ba pilipili ba pepi mibale eza na langi ya mosaka na nyama yango pe eza ya kotokisa ba sankisi yango na ndunda eza elengi boye.
ID_NDMSAY,Shangu mbiri dzakanaka kwazvo dzine ruvara rutema. Dzakavhurika mberi nekushure uye dzine tambo yakakora pamberi kuitira kubata gumbo dzinopfekwa nevanhukadzi kana vanhurume.
ID_NEFGZN,Zvibhodhoro zvakawanda zviri pasi zvemizera yakasiyana. Pane zviduku poitawo zvihombe zvine ruvara rutema nemivharo michena. Ndezviya zvine mishonga inoshandiswa pamishina yakaita seyekudhinda mapepa kana imwewo mishina inoshanda namapepa.
ID_NEMBWZ,Varume vanoratidza kuti ndeve mutambo. Vakapfeka nguwo dzakafanana dzine ruvara rumwe chete ruchena nezvitema. Vakapfeka shangu dzakasiyana siyana. Vamwe vakamira vamwe vakakotanira.
ID_NHJQMJ,Chitoro chekutengesera hembe chine madziro egirazi anooneka zviri mukati. Mune zvidhori zvakapfekedzewa hembe dzavanhu. Chimwe chidhori chidiki chakapfeka dhirezi romwana repingi.
ID_NIXPQE,Mbeto ba tandi ba dra ya pembe pe na ba coussin na tapi ya langi ya motani esangani na langi ya chokola fololo na mesa ya liboso awa pe na mopanzi kuna fololo na ngolomani na nsima ya mbeto yango na langi ya mosaka batie pe bilei na plateau biloko bazwaka ya kolia na tongo.
ID_NJUTWH,Midhudhudhu iyi yakarongedzwa zvakanaka. Pamberi payo yakachengetedzwa necheni iyo yakapendwa zvitsvuku nezvichena.
ID_NJZYRN,Na elili oyo nazo mona bazo lakisa biso bato ya mibali ebele balati bango nyonso ndenge moko bazo kende.
ID_NKDDHC,Na balabala taxi bus na mopanzi na langi ya pembe pe na langi ya pondu awa mibale mibale ba kobenda pusu mobali ya liboso alati ka butula ya langi ya bozinga ya pete pe likolo motani na ekoti ya pembe esangani na bozinga mosusu alati mwindu mwindu pe na ekoti ya pembe liboso kuna pe mituka na mopanzi ba ndako.
ID_NKKWME,Motokari dziri mumugwagwa. Dzimwe dzakatakura vanhu dzakazara dzakavhurwa mabhutu. Dzimwe dzakavharwa asi dziri kufamba nemarori namagonyeti namamota bhaiki. Zvose zviviri kufamba zvakatakura vanhu.
ID_NMFAKL,Na kati ya sale bato ebele ba sangani ba cameron mpona kolanda formation moko mpona bo ba kutani.
ID_NNEJUC,Vanhurume vana vakabatana maoko vakamira vakapfeka nhumbi dzekutambisa mutambo. vakapfeka shangu nemasokisi zvakasiyana. Vakamira vakasanganisa maoko avo pamwechete vakabatana vari kuratidza kuti vari kutorwa mufananidzo. Nechekurudivi kune miti yakawanda iriko nezvivakwa zviri nechekumashure. Pavakamira pane uswa hwakaoma.
ID_NNNBWD,Nzvimbo ine uswa namarara. Ine zvimiti miti zvakangorara pasi. Zvimiti izvi zvine ruvara rutema neruvara rwakachenerukira. Kwoita zvimarara zvakangorasika pese pese zvine ruvara ruchena. Uswa huripo umwe une ruvara rwegirinhi umwe une ruvara rwakachenerukira.
ID_NOGIXK,Na bilili oyo nali komona balakisi nga awa mwana mwasi aza kitoko pe aza na miso ya kitoko nali komona ndenge ba kangi ye suki pe amemi ka sak na ye pembeni na ye na moni ka mwa ndako ya ba langi ya motani.
ID_NPRXQR,Awa na moni balakisi biso mwa mutuka moko ya monene makasi oyo etelemi esika moko enamoni eza mutuka oyo ememaka ba biloko ebele enamoni ba fungoli yango bazobimisa biloko na kati.
ID_NQRVCV,Elili oyo eza elili ya sango na moni na se bakomi paroise catholique se jean paul de eza ndako ya nzambe oyo ya ba catholique.
ID_NRKEFH,Esika na komi awa ba ndeko nazo mona liboso na ngai eza obele ba bendela ba bendela mibale eza awa bendela moko eza bendela ya union africaine mosusu eza bendela oyo ya mboka congo brazaville.
ID_NRYMLU,Wa balabala ya kitoko mpenza pe na balabala oyo na moni bato mibale na moni baza likolo ya mwa moto bato oyo emonani baza ba mwa polisie na moni balati ba mwa elamba na bango pe nsima na bango na moni motuka oyo eza kokende oyo ba benga yango mini bus pe na moni pembeni ya balabala oyo ba mwa paraplie na ba mwa biloko bato baza kotekisa yango eza mwa balabala ya kitoko mpenza.
ID_NSIWDG,Murume akagara mumotokari. Motokari yakamira. Kumberi kwacho kune mugwagwa.
ID_NSLCMX,Awa na moni eza esika oyo bazo tekisa ba mafuta ya ndenge na ndenge ya bana basi na ya bana mike.
ID_NSYLRD,Awa nazo mona mwasi moko boye azolakisa suki na ye nazo mona suki na ye ba kangi ye suki ya maboko ba kangi ye suki na ye ya naturele azotala na se.
ID_NTGLVW,Eloko nazo mona awa liboso na ngai eza eleko oyo ba bengaka eza mafuta ya bana mike ya ba bebe ya kopakola na nzoto ya mafuta moko ya kitoko vrema mpona babebe sikuna molangi yango pe na moni koza foto ya bana mibale batolovide balati eloko te likolo eza babebe.
ID_NTGXTG,Elili oyo na moni liboso na ngai na moni basi mibale batelemi balati kitoko pe balati ba mwa biloko ya matoi oyo ba bengaka yango na monoko ya lopoto ba biju pe na moni moko aza na mwa sak me na loboko pe barobe na bango eza na ba langi oyo ya bozinga batelemi pe kitoko mpenza.
ID_NTYPHW,Bana mine baza place moko mibale bavandi na kiti moko mibale batelemi mwana moko alati elamba ya likolo ya pembe akangi maboko ye aza mwana mwasi na nsima na bango ba matiti ya langi ya mayi ya pondu.
ID_NUNSVE,"Midziyo yakasiyana siyana inoshandiswa muimba yokubikira. Yakaiswa mubhodhoro. Mune zvipunu, mune mugwaku, mune musika wakagadzikwa nesimbi yerudzi rwesirivha mune mugoti zvakare."
ID_NUOSCF,Shiri ine ruvara ruchena muviri wese iri mudendere. Inoratidza kuti yakafuratira vana kana mazai ayo. Parutivi pana masora akasvibirira.
ID_NWLPMF,Na foto oyo nali komona balakisi nga eza carton ya kisi ya komela ba tiango likolo ya mesa te nali komona balakisi nga awa.
ID_NXAUAF,Awa tozali komona elenge mobali ya telemi abetaka ndembo ya makolo tomoni alati ba uniforme na ye oyo ezali ya mayi ya pondu tomoni atelemi na terrain.
ID_NXLUAE,Bhiri rekuisa pamotikari rakagadzikwa riri rega. Rine ruvara rutema nesirivheri pakati uye rakanyorwa nezvichena. Rakagadzikwa pamusoro pechinhu chine ruvara rutema nesirivheri uye pasi paro pane mataira akatsinhana zvakanaka.
ID_NYOCNO,Munhurume nekadzi vari kuteverana. Munhukadzi akabereka mwana kumusana netauro rine ruvara iri mitsetse michena nezvitsvuku. Pamberi umo makapfeka nhumbi ine maoko mapfupi eruvara rwebhuruu neekuzasi bhurugwa rakareba rine ruvara rwebhuruu.
ID_NYWGFD,Baekasi bazo tekisa biloko oyo oyo bana ba salisaka eza biloko ya bana kelasi ekoyeba te ezali na langi ebele eza na langi ya bozinga eza na langi ya longondo eza na langi ya lilala eza na langi ya motane eza biloko ebele boye.
ID_NZNZDT,Na awa na moni balakisi nga maindi eza na kati ya nzete na yango pe eza maindi ya kitoko eza na ba langi ya mosaka pe na ba pembe pembe na nzete na yango eza na ba langi ya pondu.
ID_OAGKDL,Liboso na nga awa nazokomona eza parfum moko bakomi na yango scenario pi bakomi pe loso parfum.
ID_OAGTZM,Musikana mumwe chete wechidiki ari kufamba achidya muchero wechitema. Musikana uyu une rokwe refu rine ruvara rutsvuku nehembe ine ruvara ruchena. Akabata purasitiki rine ruvara rutema.
ID_OCZFPU,Chitoro chinotengesa nhumbi dzemukati dzemadzimai dzakaita semabhurugwa nemabhurawa. Pane zvidhori zvitatu zvakapfekedzwa zvimwe zvezvinhu izvi. Chimwe chidhori chakapfeka bhuraa nebhurugwa zvitsvuku.
ID_ODFKRY,Awa na moni balakisi nga likolo ya mesa oyo batie sani ya kitoko na kati ya sani oyo na moni biloko ya kolia pilipili ba misuni pe na ba legume.
ID_ODGKGY,Makolo mibale ya sapatu mpona mibali eza bongo na langi ya move.
ID_OESMJN,Michero miviri yerudzi rwendimu. Rimwe chete rakachekwa nechapakati tichitaridzwa mukati maro. Umo makatsvukirira uyewo rakaibva rangomirira kushandiswa kana kudyiwa.
ID_OEWYCL,Dzimba dzakavakwa dzakabatana. Dzimba idzi dzakasiyana mavakirwa adzaiitwa. Dzimwe dzine ruvara rwakachenerukira uye dzidiki. Koita imwe iri kubudikira necheparutivi inoratidza kuti yakavakwa nezvidhinha zvinozivikanawo kuti zvidhinha zvekubotswana. Zvidhinha zvi zvine ruvara rutsvuku neruvara ruchena.
ID_OFMRHS,Miti dzakawanda dzemarudzi akasiyana siyana. Umwe une maruva epepuru ndewe mujakaranda. Pamberi pane bhusita remasaisai rakagadzirwa namasimbi akareba uye ane mavara matsvuku namachena.
ID_OGFYLY,Dhekodha riri pasi. Dhekodha iri rine ruvara rutema. Rakanyorwa namavara machena namavara matema kuti Canale bhokx. Rinoratidza kuti rakabatidzwa uye rakanaka.
ID_OIEWKO,Elenge mobali atelemi liboso ya elembo ya airtel elembo yango eza na langi ya motane na pembe ye moko alati elamba ya langi ya mosaka.
ID_OIRQQG,Mushina werudzi rwemotokari yekutimba pasi. Inozivikamwa nezita rokuti giredha. Ina mavhiri mahombe uye kumberi kwayo kune dhishi rakashama rina mazino pasi rinotakura mavhu. Rinochera mavhu namazino acho rotutira mukati richindorasira kune imwe nzvimbo.
ID_OIZXCN,Muchero wemarichi wakawisa zvisingabviri zvino ose atsvuka kuratidza kuibva achirembura matavi emuti uyu ane mashizha akasvibira zvikuru achipenyerera mukupenyawo kwezuva.
ID_OLQQKH,Zvipembere zvakawanda zvinodarika zvitatu. Izvo zvakamira panenge parutivi pomugwagwa. Zvipembere izvi zvihombe uye zvinoratidza kuti zvava zvekare. Zvine ruvara rwedota muviri wese.
ID_OMIOGO,Basakosi ya ba mama bamemaka na maboko eza ya sika eza na zando ezotekisama basakosi yango eza ya moke na oya monene etongami na mayaka eza na ba langi esangani pe ekeseni basakosi moko eza na langi ya shokola mosusu eza na langi ya mosaka mosusu eza na langi ya mwindu sakosi ya moke eza na mayaka etongami na mayaka eza na langi ya longondo esangani na pembe.
ID_OMVDDX,Awa tozali komona eza eloko ba bengi bar e restaurant tozali komona na kati awa baza koteka masanga ezali esika pe ba tekaka na biloko ya kolia kasi tomoni balakisi biso ba kiti oyo ba fauteil ya kitoko na mesa ya kitoko kasi batu bazali te kasi na ntako yango ezali kitoko mingi.
ID_OMYCXL,Murume ari kusimbisa muviri wake. Akapfeka hembe yakasununguka kumusoro inosiya maoko ari pachena. Maoko ake akabatirawo simbi iri kumusoro. Nechekuzasi akapfeka chikabudura chakatsvuka.
ID_ONBGPT,Awa tozali komona ba materiele na esalaka biloko ebele ya ba construction ba electricité tozo mona ba pence tozo mona ba tournevise moko eza na ba langi ya moindo na motani esalaka biloko ebele.
ID_OOXOVZ,Masitrobheri matsvuku mukati memudziyo wekuchengetera mutsvuku sezvo nguva yekukohwa yasvika uye anotengeswa obva atengeswa mamwe achidyiwa.
ID_OPDKDJ,Balabala ya kokufa mpona mai ya mbula mai ya mbula ebeti etondi wana bato azoleka na mopanzi moto moko alati elamba langi ya pembe na likolo langi ya bozinga na se na nsima eza mama azoyaka alati liputa langi ya mosaka.
ID_OPOHQH,Vanhu vari panzvimbo inopihwa zvidzidzo. Pane vanhu vari kuratidza kuti vapedza zvidzidzo saka vakupihwa mapepa avo. Vakapfeka magawuni ekuratidza kuti vagiradhuweta. Panewo vari kucherechedza vari pamberi.
ID_OQBYLS,"Munoratidza kuti zvima furi maketi zvinotengesa bhutsu uyo ari kuratidza kuti ane mapushi masendosi. Mapushi zveruvara rwakasiyana siyana yero, waiti, bhuruu. Madzimai achifamba achidarika vanhu vakasiyana siyana uyu akatobata mwana ari kufamba ari kudarika achiona ikuratidza kuti ari kuda kutengawo zvirimo mumashopu munhu."
ID_OQHYVU,"Vanhu vari kufamba panzvimbo inotengeswa zvinhu zvakasiyana. Pane munhukadzi akabereka mwana wake kumusana, mwana uyu akasiya maoko ake ari kunze. Koitawo munhurume ari kufamba akapfeka mujivha webhurauni neheti mumusoro. Vari kufamba vakananga kunotengeswa zvinhu zvakawanda zvakasiyana siyana."
ID_OQJLPT,Awa esika na komi awa nazo mona na misu na ngai eza e obele na wenze me wenze oyo na moni bazo tekisa ba biloko ndenge na ndenge na omona awa ba mafuta kopakola ba sabuni ba biloko ebele ebele vrema na omona eza na kati ya ba bassin oyo eza na kati ya wenze.
ID_ORDZHU,Mureza une mavara maviri ari kunyatsooneka. Nechekumusoro kune ruvara ruchena asi munewo makada kusvibira. Kuzasi kwacho kune ruvara rutsvuku. Hapana kamwe kamufananidzo kari pamureza uyu.
ID_ORXUPM,Mhuka inonzi garakuni. Garakuni racho rine manhenga machena. Rinewo makumbo maviri. Nechekumberi kune chinhu chakatsvuka. Garakuni racho riri munzvimbo yakaiswa fenzi.
ID_OSQUUH,Murume akabata bhora. Mumaoko ake makapfekwa magirovhosi ane rudzi ruchena. Wakapfeka hembe ine ruvara rutsvuku nemaoko eyero. Unoratidza kuva mubati webhora pamutambo wenhabvu.
ID_OUJCUX,Ba ndeko esika na komi awa nazo mona bana basi bilenge bana basi awa balati ba bilamba ya biloko ya ba sportif baosakana na bango baosakana football baosakana sport oyo ya ndembo ya bana basi misato.
ID_OUJOWD,Na foto oyo nali komona balakisi nga balabala pembeni ya balabala na moni lupango ya pembe na kati ya lupango oyo na moni ndako ya pembe pembeni na ndako na moni ba nzete ya milai.
ID_OUMCAD,Varume vasere vari mukati menhandare yekutambira mutambo webhora. Umwe wevarume vasere ava uri kubudikira chidimbu chimwe chete. Umwe wavo wakapfeka nhumbi dzeyero vamwe vakapfeka nhumbi dzebhuruu. Umwe wavo akapfeka nhumbi dzitema.
ID_OWIOED,Awa nazali komona camionete moko ezali na langi ya pembe tomoni mosusu ezali pembeni na yango nyonso etelemi tomoni ezali na langi ya bolulu o etelemi wana ezali eloko bapeki parking tomoni etelemi ezali kitoko.
ID_OWPLHO,Na bilili oyo tozali komona ezali ba sangu oyo ntango ya colonisation babandaki kokolonize biso awa to bango na tomoni bazali basangu balati makanzo na bango ya molai ya pembe tomoni bazali kopesa na mbote na ba ndeko ya mboka.
ID_OXFWCP,Magirana dhira akawanda. Ndeeyero uye ane mavara egirini. Rimwe chete rakachekwa rikaburitsa zvimedu zviviri. Mukati maro mutsvuku uye rine mhodzi dzitema.
ID_OYEAHK,Foto oyo na moni liboso na nga na moni loboko oyo esimbi mwa molangi ya mafuta ya basi mafuta oyo ezalaka kitoko mpona nzoto ya basi basi soki bapakali yango bazalaka kitoko mpenza pe na nzoto ya sembe sembe.
ID_OYPRHA,Mudzimai mutsvuku ari kunyemwerera zvekuti mazino ake epamusoro ari kunyatsooneka. Akagerwa musoro achibhisa bvudzi rose. Akapfekawo zvekuti muviri wake wekumusoro unosara uri pachena.
ID_OZLILC,Awa nazo mona nazo mona eloko ebengami sapato sapato yango eza sapato kombo na yango puma puma epi sapato yango eza ya langi a ezaya langi ya moindo.
ID_OZSILI,Vanhu vakagara vari kukurukura. Pane akamira nechepangoro. Munhu uyu akapfeka hembe ine maoko mapfupi ine ruvara rwebhuruu neruvara ruchena. Kuzasi wakapfeka mutirauzi une ruvara rwebhuruu koita vamwe vakagara pasi mumwe ane hembe ine ruvara ruchena. akapfeka nguwani yake ine ruvara ruchena zvakare. Kuzasi ane mutirauzi une ruvara rutema.
ID_PAKEML,Nazo mona mai ya ebale ebale ba mabanga eza na ba tia na bakantine misusu eza na ba bido bakata nazo mona pe moto na mai azosokola maboko na mopanzi fulu ya salete ebimaka na mai eza na mopanzi wana.
ID_PATITK,Kunzvimbo ine mvura ine rwizi runoyerera makamera mazipundo akaita mashanga anomera mune mvura nomubhanana uri kubudikira kudivi rwerudyi. Kuruboshwe pasi pane marara dutu anotaridza kuti panzvimbo panouya vanhu vachirashira marara pasingabvumidzwi.
ID_PAUVNP,Zvivako zviri pedyo nemugwagwa. Zvinofanirwa kunge zviri zvivako zvinoitirwa bhizinesi Hazvina kukura. Nzvimbo yacho haina vanhu asi ine mugwagwa uri pedyo.
ID_PAZHTC,Mudhorobha mune zvivakwa zvakawanda zvine midhuri yakareba uye yakadurikidzana. Parutivi pazvo pane motokari dziduku dzakawanda dzinofamba mumugwagwa.
ID_PBZOVJ,Elili oyo ezolakisa biso etaleli ya nsima esika tozo mona mwana mwasi akangi suki ya maboko ezali ndenge moko te na misusu kokai na misusu nazo mona bazo lakisa biso modele ya suki ya maboko na ndenge ekangami.
ID_PCHJMX,Mushini unoshandiswa pakuongorora zvirwere zviri muviri uye unobairirwa kumagetsi kuti uone kushanda mushure mekunge wabatidzwa padyo pane kamu inotwasanudzisa bvudzi.
ID_PDIVWS,Chitoro chinotengesa zvishongo zvemuhuro zvemunzeve zvemumaoko zvemumakumbo zvakasiyana siyana. Zvimwe marini emuchato zvakagadzirwa zvakasiyana siyana Zviri mumasherefu zvakaiswa pamusika kuti vaonhu vaone zvishongedzeke zvimwe ndezvegoridhe zvimwe zvesirivha zvimwe zvesiteniresiti.
ID_PEKFBS,Eloko na omona awa eloko na omona awa ba ndeko na esika moko boye ba salaka ba biloko ba lobaka na monoko ya lopoto eza place ba bongisaka ba concasseur na omona eza mashine moko eosala ba concasseur eza ba mabanga mabanga oyo ya mike.
ID_PEYHNZ,Bato mingi batelemi elongo bazo tala makambo moto oyo avandi na se azoteya bango.
ID_PFEHBE,Nzvimbo yakakomberedzwa nerusvingo uye simbi. Nzvimbo yacho iyi ine huswa husina kunyatsa kusvibira. Huswa hwacho hauna kukura. Panewo muti wakaita zvekusimwa. Nechemukati merusvingo rwakavakwa nezvidhinha mune miti mihombe iri kubudira.
ID_PGCLNI,Mukadzi akarukwa mabhanzi akanaka. Akarukwa neshinda nhema ari makomo. Akavhurwa mitsetse yakanyatsonaka nekuti ganda remusoro riri kuonekwa kuchena kuti weke. Iye akatarisa nechekurutivi. Mumabhanzi akaitwa hata yakanaka nechepakati achienda kumberi.
ID_PHABFK,Badza mudziyo unoshandiswa kuita mabasa akasiyana siyana. Vamwe vanoshandisa badza kutimbira mumunda kana kuchera makomba. Vamwe ndovanoshandisa panguva dzekusakura.
ID_PHGEPM,Elili oyo tozali komona tozali komona ba mbuma pe tomoni bassin tomoni ba mbuma yango eza manga ma manga yango esi eteli ba tandi yango na se misusu batiyango na kati ya bassin.
ID_PIRDKK,Nyama ya zamba oyo eza mibale nyama ya zamba yango eza na langi ya chokola na minoko ya liboso eza na langi ya mwindu nyama ya zamba yango eza na zamba eza na matiti ya mokusi eza na langi ya pondu.
ID_PIWSSK,Miti miviri iri kubudikira uri mudhuze una mashizha akasvibirira. Poita umwe uri nechekumberi womurara una mashizha akasvibirira. Panewo tambo dzamagetsi dziri kubudikira dziri kuvhungana nemiti idzi.
ID_PJWOTA,Saki ya mokongo ya bana-kelasi ya bana mike ezali ya bozinga ya makasi moto atomboli yango po alakisa yango ezali na ba poche mibale pe ezali na ba poche pe pembeni.
ID_PKWEOW,Bana minei mibale ya mikolo mibale ya mike ya mike moko alati tolo polele alati jupon mosusu alati elamba likolo ya langi ya pembe ya mokolo alati elamba ya langi ya motani ya langi ya mosaka langi ya mpondu mosusu alati elamba likolo ya lange ya mpondu.
ID_PLPFOQ,Chirimwa chevise ichichakachekwa. Chinoratidza kuti mukati macho mutsvuku kunze neruvara rwegirini rakacheneruka. Chirimwa ichi chinoratidza kuti chaibva chava kuda kudyiwa.
ID_PLXELZ,Imba yekutandarira ine zvekugarira masofa machena mamwe ane ruvara rwebhurauni nezvimapiro zvekutsamira mukati. Nechekumberi kuri kuonekawo kicheni yokurongedzera zvinhu nefiriji yokuisa zvinhu kuti zvitonhorere.
ID_PMAOSQ,Ichi chivakwa chinevhurandi. Chivakwa ichi chinogona kuva chiri chitoro. Tinoona chine simbi dzekuvhara kudzivirira vangadi kuva vachipinda zvisiri pamutemo. Pavhuranda racho tinoona paine maruva ekushongedza nzvimbo iyi. Mudenga tinoona makasungirirwawo tunhu ekushongedza tutsvuku netuchena.
ID_PMRSSB,Kamba iyo inoratidza kuti iri mumvura inoita makwati kunze kwayo. Pamusoro payo panewo dachika riripo rinoita zvekutomhuka kana richifamba rine ruvara rwegirini nemamwe mavara.
ID_PNORCR,Na bilili oyo toli komona eza moto nali komona eza na ba moteure ebele pe ya kitoko moto oyo eza na ba langi ya bozinga.
ID_PPVGVT,Na esika tokomi awa nazo mona ndeko mobali moko atelemi awa alati ba bilamba ya maputa epi ndeko yango na moni aotala na maboko na ye telefone na ye mpona abenga motu.
ID_PQWUBQ,Mumunda mune mavhu akachegwa chegwa nemapundo mamwe akaoma nemamwewo manyoro. Nechekumhiri kune tumwe tupundo newa kuda kufukidzirwa nemavhu akachegwa chegwa awo.
ID_PQWWAS,Gwenzi kana kuti ruva rinoratidza kuti riri pane mvura yakawanda. Rina mashizha akasvibirira ane mizera yakasiyana. Mamwe mashizha akareba poitawo mamwe mapfupi.
ID_PRBMHZ,Awa toza komona baza koteka ba croi ebele ba tiango likolo ya ba nzete baza koteka yango baza ko expose yango.
ID_PRSUDQ,Vatambi vomutambo wekiriketi vari muHarare Sports Club umo mune nhandare yavo iyo ina masora akasvibirira. Pane vakapfeka zveyero poitawo vane zvegirinhi vari pakati pokutamba mutambo wavo.
ID_PSPVUJ,Bhutsu yechikadzi imwe chete yakagadzikwa pasi ine ruvara rweorenji. Mukati ine ruvara rwakachena. Ine mabhandi ari kuonekwa anoshandiswa kuzosunga kumbo. Pasi apa pane ruvara rutema neruvara rwakachena rine madododo matema.
ID_PUGWCR,Peyage oyo baya na langi ya mbwe eza na ba poto ya langi ya motani na langi ya pembe eza na poto mosusu eza na langi ya lilala esika mingi eza na ba milongo ya kotengama ya langi ya motani na langi ya pembe.
ID_PUOAUM,Midziyo yekuchengetedza hanzu zvakanaka zvinoita kuti dzisaunyane asi dzigugara dzakarembera dzakakochekerwa kumuti.
ID_PUPCBF,Mahuswa emushenjere nemamwewo maruva akamira akakombwa nematombo ane ruvara rwebhuruu nezvichena. Akanakawo uye ndeemhando dzakasiyana. Mamwe ane tushizha tutete mamwe ane mashizha akakura. Uyewo mamwe anokura achienda nepasi mamwe anokura achienda mudenga.
ID_PUXKZB,"Vasikana vanotamba bhora vakamira vakaisa maoko kumashure vakatarisa mberi. Vakapfeka shangu, masokisi uye mabhurukwa eruvara rutsvuku nehembe dzeruvara rwegirini."
ID_PVJVYB,Musoro wemunhukadzi wakarukwa. bvudzi rinorembera richidzaka nomusana rakaonyana zvinonakidza kuona uye riri muruvara rutsvuku.
ID_PVXWGL,Mharadzano dzemigwagwa miviri yakapamhamha ine tara. Muri kufamba motokari dzine mandudzi akasiyana nevanhu vari kufamba mujinga vamwe vari kuratidza kuti vari kuda kubira migwagwa. Vamwe vari kugara vachiratidza kuti vari kutengesa. Nechekumberi kwacho kuri kubuda midhuri yakanaka zvinoratidza kuti nzvimbo iyi iri mukati medhorobha.
ID_PWNRMS,Vanhu vari kufamba vachienda kunzvimbo dzakasiyana. vari pazvitoro mudhorobha vanosanganisira varume nevakadzi. vamwe vari mumakombi apo vachienda kuine imwe nzvimbo.
ID_PXMPIS,Awa tozali komona pantoufle mibale bati na se tomoni ezali ya kitoko ezali ya bana mibali tomoni ezali na langi misatu tomoni eza na langi ya mwindo tomoni eza na langi ya mai ya pondu tomoni eza alangi ya pembe kasi ezali sapato ya kitoko soki asombi yango oko regrete te.
ID_PYLEZL,"Ihara,ifoko,imbezo ibadza. Tinoshandisa kurima midziyo iyi. Midziyo inoshandiswa pamba."
ID_PYSGDM,Sapato ya moke ya bana mibale.
ID_PZNPDS,Dutu ramaruva akasunganidzwa pamwechete. Ane ruvara ruchena kunze rouya richinoita ruvara rwakanoita yero pakati. Mamwe haasati abudikira atumbuka ane ruvara rwegirinhi.
ID_QAFTFH,Katikati ya boutique ya cosmetique nazo mona batikaka ba biloko ya mafuta kopakala na nzoto nazo mona pe ba sabon likide na ba pomade ya bana moke ya vazlene ba bengaka yango familia.
ID_QBLCHX,Elubu ya makayabu na ndunda na dongo dongo sani ya mbele ya langi ya pembe cuillere supu suka.
ID_QDWOCD,Motuka oyo esalaka taxi ya langi ya pondu likolo eza na langi ya mpembe likolo logo na yango ya taxi eza na langi ya mosaka na ba koma na langi ya mwindo mwinda na yango eza langi ya motane.
ID_QELUFU,Mhete yemuhuro yakasimudzwa iri muruoko rwemunhu kuti anyatsoiwongorora kuti yakamira sei. Mhete iyi ine ruvara rwesirivheri uye yakareba.
ID_QFAWQN,Misoro yezvidhori miviri. yose yakasungwa madhugu ane mavara mavara. Miromo yazvo yakapendewa zvitsvuku.
ID_QJKNRG,Boye kasi nde nazo mona ezali liboso na nga eza ndako neti na nsima ya ndako boye nazo mona eza na langi moko ya shokola boye pe na nsima ndako yango nazo mona eza na langi moko ondire ya pembe me ya mipembe makasi te.
ID_QKDYKB,Masuwa mibale ya moke pena ya monene na langi ya pembe pe na langi ya bozinga pendele likolo na langi ya pondu langi ya mosaka pe na langi ya motane na nzete likolo nango na kati ya ebale.
ID_QMZGIX,Hofisi ine feni ichena. Mahwindo egirazi ane ruvara rutema. Mudhuri webhurawuni ne mutsara webhuruu.
ID_QNVSXY,Liboso na nga awa na moni mutuka eza pembeni na lopango pe eza na balabala ya mabele nde balakisi biso awa.
ID_QNYPTX,Ba ndeko awa na misu na ngai nazo mona obele bana basi mibale ya kitoko vrema ba kangi suki na bango ya kitoko pi mwasi yango pe alati chemise ya jane na minoko na ye amipakoli .
ID_QOYCEF,Elili ezolakisa biso matiti ya kotia bilengi na bilei ezali matiti eza na kati ya kantini esalemi na nzeta bokoko matiti yango na monoko ya lopoto ba bengaka yango fe de laurier eza matiti ba tiaka na biloko ya kolia po epesa bilengi epesa esolo elengi.
ID_QPGYFR,Motokari inoshandiswa pamakwikwi okumhanyirana. Ine manyerekete machena namatema. Pana mavhiri akaunganidzwa kuitira kudzivirira kukuvara kwevanotekenya motokari idzi. Kune huma huri kuonekwa kubva mumotokari idzi.
ID_QQBRNC,Shiri yemhando yeshiri dzinowanikwa pedo nepakawanda mvura. Ina makumbo marefu nehuro yakareba. Iri kufamba ichiita seiri kuda kubhururuka kana seichangomhara. Yakasimudza mapapiro ayo. Ine ruvara rwebhurawuni neruchena nerutema.
ID_QQNNCC,Awa tozali komona ezali camion moko oyo ezali ya monene tomoni ezali camion te ezali bus oyo ya monene nde tomoni etelemi pembeni ya balabala tomoni ezali na langi oyo ezali na langi ya mwindo tomoni na oyo ya motane ezali na kati tomoni etelemi na balabala yango tozali komona awa tomoni ngambo kuna ba ndako oyo ya etage ezali na langi ya pembe nde tozali komona awa kasi na balabala ba motuka eza koleka te.
ID_QQXOPN,Nhandare iri kuyevedza kutarisa nemhaka yekuti ine huswa hwegirini hwakanyatsochekererwa. Panewo chivako chiri kumashure. Nhandare iyi inogona kutambirwa mutambo wekiriketi.
ID_QRTYMF,"Mafaira akawanda anoti maflat fails maaciriva failesi nemamwewo. Mafaira aya mamwe ari mumapurasitiki akaiswa pamusoro akarongedzwa pasherufu repamusoro mamwe ari pazasi anonzi maakirivha pasherufu yepakati. Pane mapepa anoiswa anozoita kuti kana uchinge waisa zvinhu mukati wochinyora kuti uzokwanisa kutsvaga zvinhu zvauri kuda. Ane ruvara rwakasiyana siyana anoti bhuruu girinhi, neyero nepingi nemamwewo matsvuku."
ID_QRXFFJ,Na elili oyo nazo mona esika bazo lakisa biso dalapo elembo ya dalapo esika nazo mona eza na molongo ya mwindo eza na langi ya mwindo langi ya motane na langi ya mobeso ezali na elembo ya.
ID_QSHFNI,Nzvimbo ine zvivakwa zvakawanda. Zvimwe zvine zvitinha zvitema poitawo zvimwe zvivakwa zvakaiswa ruvara ruchena. Pane vanhu vakawanda vakabereka mabhegi vari kuenda nokubva panzvimbo iyi inoratidzika sechikoro.
ID_QSKAEW,Zvivakwa zvakawanda zvinoratidza kuti panoitwa zvinhu zvakawanda. Zvimwe zvine ruvara ruchena. Imwe yacho kambani iripo inonzi Imara Investing in Africa. Zvakanyorwa nerudzi ruchena pane ruvara rwebhuruu. Zvinongoreva kuti pane zvinukwa panzvimbo iyi zvakawanda asi imwe kambani iripo ndeye imara.
ID_QTCLHN,Masora akawanda ari pasi. Ane mashizha ane mizera yakasiyana egirini. Parutivi pane matombo.
ID_QTXJXV,Girazi rakabatwa neruoko rwemunhu rine zvitaira taira. Girazi iri rinoshandiswa kunwa mvura kana zvinwiwa zvimwe zvakasiyana siyana.
ID_QVBLES,Majirafu tu marefu refu.
ID_QVBRUU,Elili oyo eza liboso na nga na moni eza bendela bendela oyo eza bendela ya peyi moko boye eza na langi misato langi ya moindo langi ya mosaka langi pe ya motana.
ID_QWDAYZ,Chanza chemunhu chiri kubudikira chakabata mashizha emuti. Mashizha emuti aya mamwe ane girinhi yakanosvibira mamwe ane girinhi yakanochenerukira. Mukati mechikwenzi umu mune kopisi itsvuku yakaturikao.
ID_QWUCDJ,Vana vakomana vechidiki vakagara zvavo. Vana ava vanoratidza kuti izera rimwe chete uye vakapfeka nhumbi dzechinyakare izvi zvinoonekwa zvavakapfeka muhuro mavo. Vana ava vana mai vavo padivi pavo.
ID_QYCETT,Na esika tokomi awa ba ndeko na omona eza ba papa ebele na ba mama ebele bafandi na sale moko ya monene baza pe na ba buku na bango liboso baosala mwa eloko babengana monoko ya lopoto mwa reinon.
ID_QYNCYO,Munhurume akarukwa musoro nemiswe yemadhogi uye wakareba kwazvo une ruvara rutema uye akaisa mabhidzi marutivi.
ID_QYYXVJ,Motuka ya monene efandami liboso ya ndako motuka oyo ekoki komema biloko ya ndenge na ndenge ezali motuka ya monene oyo tokoki kobenga hui pie to pe si pie ememaka biloko ya monene makasi.
ID_QZWLVA,Awa na moni mwa tinele moko eza na ba matiti ebele na mosika nazo mona bato ebele eza neti eza na zando na ba mituko etelemi pembeni.
ID_RBHTCP,Bendela oyo eza liboso na nga eza bendela moko ya kitoko bendela oyo eza na ba langi ebele ya motane ya bozinga ya pembe pe na oyo ya mosaka.
ID_RBMMXG,Musoro une bvudzi rakasvibira rakarukwa nebvudzi. Mitsara yakawanda uye mutsara wakamonwa monwa nebvudzi rekutengwa rine ruvara rutsvuku.
ID_RBRMRJ,Oyo ezali eloko na zai komona ezali livre ya kotanga eza istware istware koki kozala histwire ya pharaon.
ID_REPXZM,Kanyama ya moke na moni eza kanyama ya moke.
ID_RFARPF,Awa bazali kolakisa biso karton ekoki kozala carton ya jus ya manga mpona ekomami manga nectare.
ID_RGNNZN,Mai ya liziba eza pembeni ya libanga fololo pe eza wana pembeni fololo yango eza na langi ya mai ya pondu.
ID_RGUARG,Imba yakavakwa zvakanaka ikapendewa neruvara rwekirimu. Pavhurandi pakaiswa zvitinha zvitsvuku. Imba iyi yakapoteredzwa nejurawor rine ruvara rwekirimu. Pane gedhe pamba apa uye pane muti wokuti vanhu vanogara kana vari panze vachitandara zvavo.
ID_RHQGBX,Boye nazo mona eza bato baza ba sportif bafandi na terrain bazo sala ba entrainement na bango bazo sakana ezali ba tata bafandi na mwasi pe moko aza pembeni na mwafandi.
ID_RHZQWU,Awa tozali komona ezali bendele bendele yango tomoni ezali na ba langi oyo ya bululu ya pempe ya motane tomoni ezali na minzoto oyo ba bengi ba etoile ezali na langi ya mosaka soki ezali ya mboka nini toyebi te.
ID_RHZZCB,Awa nazo mona kamwa carton ya moke ya kisi eza carton moko ya moke ba kisi eza na kati kisi nango nkombona yango artefane na pembeni wana nazo mona tomwa mabanga moko boye ya pembe.
ID_RIWQZN,Chidhindo chinoshandiswa navanhu kunyanya mumahofisi chinoratidzawo mvumo yekuita zvinhu pangava pabepa kana kuti pai pachingada kuiswa. Chinonyanya kushandiswa nevakuru venzvimbo.
ID_RLYSVG,Shangu tema idzo dzakasonwa pamusoro padzo. Hadzishandiswi tambo kana munhu achinge ava kupfeka. Dzakaiswa pasi.
ID_RMLTDJ,Mushina unoshanda namagetsi uri pasi pane ruvara rwebhurauni. Mushina uyu unoshandiswa muzvikoro muzvidzidzo kana mumahofisi pakunyora tsamba kana mamwe magwarowo. Une ruvara rwesirivha uyezve pane mucherechedzo wehapuro pamusoro pemushina uyu.
ID_RMYARZ,Shangu dzakagadzikwa pasi imwe ndeye kuruboshwe imwe ndeye kurudyi. Shangu idzi dzina mavara machena namavara egireyi. Nechemurutivi dzinoratidza kuti dzine ruvara rutema.
ID_RNMXPP,Mureza wenyika yemaudivisi une ruvara rutsvuku negirinhi neruchena pakati. une mufananidzo wemwedzi.
ID_RPKIIV,Muriwo uri mugadheni wakarimwa unoratidza kuti muriwo werugare uyezve muriwo uyu unoratidza kuti wanga wareba asi hauna mvura yakakwana zvekare hauna chikafu chakakwana. Une ruvara rwegirini asi uri kuratidza kusvava.
ID_RQNSVH,Munhukadzi wakarukwa musoro wakasonererwa vhudzi risiri rake pamusoro rakanaka kuuma rakakura kugotsi ipfupi. Kudivi rekurudyi mberi rakandonamirwa paganda rake rakamonyana monyana wakapfeka magirazi achisekerera.
ID_RRJHAQ,Murume uyu ari kuchengetedza chivanhu. Muruoko rwake akabata mukondo. Akapfeka matehwe. Nechepadumbu pake ane nyanga yaakasungira nedhende dzvuku. Mumaoko ake mune matehwe.
ID_RSLMJI,Maruva akadzvarwa kuti nzvimbo itaridzike zvakanaka. Akaitwa matatu matatu zvine unyanzvi. Mamwe ari mudendenedzwa ari egirini. Pakati pakaiswa anenge zvimuti akatumbuka maruva matsvuku.
ID_RVJKZK,Vanhu vakati wandei vari kufamba parutivi rwomugwagwa. Zvimwe vari kuenda uko vachawana zvekufambisa kuti vagodzokera zvakare kudzimba dzavo sezvo vapedza zvavanga vawira muguta.
ID_RYIGAJ,Zvinowedzeredza runako. Zvinopfekwa mumaoko. Zvakapfekwa zviine mavara mavara akawanda. Zvakapfekwa nemunhu tema muruoko rwake.
ID_SACORM,Awa na moni toza na kati ya terrain na moni eza na bana mibali na bana basi oyo batelemi pembeni ya terrain na nsima na bango pe na moni eza na mwa lopango moko oyo eza na mwa ndako moko ya monene ya pembe na ba matiti oyo eza liboso ya lopango.
ID_SAHAQF,Mushina wamagetsi wakakwadaburwa kuita zvipisi zvipisi uye tambo dzinobatanidza moto dzangoti nyechi kose kose.
ID_SAJIZD,Na moni photo oyo bolakisi biso eza mobali atelemi aza na bale na kati ya maboko na ye na batu mosusu bavandi na sima na ye.
ID_SBFDCO,"Midziyo inoshandiswa kuita mabasa remaoko pamusha. Midziyo iyi inosanganisira chigero, foko nefoshoro. Foshoro nechekumusoro kwayo ine ruvara rutema. Nechekuzasi ine ruvara rwakachenerukira koita zvakare chigero chine ruvara rutema nechekumusoro kuzasi chine ruvara rwakachenerukira zvakare."
ID_SEHLEP,Mafuta oyo mafuta ya kitoko ya kopakola ba bengi yango kokoa biter formula ezali mpona kopakola na nzoto ebombeli na yango ezali na langi ya pembe na ezali na langi ya shokola ezali pe na langi ya bozinga ezali pe na langi ya motane moto asimbi yango na maboko.
ID_SEJVSP,Musha wakakomberedzwa ne waya. Mukati memusha umu mune sora riri kubudira rinoratidza kuti rakatsvukuruka kana kuti tingati harina utano zvichibva zvaita kuti tifungidzwe kuti rava nenguva risina kumbowana mwando. Pane dutu rezvigubhu zvakaunganidzwa kuratidza kuti zvinorasirwa ipapo. Nechekunze kwacho kuri kubuda marara akangorashwa rashwa anoratidza kuti mapepa.
ID_SEZFBH,Bana kelasi batelemi awa na balakisi ba memi ba buku na maboko.
ID_SFDNNH,Foto elakisi place oyo ba tekisaka bikeko na moni oyo eza biloko basi ba lataka pe na biloko ba tiaka na barido na ba hotel.
ID_SFFHJS,Awa nazo mona na miso na nga foto ya bana bana mibale batelemi awa liboso na ngai eza bana mibale ya mibali batelemi liboso na nga awa bana mibale ya mibali.
ID_SGJXRJ,Chibhetibheti chine ruvara ruchena. Chinooneka zvakare ruvara rutsvuku zvinoratidza kuti hachina mambava akanyatsowanda. Chinogona chiri chimwana chechibhetibheti. Nechekumberi chine nzeve dzakamira chobva chaita maziso matsvuku.
ID_SIAOXE,Mudhorobha mune midhuri yakavakwa ichienda mudenga. Munewo vanhu vakawanda vari kufambamo. Mune motokari dziri kufamba mumugwagwa ine tara. Imwe motokari ndeyegireyi imwewo ichena yakashama zvakare pane vanhu vanotengesa vari kutengesa zvinwiwa.
ID_SIVQTY,Awa na moni balakisi biso mwa buku enamoni eza buku oyo eza na lisitwale ya mwana mobali moko oyo asimbi apare ya foto na maboko na mwasi moko afandi pembeni na ye.
ID_SJPJUN,Elili oyo nazo mona liboso na ngai eza liboka liboka oyo esalisaka bato kotuta na kati pondu pilipili nguba na biloko mosusu.
ID_SKVOBK,Na bilili oyo nali komona balakisinga eza frigo mpeza moko na kati ya ndako nali komona biloko na kati ba milangi pe na ba mwa sani.
ID_SLTFUI,Foto oyo elakisi biso mwa motuka na kati ya motuka wana moni ba mwa soda balati kitoko baza na ba manduki na mboko omoni mosusu atelemi aza na manduki moko ya monene azotala na liboso na ye emonani bato oyo bakei na kati ya bitumba.
ID_SLVCBA,Bhutsu dzinopfekwa nemadzimai. Dzakagadzikwa pasi. Bhutsu dzacho dzakagadzirwa zviri nyore uye dzine akaita mabhande uye dzine ruvara rwebhuruu. Bhutsu dzacho ndedzevaya vanofarira zvemucheno.
ID_SLVYIM,Balabala ya molai na kati ya zamba ba nzete eza ebele kasi na moni mutuka na kati ya balabala oyo te te balakisi biso na foto oyo.
ID_SMSMAM,Mudhorobheni mune zvivakwa nemigwagwa. Motokari dzimwe dzakamira pamativi emugwagwa. Vanhu vari kufamba vachiendawo kunzvimbo dzakasiyana siyana.
ID_SMUHMR,Na bilili oyo nali komona balakisinga awa eza ba kopo ebele na kati ya ba kopo oyo na moni biloko ya ba langi ya moindo pe batie yango likolo ya sima ya makaro ya pen.
ID_SMXLEB,Kasi boye okoyeba te soki eza neti nini boye ezali moto batie na kati ya ebale ya moke neti rivere kasi batie na kati boye eza kosala ye batem eza na ba tata mibale basingi ye na loboko mibale.
ID_SNVZKP,"Matehwe mana empada aine mavara machena, tema uye ebhurawuni. Akawaridzwa pane girini pasi."
ID_SOGDSX,Mumba yekurarira mune mubhedha wakakura chaizvo. Mubhedha uyu wakawaridzwa jira rine mitsetse uyezve mapiro ane mitsetse. Pedyo nemubhedha uyu pane chioniso chiri parutivi.
ID_SOQAUT,Na elili oyo tozali komona biloko ebele te eloko tomoni kaka eza na kati ya ndako na se tozo mona ndako yango eza ya monene mingi na ba caro ya minene na se.
ID_SPPKTX,Pamberi pezvitoro zvakapfurirwa nemarata pane vanhu vakawanda. Vamwe vari kufamba vachitevedza mugwagwa. Vamwe vari kudimbura mugwagwa. Pane murume akapfeka shati yebhuruu netirauzi dema. Mukadzi akapfeka shati chena netirauzi dzvuku. Mai vakapfeka siketi chena nebhurauzi reyero.
ID_SQJWFH,Bana mike ya basi batelemi bazosimba na loketo na bango moko akangi suki atie biloko ya pembe na kati mosusu pe akangi suki atie biloko ya pembe na kati moko alati elamba ya langi ya bozinga mosusu pe alati bilamba ya langi ya pembe.
ID_SQYKGE,Mureza une makara maviri. Rumwe ruvara rutsvuku ndorine nzvimbo yakakura. Ruvara rwebhuruu rwuri nechekumusoro nechepakona.
ID_SRCDPP,Wanasikana vechidiki vanotamba bhora ramaoko rinoti rimwe boka rine riri kurudyi rimwe riri kurutivi rweruboshwe.
ID_SRQHVW,Na bilili oyo tozali komona liboso na biso awa ezali bongo na balabala tozo mona ba ndeko bazali kokende tomoni ba ndeko ya basi mibale bazali kokende na batu mosusu pe liboso na bango ebele.
ID_SSRXVC,Tambo yemagetsi ine ruvara rutema uye tambo iyi iri hobvu. Inoratidza kuti rimwe divi inonotora moto pamagetsi. Kune simbi mbiri dzakaita dzine ruvara rwesirivha. Rimwe divi inoratidza kuti inonoisa moto mushina.
ID_SSVFHN,Uyu mufananidzo unoratidza mureza. Mureza une ruvara rutsvuku kumusoro neruvara rutema pakati. Pakati pane muvara muchena pobva paita nyeredzi mbiri dzine ruvara rwegirini.
ID_SSZFJO,Awa na moni eza esika batekiselaka ba kiti liboso na ngai nazo mona kiti moko ya kitoko mingi eza na ba langi misato langi ya liboso ezali pembe langi ya mibale ezali ya mwindo ya misato ezali ya mosaka.
ID_STHTYS,Vatambi vebhora vari munhandare vachitamba bhora.
ID_STNWGU,Miti iri mugomo yakawanda. Iri mugomo mune matutombo. Miti iyi ine ruvara rwegirini Mimwe yacho yakaita zvekusvibira. Pane mimwe miti iri nechepazasi mukati medzimba dzine ruvara rweyero nematenga ebhurauni. Miti iyi ine mashizha akasangana egirinhi ane kahuyero.
ID_SUQHVC,Mbudzi nhanhatu dzine ruvara ruchena nemisoro yakandotsvukuruka. Mbiri dziri kufamba mumugwagwa pasi. Dzimwe ina dziri padhuze nemudhuri wemba.
ID_SVEIZO,Shiri ina makumbo marefu iri tema nemutsipa wakareba nemuromo wakareba yakatakura vana vayo kumusana vane ruvara rwebhurauni. Shiri iyi iri pane masora ane ruvara rwegirinhi.
ID_SWNBNQ,Miti yamarudzi akasiyana ine mashizha egirini. Pamberi pane ruzhowa rwefenzi uye pane mapango akamisikidzwa uye akatenderera.
ID_SWVGWH,Zvinoshandiswa kukoma zvipikiri masimbi nemapuranga.
ID_SXHEXC,Na foto oyo nali komona za logo ya equipe wana ba lobaka yango atletico madrid nde nali komona balakisi nga awa.
ID_SXNTQP,Muriwo uri mundiro. Muriwo uyu wakabikwa zvakanaka zvinomwisa mvura. Une ruvara rwegirini uye yakaiswa hudobi dobi hune ruvara rutsvuku uye yero.
ID_SYDXFF,Takishopu ine zvinhu zvakawanda zviri kutengeswa zvinwiwa. Zvekare pane mukomana akapfeka chisikipa chitsvuku aripo. Panewo mudzimai ari kudarika akarukwa bhureidhi. akabata bhegi dzvuku nechipepa chichena.
ID_SYGVYQ,Bazo kotonga ndako ya etage.
ID_SYIVJF,Munhurume ari kufamba. Akapfeka bhachi dema rine hembe yakacheneruka mukati. Akapfekawo mudhebhe une ruvara rwedota uyewo akabata bhegi rine ruvara rwedota muruoko rwake rworudyi.
ID_SZCLMK,"Huku dzakawanda dziri muchirugu. Ndedzemhando dzechibhoyi. Dziya dzinochengeterwa mumisha. Dzina mavara akada kuenderana ebhurawuni, zvitema nezvichena."
ID_SZMOVM,Vakomana vaviri vari pakati pekurwa pamutambo wetsiva. Vakomana ava vakapfeka zvakasiyana. Mumwe akapfeka zvichena mumwe akapfeka zvebhuruu.
ID_TAAQQG,Zingizi rine musoro mutema nemuviri mutema une mitaro yeruvara rwegoridhe nemapapiro ane ruvara rwepfumbu. Rakamira pamusoro pechirimwa chine ruvara rwegoridhe. rinoratidza kuti riri kudya mukati meruva. Nechekumashure kunoratidza kuti maruva aya eruvara rwegoridhe akawanda achienda.
ID_TAJLWS,Chigayo chakakura. Chigayo ichi chine ruvara rwesirivheri. Nechepakati pacho pane ruvara rwebhuruu. Muzasi munoratidza kuti makashama.
ID_TAVWGO,Motikari chena ine chikwangwani cheyero chakanyorwa nezvitema. Yakamira parubwe. Parubwe pane mapundo egirinhi ane zvitsvuku.
ID_TBHFHI,Mwasi moko alati kitoko ba liputa kitoko liputa yango eza na langi ya bosaka pe na langi ya bozinga mwasi yango akangi suki na ye bien alati matalatala azosala aza liboso ya masini na ye na mikanda na ye na maboko.
ID_TCAKFV,Na moni liboso na nga awa eza ba kiti ya kekele eza soki mine bon eza na couleur ya bleu blanc jaune bleu na oyo yango ya monene yango pe ezaka na couleur wana.
ID_TDFPVB,Mureza wenyika yegatamara una mavara ebhuruu wekutanga nekumucheto. Pakati pane ruvara ruchena. Panewo mucherechedzo weshiri nebepa uyewo nezvakaita zvirimwa.
ID_TDKZJK,Crayon ya malangi pake ya liboso eza na langi ya bozinga mosusu eza na langi ya chokola crayon mosusu eza na langi ya pondu mosusu eza na langi ya bozinga ya mapata mosusu eza na langi ya pondu mosusu eza na langi ya rose mosusu eza na langi ya longondo mosusu eza na langi ya mosaka mosusu eza na langi ya lilala.
ID_TGHGEF,Eleli oyo ezali kolakisa bato bazali kotanga pe bazali ebele bazali mpenza ebele ba sangani basi na mibali bazali kotanga.
ID_TGHZFK,"Muchero wemhando yezvinanazi zvakatanhiwa zvimwe nezvidhongoti zvacho. Zvino ruvara rweorenji kumusoro, zasi zvino ruvara ruchakaita girini kutaridza kuti zvazvisati zvanyatsotsvuka nomazvo."
ID_THPHQM,Mudhorobha mune zvivakwa zvakawanda. Chimwe chakavakwa nezvidhinha chisina kupendwa. Dhoo regirazi ine ruvara rwegireyi. Vanhu vari kufamba mumwe munhurume akapfeka tirauzi rakasvibira hembe chena nenguwani. Motikari dzakamira mudhudhudhu umwe chete.
ID_TIXIKT,Koba ya mwana a koba ya mwana azali bongo na langi ya mosaka.
ID_TJRFZC,Vatambi vari kuserebhureta vakapfeka nhumbi dzeUganda.
ID_TJWMHI,Derere rechipudzi rakabatwa mumaoko. Rimwe riri pasi muchibhasikiti. Derere rine mhumhu mupfupi uye rakakora. Derere rinonaka kwazvo kudyisa nesadza.
ID_TKXQLV,Na elili oyo tozali komona tozali komona ba ndeko mibali liboso na bango ndenge alati akozala aza albitre pe sima eza bato ba betaka ndembo ya makolo.
ID_TLYNLJ,Shiri yakamira pachitsiga chemuti ine ruvara ruchena neruvara rwebhurauni neruvara rutema zvakasangana. Iine muchochororo murefu Yakamira iri pachitsiga chine ruvara ruchena neruvara rwebhurauni zvakada kuti sanganei.
ID_TMTBFW,Ba ndeko esika na komi awa nazo mona naomona mboka moko monene mboka moko etoni ba ndako ebele epi na liboso na nga pe naomona eloko oyo ba bengaka pancarte publicitaire kwa pancarte moko boye ya monene mpenza eya likolo na misu na ngai.
ID_TNMKEB,Awa esika nazali komona eza esika moko ya kitoko esika ya kotambola esika kopema nazali komona ba nzete mai eza esika moko ya monene.
ID_TOSHMK,Na bilili oyo ali komona molangi moko ba tiango likolo ya mesa ya kitoko na moni pe ba kiti ba kiti wana eza na ba langi ya longondo te na moni balakisi ngaa.
ID_TPVSMA,"Tafura yakagadzikwa zvinhu zvinoshandiswa mumahofisi muzvikoro kana mune dzimwewo nzvimbo dzakasiyana siyana zvakaita samapenzura ayo anoshandiswa kunyora kana kudhirowa, zvigero zvinoshandiswa kucheka namabhuku anoshandiswawo kunyorerwa."
ID_TRPWAZ,Zvirugu zvinoratidza kuti ndezve huku Izvo zvakavakwa namasimbi ne waya. Pakaiswa zvikamu zviviri pasi nokumusoro. Munewo midziyo inoshandiswa pakuisira mvura uye chikafu chehuku.
ID_TSWXQX,Foto eza liboso na nga awa na moni mwa logo moko ya kitoko logo oyo bakomi medlife eza kitoko mpenza.
ID_TTMKHL,Eloko nazo mona awa eza obele biloko ba liaka koona yango ezalaka biloko babena aubergine eza mbuma moko ba liaka eza mobesu kaka eza dessin moko ya kitoko eza dessin moko ya kitoko ba tia yango na salade eza biloko moko ya kitoko eza pona kolia.
ID_TUTDTG,Na bilili oyo nali komona balakisi nga eza ba mibali bazo sala ba sport oyo ba bengaka yango ba karate te nali komona ba mosusu batelemi pembeni ya ba ndako kuna bali kotala bango.
ID_TVCMKS,Awa esika na komi awa nazo mona obele naza na balabala me na pembeni ya balabala yango kuna nazo mona ndako moko ya kitoko mpenza eza ndako moko eza ya langi ya gris epi na kati eza langi ya pembe eza ndako moko ya etage ya kitoko vrema eza pembeni kuna epi na pembeni ya etage wana nazo mona koza ba mwa jardin mwa matiti matiti eza na se na kote ya parking nango.
ID_TWOJWP,Vanhu vari kufamba pamugwagwa unowanikwa mudhorobha reHarare. Pane munhukadzi akaisa pendi tsvuku mumusoro make akapfeka hembe yeyero akaisa chivhara dzihwa ari kufamba. Ari kupesana neumwe akapfeka hembe ine ruvara ruchena kumusoro neimwe yepingi kuzasi. Pane miti iri kuonekawo uye nzvimbo iyi inoratidza kuti inoitwa zvinhu zvakawanda nekuti pane vanhu vakawanda varipo. Pane umwe akagara padizo nemadziro akaisa zvinhu zvake pasi zvekutengesa.
ID_TYRTLE,Mabhaudhi akaiswa pauriri huchena. Matatu. maviri acho ane zvinenge zvimutsetse zvakatenderedza. kouya chimwe chisina chakagara chega. Chiri kurudyi chinoshanda kusungisa mabhaudhi ari kurutivi rwekuruboshwe.
ID_TYVXWN,Miti midiki yakati rebei. Ine matanda matete nemashizha mazhinji eruvara rwebumhudza yakasvibira. Imba iri kuonekwa nechechinhambwe kubva pane muti.
ID_UBPBMQ,Bana baza na kelasi ya maternel bazo tanga ba buku ya ba dessin animés bana ba misato bazo tanga buku bavandi na ba kiti ya langi ya bleu bazo tanga ba buku na bango.
ID_UCVSCL,Na balabala ba mutuka ezoleka kuna pembeni eza zando bato baoteka na bato mosusu bazoya kosomba mama moko azokatisa balabala mobali moko avandi likolo ya pus pus na ye.
ID_UCVURN,"Bilili oyo nazali komona liboso nangayi awa na moni ezali bongo na balabala, na balabala mutuka ya ndeko songolo ekufaki tomoni ndeko moko aza na se ya mutuka asi alongoli pneu azali kobongisa yango."
ID_UEICYL,Nazo mona na elili oyo bazo lakisa biso esika babokolaka soso nazo mona ezali lokola esika ya bobokoli soso.
ID_UEKELA,Bato ba sangani na mesa ba mibali kaka bazo koma likolo ya mesa na bango wana eza ba mayi na ba sucre.
ID_UFHMFI,Mudhuri wakapendewa uri kuratidza ruvara rwebhuruu pane mifananidzo yevanhu vakagerewa misoro nezvigero nemapanga nemaoko. Nechemukati pane muti wemubhanana une ruvara mashizha neruvara rwebhuruu rwegirinhi.
ID_UFMNXZ,Elakisi biso mwa eleko oyo ba benga yango na monoko ya lopoto lecteur oyo eza mwa eloko otiaka na television pe elakisi ba mwa ba foto oyo olingi omona pe elakisi ba mwa bilili mosusu ya kitoko mpenza.
ID_UFPBVD,Mutambi wemutambo webhasiketi bho mumwe chete. Ari munhandare pedyo nenzvimbo yekumwisa. Akamira negumbo rimwe achiratidza kuuruka kuti amwise bhora. Akapfeka chipika cheruvara rwebumhudza nechimwe cheruvara rutsvuku mukati uye mudhebhe mutema neshangu nhema. Kune vamwe vanhu vari kunze kwenhandare vari kuona achitamba.
ID_UGAAJY,Liboso na nga awa na moni balakisi nga mwa bwate pe na kati ya bwate oyo eza na ba kisi na kati likolo ya bwate bakomi talodol pa nde yango oyo eza kisi nde eza na kati.
ID_UGYTQG,Na bilili oyo nali komona balakisi biso awa eza ba mbuma kolia banana bapapaya pe na biloko misusu ezalaka na vitamine mpona nzoto ya motu.
ID_UGYUGB,Liboso na ngai nazo mona basi mine bazo seka pe bazo sepela na maboko na bango baza na ndembo.
ID_UHJNPI,Chigumbu chine chimwiwa checoca Cola chine ruvara rwakasvibira. Chigumbu ichi chakavharwa nechivharo chine ruvara ruchena uye padumbu pechigubhu pane bepa rine ruvara rutsvuku pakanyorwa nemavara machena.
ID_UHKXAN,Na elili oyo nazo mona bazo lakisa biso kisi ya komela eza na efungeli esika bakomi filometa place ezai kisi ya komela mpona kobikisa nkokoso ya malaria.
ID_UJQPMH,Batapata regirini rine mabhande ane ruvara rwegoridhe. akagadzikwa pamusoro pejira jena iro rinopfekwa nemunhukadzi kana vanhurume kana kuchinge kuchipisa kana kushandisa pakugezesa.
ID_UKEIZM,Ndako ya kitoko makasi eza na lopango na yango na likolo ya lopango bati ba mabende moko ya pembe ndako yango pe eza na langi ya lilala na balabala na moni eza na mwana moke moko ya mobali oyo azoleka pembeni ya lopango yango.
ID_UKNAIE,Liboso na nga awa na moni toza na kati ya ndako pe tomoni bati ba kiti ya kitoko ba divan na kamwa mesa na kati ya ndako nde yango baolakisa biso.
ID_ULNXEP,Nyeredzi iri pamureza uyu ine ruvara ruchena. Kwozotiwo kumusoro kwemureza kune ruvara rwegoridhe. Pakati nepakati pemureza pane ruvara rwemashizha. Kwozotiwo kwekupedzisira pazasi pane ruvara rutsvuku.
ID_UOPBUE,Zvivakwa zvakakura zvakawanda zviri panzvimbo iyi zvakavakwa nezvitinha zvine ruvara rwebhurauni zvikapendwa neruvara ruchena. Pakati pezvivakwa izvi pane miti mihombe ine mashizha ane ruvara rwegirini.
ID_UQGGPU,Awa na moni eza na kati ya ndako liboso na ngai nazo mona ba eskalier ya molai ezomata ezokende esika songolo.
ID_URHPQJ,Na elili oyo nazo mona esika bazo lakisa biso bana-kelasi ya mbula mikie na kati ya ndako ya kelasi bavandi nazo mona elili ya mwana-kelasi ya mobali alati litala ya maso azotala liboso.
ID_UROXOJ,Tozali komona eza eloko oyo ya ba electronix tozo mona baza kolakisa biso ba bafle ba bafle ezali oyo soki oza kobeta muziki to ozali koloba na mikro omona elekaka awa ebandi koloba makasi makasi po bato bayoka.
ID_URTBTP,Vanhu vakawanda vari kuratidza kuti panzvimbo apa pane chiitiko changa chiripo. Vakapfeka hembe asi pana madzimai akapfeka hembe dzebhuruu nezvekumusoro zvichena ne siketi yebhuruu uyezve nedhuku rakaita rebhuruu. Vanoratidza kuti madzimai echechi uyezve zvinoratidza kuti hembe dzavo dzinopfekwa kana paine ungano.
ID_URXXAU,Munhukadzi akapfeka mbatya dzake dzakanaka. Akamira akabata rimwe ruoko kurutivi rimwe rakarembedzwa.
ID_USSSXY,Shangu mbiri dzemunhukadzi dzakaiswa mavara pamusoro uye dzine tambo yekubata gumbo dzakavhurika dzinoratidza kuti dzinopinza mhepo munguva yekupesa.
ID_USZRFW,Munhurume akabereka bhegi neruoko rumwe chete. Unoratidza kuti wakatsikitsira ane zvaari kuona pamaoko ake. Wakapfeka hembe dzinopfekwa nevarume vechizvino zvino. Mumusoro make mune bhareta. makumbo make mune mudhebhe kumusoro kwake kune nhumbi.
ID_UTHIVY,Vatambi vari munhandare vanomwe. Vatambi vari nechepamberi vakaita zvekuchonjomara. Vari kumashure vakaita zvekumira uye vamwe vacho vakabatana kumapfudzi. Mutambi ari pakati akapfeka zvakasiyana nevamwe.
ID_UTOAQG,Biloko ya kolia ebele likolo ya mesa ezali bongo maki ya kotokisa salade bayeti frite soso ya kokalinga na tomson ya kokanga.
ID_UTRRNL,"Vana vari munzvimbo inoitirwa mutambo. Vamwe vari kufamba vamwe vakamira vakatarisa murairidzi wavo. Vakapfeka nhumbi dzine ruvara rwakasiyana. Vamwe vakapfeka zvitsvuku, vamwe vakapfeka zvichena uye vamwe vakapfeka zvegirini nepingi."
ID_UVMLAT,Mureza wenyika une ruvara rutatu rokutanga ruvara rwebhuruu ruchiedzika kuzasi potera ruvara ruchena popedzera nerumwe ruvara rwebhuruu. Pane ruvara ruchena pari kuonekwa chipepa chakapeteka chakanyorwa neshiri yakamharapo.
ID_UWBFTZ,Bana ba wewa ba motar.
ID_UWMENO,Awa nazo mona ba ndako mibale ezomonana malamu mosusu ezomonana malamu te ba ndako ya ndenge ya kala na place monene ya kotambolela eza lokola nzela kasi eza na mabele.
ID_UXUXQS,Kaloti oyo eza mibale mibale mibale ndenge moko kasi nyonso eza na ba ndunda.
ID_UYYZRT,Milanga esili kobimisa ba mbuma nango oyo ezali fruit ba bengaka pakapaka eza na langi ya lilala pe na mwa langi ya pondu moke.
ID_UYZIDF,Na bilili oyo nali komona balakisinga awa balabala pe ba mituka na balabala na moni pe bato batelemi po bali kozela ba mituka mpona bakotana na kati ba mama basi ba misusu na moni ba memi ba saki na bango na mokongo pe na moni bamai ya bosoto wana ba milangi bisoto ebele eza pembe na balabala.
ID_UZCUNE,Milangi oyo eza na eleko na kati kasi misato nde ezomonana malamu biloko ya kati eza ya komela.
ID_UZNHDS,Nyama yehuku yakanatsobikwa zvakanaka uyezve yakabikwa zviri zvidya zvoga zvoga. Pamusoro pakabva pagadzikwa madomasi uyezve nezvimashizha zvegirini kuwedzera kunakisa zvibikwa izvi.
ID_UZPOHC,Shiri imwe chete iri mudendere yaro riri mumuti mukuru une mashizha egirinhi. Ine mavara ebhurauni namachena.
ID_UZQPIE,Esika tokomi awa ba ndeko na ngai naomona eza ebele buku eza buku moko ya kitoko mpenza buku oyo ya kosalisa bana na kelasi na moni na komi na likolo na ango buku ya francais eya buku moko ya kitoko mingi.
ID_VAHYZX,Chidhori chine ruvara ruchena chakapfekedzwa nhumbi yechikadzi riri rokwe. Rokwe iri riri kuonekwa rakareba asi nechekumusoro rine tambo harina maoko akarebenuka. Nechekumashure kuri kuonekwa chimwe chidhori zvichionekwa kuti zviri muchitoro chinotengesa mbatya idzi.
ID_VCINKB,Murume ari pakati pekugadzira injini yemotokari. Injini iyi ine mavara mavara. Nechemukati ine ruvara rutema kunze yoita ruvara rwesirivheri. Nechepamusoro ine maburi maburi uyezve inoti simbi simbi twakangobatana batana.
ID_VCTYHQ,Baba vari kufamba vakafuratira kuchikoro kwavari kubva. Vakatakura chikwama chavo chegoridhe. Vakapfeka hembe dzakasvibirira neshangu dzine ruvara rwebhuruu.
ID_VENALY,Ba ndeko awa pe esika na komi awa eza esika na kati ya ndako me na ndako oyo ba bengi yango eza obele place balambelaka biloko ya kolia awa nazo mona koza ba frui ndenge na ndenge bazo bongisa yango mpona ba tia yango na mesa.
ID_VFDVNQ,Awa na moni eza esika ba tekaka ba buku ya bana na likolo ya buku yango na moni dessin ya nyama moko ba bengaka yango ngungi.
ID_VGRHEU,Dandemutande rine ruvara rwegirini neruvara rutema neruvara rwebhurauni akaita mitsetse inobva kumusoro ichidzika kumashure. Yakagara pasi pana mashizha akatumbuka mamwe ane ruvara rwepepuru mamwe ane ruvara rwakaita bhuruu mamwe ane ruvara rwegirini. Dandemutande ritori neshinda dzayo pane ruva rine muvara wegirini.
ID_VINFUR,Munhukadzi akabata shaya akapfeka hembe ine ruvara rutsvuku. Akaruka zvinhu zvakanamira mumusoro zvichienda kumashure zvichiremberera. Muromo wake une ruvara rwepingi netsiye dzisina kugadzirwa.
ID_VJNISQ,Awa nazo mona tondese ezali awa na moni pe ba crayon pe ezali eza ba materiel tosalelaka na moni pe ba bike pe eza wana.
ID_VJUJUD,"Mugwagwa miviri une tara neusina motikari, miti ine mashizha egirini nemaruva epepuro, huswa hwakaoma."
ID_VKRKCQ,Bete ramabhachi ritema namapapiro makuru rakamhara padombo riri kutsvaka zvokudya.
ID_VMCOFZ,Mbozhanhare yerudzi rweiphone yakagadzikwa pamusoro pegumbezi. Ine kamufananidzo katema kehapuro risina kukwana.
ID_VMOBST,Bilei na kati ya restaurant soso nyama pe na ba ndunda na mbala biloko epai na epai pe na ba loso.
ID_VMYEXJ,Na esika pe tokomi awa na moni eza place moko koza matiti ebele songolo songolo na moni pe na kati ya ba matiti wana koza bato misato bazo sala sport na bango sport oyo ba bengaka na monoko ya lopoto sport oyo ya karate.
ID_VMYHSN,Shangu mbiri imwe yakagara pamusoro peimwe. Dzine ruvara rutema dzinoratidza kuti shangu dzerudzi rwesanduru. Dzakavhurika kumberi. Dzine ruvara rutema mukati dzakanyorwa neruvara rwegoridhe asi pamusoro dzine ruvara ruchena neruvara rutema. Dzakagara pasi pane ruvara rwepfumbu neruvara rutema.
ID_VNQOPK,Awa nakomona eza atelie ba mashine ezali wana mashine ya ekonika fufu ekonika masango ekonika nguba biloko nyonso na komona eza ba mashine ba mashine esika ba tekisaka ba mashine pe bakosala pe ba mashine.
ID_VOZGMM,Ba ndeko awa pe naomona eza bilei epi eza na kati ya nzungu baolamba na munango eza obele mbisi epi likolo ya mbisi oyo naomona ba tomate na matungulu na ba poivron rema mutu aolamba bilei oyo ekozala agu mingi ozala kitoko mpenza.
ID_VOZSMW,Singi yekugezera ine ruvara rwesirivha. Pane pombi yemvura yakakwera mudenga ndokuzobhenda. Panewo mishonga inoshandiswa kana uchida kugeza zvinhu.
ID_VSIQKV,"Mamwe amaturusi anoshandiswa kuita mabasa amaoko akasiyana siyana. Pane eskuru dhiraivha, pinjisi nesipanera. Pinjisi ine mubato une ruvara rutema namavara eyero. Pinjidzizi dzinoratidza kuti dzakarongwa nehukuru wadzo kunotanga doko kuchinopesera hombe hombe. Zvipanera zvine ruvara rutema namavara eyero zvakare."
ID_VUVJWI,Muti una mashizha madiki mazhinji anopa mumvuri wakanaka uye mukuru kwazvo.
ID_VXVHZA,Muti muhombe mitatu iri kumberi kwezvivakwa zvinobudikira zvine ruvara ruchena kwoita zvimwe zvimiti zvidiki zviri pasi pemazimiti aya.
ID_VYRCXO,Awa eza esika ba konzi batelemelaka makambo ya kelasi ndako ya kitoko.
ID_VYVYRL,"Mango dzine ruvara rwakasiyana zinoti yero, girinhi. Dzimwe dziri pasi dzimwe dziri mudheka ritsvuku. Parutivi pacho pane mahuswa egirinhi."
ID_VZFEWT,Vakomana vezera rechidiki vanofarira zvemutambo. Vakapfeka hembe dzavo dzakasununguka dzavanoshandisa kana vachida kutamba. Pane mumwe ari pamberi akatarisa pasi akabata bhora.
ID_VZPHOL,Nzvimbo inoratidza kuti parutivi pomugwagwa wedzimotokari namabhazi. Pane kamba kaduku kangangova kari kemagetsi kana kuti kenhare mbozha kakanamirwa mapepa akawanda evaimbi nevanoita zvemotengerwo enyika.
ID_WBDIEG,Dhorobha rine midhuri yakareba. Umwe une ruvara rwebhurauni mahwindo akawanda. Miti ine mashizha egirinhi. Munhu ari pamota bhaiki akapfeka nguwani yebhuruu. Motikari dzine ruvara ruchena.
ID_WBXQTC,Munhurume akapfeka nhumbi ine mawara mawara. Muhuro make akapfekawo chuma icho chine chiratidzo chomuchinjikwa nechepamberi pacho. Zvakare ane bvudziwo rakapendiwa rakachinjiwa kara.
ID_WBZRLQ,Balakisi biso awa motu ya mwana mwasi ba kangi ye suki nde azolakisa biso motindo nini ba kangaki suki yango.
ID_WDPIDY,Oyo ba kiti ya salon ba bengaka ba divan eza pe na ba kosana yango mibale ekokanga ya chokola na ba mwindu mosusu eza chokola kaka.
ID_WDZCRL,"Kabhokisi kemapini anoshandiswa mumakambani kana muzvikoro. Kabhokisi aka kane ruvara rutsvuku neruvara ruchena. Kakanyorwa namavara matsvuku namavara matema. Mapini arimo anoratidza kuti ane mavara akasiyana siyana. Mamwe mapini ane ruvara rweyero, mamwe ane ruvara rwebhuruu mamwe ane ruvara rwepingi."
ID_WFSNBQ,Liboso na ngai nazo mona moteur moko ya motuka.
ID_WGDFIO,Imba yakashongedzwa zvinonwisa mvura. Mekutandarira mune masofa matsvuku anoenderana netafura asi rine girazi pakaiswa maruva akashongedza imba iyi. Mune zvemudenga zvishongedzo zvakanaka uyezve kumberi kunoratidza kuti kuri kuenderera nemataira ebhurawuni. Imba iyi inoratidza sehotera.
ID_WGTTAV,Bato mibale bazo tambola na nzela mobali azali liboso mwasi azali nsima mobali ya liboso asimbi katini ya pembe mwasi na nsima asimbi saki na maboko.
ID_WHRRVY,Na moni mwa ndako ya kitoko pe ya se ndako oyo eza na kati ya lopango pe na moni na kati ya lopango oyo mwa nzete ya monene pe na moni lopango yango eza na langi moko ya kitoko pe eza kongenga na moni liboso yango mwa matiti na mwa efololo ya kitoko mpenza.
ID_WHTMGC,Shangu tsvuku mbiri idzi dzinoshandiswa pamujaho kana pakumhanya uye shangu idzi dzinosungwa pamusoro kuitira kuti choka inyatsobata zvakanaka.
ID_WHUXCU,Mombe dziri mudanga uye mombe idzi dzine ruvara rwebhurauni. Dzimwe dzine nyanga. Pane wokamhuru kane ruvara rwebhurauni. Imwe mombe idzi iri kudya sauti ine ruvara ruchena.
ID_WIBEDZ,Foto oyo elakisi biso mwa buku eza buku oyo ya troisieme primaire buku oyo eza buku ya histoire na geographie monani eza ya kitoko mpenza.
ID_WLATQT,"Panovezwa simbi panogadzirwa mawindo furemu nemadho furemu ayo matema aine dhiramu, komana jenareta uye chikwangwani marara pasi."
ID_WLVCIE,Shangu imwe chete yakagadzikwa pasi pane ruvara ruchena. Shangu iyi itenesi ine ruvara rutema yoita madododo eruvara rwegireyi. Nechemukati ine ruvara rutema yoita netambo dzine ruvara rutema.
ID_WLVUHQ,Hembe ine ruvara rwebhuruu yerudzi rweresi. Ine mabhatani matema pamberi nemaoko akafara emunhukadzi iri kuratidza kuti iri kuratidzirwa iri kutengeswa.
ID_WNDDQC,Motuka oyo etelemi eza neti etelemi esika basukolaka mituka na moni bato mibale wana batelemi bazo tala yango.
ID_WNPCLK,Makicheni yuniti ari kutengeswa ane ruvara ruchena. Makicheni yuniti aya ane madhiro matatu nemadhoo matatu uyezve akagara pasi pane mapuranga. kuna masofa zvekare anoratidza kuti ari kutengeswa muchitoro ichi.
ID_WOPOVQ,Sika na komi awa ba ndeko naomona baolakisa ngai na pepo na pepo oyo na moni baolakisa ngai eloko ba bengi na noko ya lopoto eza ebele helicoptere ezotambola na pepo.
ID_WPKARR,Vanhukadzi vakamira vakaita mutsetse vakabatana mumabendekete avo vakapfekawo nhumbi dzinoratidza kuti vatambi vemutambo wevhoribho. Vari kuratidza kuti vave kuda kunotanga mutambo wavo.
ID_WRJKBM,Awa tozo mona eloko esimbi eloko ba bengi singa ya charger oyo esalaka moto ekota na kati ya telefone yango wana baza lakisa biso loboko esimbi yango ezali na langi ya pembe.
ID_WSBTTM,Buku ya bana-kelasi ya motoba ekolakisa bango lolenge ya kotanga pe kokoma orthographe.
ID_WSMAWR,Bendele eza na langi ya bozinga likolo ya monene na ligne moko ya langi ya pembe na katikati mosusu na katikati langi ya motani na se nango lisusu molongo ya langi lisusu ya pembe na se lisusu langi ya bozinga na katikati eza na minzoto esalisi acle na langi ya mosaka.
ID_WTRVXN,Liboso awa nazali komona ezali bongo foto ba kangi ndako pe ndako yango eza ndako ya kovanda te eza esika ya mosala po na moni bakomi likolo na monoko ya bopoto agence.
ID_WUBYWS,Chibhodhi chinonyorerwa nevana vadiki. Chine ruvara ruchena nerwebhuruu kunze. Chine chinyoreso chakatsvetwa pamusoro. Chakaputirwa nepepa repurasitiki jena.
ID_WUIHHV,Michero yakasiyana siyana inodywa nevanhu. Imwe yacho iri kuoneka mhodzi dzayo tsvuku uye imwe yacho yakacheneruka. Michero iyi ine imwe mitsvuku iri kuwonekwa iine mambava.
ID_WVPTRD,"Na liboso na ngai na moni eza na monuma likolo ya monuma na moni bikeko mibale eza na maboko te, e na moni mabele na lisusu alati te kuna ya rompe wana na moni ndako ya monene."
ID_WWYFTZ,Awa tomoni bana ba mike baza na kati ya kelasi baza koyekola baza mwa mingi baza kotala motu aza kolakisa bango baza koyekola baza mingi na kati ya kelasi.
ID_WXYBXH,Awa pe nakomona bilei naakomona kwanga na mopanzi bongo na katikati batie madesu na mopanzi kuna matie pilipili ya langi ya motani bongo na mopanzi kuna batie batie tanzu.
ID_WZDBDJ,"Miti, maporo uye tambo dzemagetsi, jurahoro, mugwagwa une tara, dzimba nehuswa hudoko hwakaoma."
ID_WZHDZH,Liboso na nga awa na moni ba tata mibale moto na moto aza na bike na loboko pe baosigne likolo ya ba papier oyo.
ID_XBHYWJ,Vakomana vanoita zvemutambo wetsiva vari pakati pemutambo wavo. Kune mumwe wakapfeka hembe ine ruvara rwebhuruu kuzasi hembe iyi yakanyorwa nemavara machena kudzi Twins special koitawo mumwe wakapfeka hembe ine ruvara rutsvuku nechikabudura chine ruvara rutema neruvara ruchena.
ID_XBNVDS,Shangu dzekutambisa mutambo. Vazhinji vanotambisa shangu idzi mutambo wenhabvu. Shangu idzi dzine ruvara rwakada kurerekera kuruvara rwenhundurwa pamusoro. Murutivi dzine ruvara ruchena. Nechekumashure dzine ruvara rutema.
ID_XBOTXS,Na bilili oyo nali komona balakisi nga kamwa nzete ya mokuse pe na moni eza pembeni ya libanga ya monene na moni kamwa sac pembeni na yango nde nali komona balakisi nga.
ID_XDUUNH,Oyo bato bazo sambela na katiya eglise chrétienne na moni kurusa esi kuna na nsima baza na kati ya eglise bazo sambela merci.
ID_XEKFYB,Ba ngomba pe bisobe ya matiti eza na ba ndako bato bavandaka matiti mosusu ya ko kauka mosusu eza na ya mobeso ya langi ya pondu mosika na na ba ndako nazo mona manzanza na bango.
ID_XFCXUL,"Musika uri kutengesa zvakasiyana siyana. Pane makotopeya, zvinanasi, mabhanana, mango nezvimwewo zvakadaro. Makotopeya ane ruvara rwegirinhi nemavara mavara matema kwoitawo mabhanana ane ruvara rweyero nemamwe ane ruvara rwegirinhi akakangavira. Mango dzina ruvara rutsvuku."
ID_XFMSIQ,Awa na moni ba tongi ba mabanga ebele na kati bati kamwa ndako bati vierge marie nde biloko na moni awa.
ID_XFQJTD,Awa tomoni sapato ya bana-basi tozali komona ezali kitoko tomoni ezali na langi oyo ezali ya motane na mwindo na kati kasi ezali ya bana basi ezali kitoko kitoko mpona kolata.
ID_XGOOWY,Liboso na ngai nazo mona ba matiti ebele likolo na yango nazo mona balabala na kati na yango nazo mona ba mituka na bato ebele bazo tambola.
ID_XGTHZP,Nzela esi ebebi bato bazolekaka na nzela wana ndenge wana.
ID_XHGAJR,Elembo ya mboka ezali bongo na langi ya pembe na makomi ya chokola.
ID_XHJUVO,Ba ndeko eleko nazo mona awa na misu na ngai naza obele na kati ya ndako me ndako yango na moni naza na place oyo ba bengaka na monoko ya lopoto na salle a manger na salle a manger oyo na moni bato bazo lia bilei eza papa mama na mwana na ye baza na kati ya salle a manger baza na mesa bazo lia biloko ya kolia.
ID_XIHAIR,Awa na moni balakisi biso mwa mpuku moko ya monene makasi e na moni eza mpuku oyo ezalaka na zamba na se ya mabele.
ID_XIPYIV,Awa nazo mona tomwa babole moko boye oyo ba tiaka biloko ya kolia na kati otia na frigo babole yango sikoyo moko eza na coulere ya mosaka moko eza na coulere ya mai ya pondu bole mosusu eza na coulere ya motane bole mosusu eza na coulere ya lilala.
ID_XIZBQT,Awa tozali komona bazo lakisa biso baza kolakisa biso monima tomoni sima monima nzete moko pe ezali wana kasi tomoni motu moko atelemi na ngambo ya balabala azali kotala monima yango motu yango alati pembe na mwindo na kasaki moko na mabeka na ye.
ID_XJNTHO,Oyo eza logo ya république du congo brazzaville logo yango ezalaka unité travail progrès ezalaka na dessin mo neti lion asimbi moto na ba elépant mibale Sassu ngeso pe logo na ezala ba éléphane.
ID_XKEGLX,Zvinwiwa zvedoro rechirungu romumabhodhoro rebhureki rebhoro. Ririmumabhodhoro ane bepa rine zvitsvuku. Ari mufiriji yegirazi inoonekwa zviri mukati kuti atonhorere. Ari kutengesewa akazara mufiriji.
ID_XKFXQJ,Motuka esali mikolo ebele ezali ekufa liboso ya lopango oyo ya polise toza komona batole na ba fenetre ebele.
ID_XKPYUW,Liboso na nga na moni eza kabato bato monene kabati oyo ba tiaka ba buku ya kotanga nde na moni yango liboso na nga batie ba buku wana kitoko mpenza moni epesi mposa ya kotanga.
ID_XLFFGX,Mumugwagwa unoratidzika kuti unofamba mota dzakawanda. Kumativi kwawo kune vanhu variko. Vanhu ava vanosanganisira varume vaviri kozoti mukadzi akamira akatakura bhegi.
ID_XLNHAF,Na elili oyo tozo mona esika bazo lakisa biso moto ya loposo ya mondele azoli koloba liboso na ye ezali na mikro ya molai liboso na ye ezali na eloko esika bakomi na monoko ya lopoto secretary general.
ID_XLPSXR,Vhudzi refu rakasvibirira rakarukwa zvakati tsepete nomusoro. Nechepanhongonya panewo madenderedzwa amaraini ayo akanosungwazve vhudzi richinorembera. Poitawo mimwe mitaro inobva nechepanhongonya ichidzira musoro wese kuchizoiswa zvuma pekupedzisira.
ID_XMKMDY,Zvuma zvakarembedzwa kuti zvioneke hunaku hwazvo kune vanenge vachida kuzozvitenga.
ID_XOSHIU,Awa tozali komona ezali na kati ya nzela tomoni balakisi biso bisi moko ya monene mpenza ezali na langi oyo ya pembe kasi ezali kokende na pembeni yango tomoni bato bazali koleka bazali kokende esika songolo.
ID_XPFQKJ,Eloko balakisi nga awa ba ndeko na miso na ngai eza obele ndako moko mpenza ya kitoko ndako moko ya monene ndako ba lobaka monoko ya etage eza ndako ya etage epi eza ndako moko eza langi ya pembe pembe epi ba vitre nango eza langi ya moyindo.
ID_XQRCWT,Likolo ya mesa ezali na sani ya pembe ya mbele kasi ozomona eza na lutu yango na sani yango eza na kati eza loso na pondu na madesu kasi boye eza na mbisi ya kokalinga yango nde ba bengaka mpiodi boye ozomona pe pilipili yango eza elengi.
ID_XQUAPC,Ekeko ya moto eza likolo motango aza molai atelemi azotana ngambo kuna alati kazaka ya molai ya molai ekomi na makolo ba telemisi ekeko yango likolo ya beto moko boye ya langi ya mbwe.
ID_XSCBVZ,"Chaja yerudzi rutema ine tambo refu yakamonerana monerana. Kumusoro kwayo kune tuzino tuviri twesimbi tunova tunobairirwa kumadziro kuti tutore moto, chichiisa kuti tuchaje midziyo."
ID_XTDFEU,Elili oyo na moni liboso na ngawa na moni mwa nzete ya kitoko mpenza nzete oyo emonani eza nzete oyo ba bengaa yango na monoko ya lopoto bambu eza kitoko mpenza.
ID_XTVWHW,Awa nazo mona lokolo moko ya sapato ya basi ezaka lokolo moko ya sapato ya basi.
ID_XUVOLK,Muti yakamira pamberi pamusoro pedombo reruware rwegirinai.
ID_XVWCUU,Awa tozali komona bato mingi tozo mona ba elenge mibali batelemi oyo bazali kosala makambo ya miziki ya kobina baza na tolopamba balati eloko te na likolo kasi na se balati biloko ya langi ya mosaka tomoni na basi mibale pe baza na kati na bango mosala na bango ezali kobina koyemba yango wana baza kolakisa biso.
ID_XXFOBP,Awa na moni eza milangi mingi na kati ya milangi na moni eza ba savon ya liquide ya kosokola maboko nde nazo mona awa moko eza na couleur ya vert na mosusu eza na couleur ya rouge nde nazo mona.
ID_XXGTFT,Bana-kelasi bazo sala masano bazo sala epese oyo moko asote alati bilamba ya lange ya bozinga misusu bavandi na se balati bilamba ba lange ya pembe misusu balati bilamba ya langi ya mai ya pondu misusu balati bilamba ya rose misusu balati bilamba ya mitani bavandi na mabele.
ID_XXNSTV,Elili oyo ekolakisa loboko ya mwana mwasi ekolakisa ebombeli ya kisi ya langi ya pembe pe elili ya mwana moke alati elamba ya mosaka ya koseka kombo koma ezali na kombo pe ya kisi yango na bokono ya kobikisa.
ID_XXRGUZ,Muti une mashizha egirinhi akachenerukira nezvivana zvine ruvara rwebhurauni zvakawanda. Muti uri padivi pemudhuri. Mukati memudhuri mune zimuti zihombe rine mashizha egirinhi akawandisa. Pane mumwe muti une tumabazi twakaenda mativi tune mashizha tudiki twegirinhi. Panze pemudhuri pane tumaruva tune tumiti twegirinhi.
ID_XYNEAZ,Na esika tokomi awa nazo mona eza obele papa moko boye papa oyo na monoko ya lopoto ba bengaka ye aza obele professeur professeur oyo na moni aozwa ba biloko ba bengaka ba cre aotia yango na kati ya ba carton.
ID_XYNGYT,Mureza mumwe chete mutsvuku pakati pawo pane denderedzwa guru richena. Mukati maro mune nyeredzi nemwedzi zvitsvuku.
ID_XYRMYH,Mitsvairo yakatsveta pasi yakaturikidzana yekutsvairisa panze uye mumba. Vamwe vanhu vari kufamba vamwe vakagara. Motokari yakamira mumugwagwa.
ID_XYSGOD,Umu muchitoro munoita zvekutengesa midziyo yekubikira. Mimwe midziyo ine mibato mitema. imwe midziyo ine mibato yeruvara rwegoridhe.
ID_XZETLA,Bazo kumisa Mtn awa.
ID_XZTSMF,Motokari dziri kufamba pane mugwagwa wakaiswa tara. Mugwagwa wacho uri pedyo nemiti yemijakaranda. Miti iyi haina mashizha akawanda uye ine maruva airi kudonhedza. Panewo rusvingo ruri kumberi runodzivirira kuti vanhu vasaende kudzimba dzevanhu nepavanoda.
ID_YAZDEC,Foto elakisi biso mwa poltapare ya kitoko pe na se eza na mwa place ya kotia yamwa biloko mosusu pe portapare oyo eza na mwa mabaya moko ya kitoko pe langi moko ya kitoko mpenza pe na moni eza na mwa ba pine okoki kodeplace yango.
ID_YBCTRD,Murume muchena akagerwa ndokugadzirwa bvudzi rake zvakanaka. Murutivi rwemusoro make munoratidza kuti makagerwa bvudzi rakasiiwa radoko. Nechekumusoro bvudzi rakasiiwa rakakura ndokubva ratwasanudzwa richitarisa kumberi zvine unyanzvi.
ID_YBFFUC,Chidyiwa chinonzi tsangamidzi chinomerera muvhu chinonzi chinorapa zvirwere zvakasiyana kusanganisira mudumbu nedziwa nezvikosoro. Inovava imwe iriapa yakachekwa.
ID_YCUAQR,Photo nazo mona liboso na ngai nazo mona ndeko mwasi ya mokolo asi akoli asimbi mwana na maboko pe soki totali malamu mwana yango azobela aza na nzoto kolongono te.
ID_YEGQGO,Sadza rakapakurwa nemuriwo wakanaka. Pane sadza rine ruvara ruchena koita muriwo neruvara rwegirini kobva kwaita mhashu. Mhashu dzinoratidza kuti dzakanatsotsvukira uye dzinonaka.
ID_YEIYDD,Na bilili oyo nali komona awa balakisi nga mai ebele pe na moni ba mabanga na kati ya mai oyo te na moni ma soki na moni malamu kuna na moni ba nzete pe na ba ndako ya milayi.
ID_YGOOHY,Shangu dzemunhurume dzakapfekwa dzeruvara rusvipa uye dzakavharika kumberi kumashure kwakavhurika dzakanaka kwazvo.
ID_YGQLTC,Liboso na nga awa na moni balakisi ngai na mesa ba mwa eteni ya citron na mwa asiete nde yango oyo tomoni awa.
ID_YHBQZY,Elenge mibali bilenge mibali bango wana baza na molongo kasi baza neti kobeta bale yango wana bazmibongisama mpona kobeta bale balati pe bilamba ya kokokana ya pembe.
ID_YHQRIM,Kisi nkombo nango doxycycline eza na bwate ya pembe na langi ya pondu eza ba kisi ya komela mpona kosalisa bato baza na infection.
ID_YLFNDR,"Aya maruva,maruva echirungu.Ukatotarisa panotona kuti akuratidza kuti anodiridzwa uye ane utano.Ukatotarisa panotona kuti akutobereka michero yawo uye ukatotarisa panotona kuti anoratidza kuti anobukira nepasi."
ID_YLGJGF,Nekiresi nemhete zvakatsvetwa pachimudhori chine ruvara ruchena zvine ruvara rwegoridhe. Zvakabatwa neruoko kutsigirwa. Zvakatsvetwa pasi pane ruvara rwegirini.
ID_YLLAAX,Maruva akadyarwa ayo ari kukura. Anewo mashizha egirinhi mamwewo ari kubhuruma zvine ruvara rwepichi. Anonakisawo nzvimbo pangava pamba kana papi paakadyarwa.
ID_YLLSZV,Awa na moni eza buku moko boye likolo ya buku wana ba desine mwana mobali aza likolo ya mwa nyama na mwana mwasi aza pembeni.
ID_YNKOQY,Awa nazo mona mashini awa.
ID_YOANOW,Ndiro ine ruvara rutsvuku ine chikafu yakagadzikwa pamusoro petafura rine ruvara rwebhurauni. Ndiro iyi yakapakurirwa sadza. Sadza rine ruvara ruchena uye mune nyama yakakangwa zvinomwisa mvura ine ruvara rwebhurauni. Padivi pane girazi rine chinwiwa chine ruvara rweorenji.
ID_YOMUYB,Muti unenge mupopo uri pedyo zvikuru netambo dzamagetsi. Kana ukabatira kutambo idzi vazhinji vanobata mupopo uyu vanogwinwa. Pane shiri dzakamharawo pamusoro petambo yapamusoro.
ID_YOWFFV,"Nzvimbo yakaungana vanhu. vamwe vari kuita zvekutengesa mbatya. Pane mudzimai wakabata mbatya dzaari kutengesa. Mudzimai uyu ari kutengesa mbatya dzine ruvara rwegirini, dzimwe dzine ruvara rutsvuku dzimwewo ndidzo dzine ruvara rwebhuruu."
ID_YPRMZQ,"Chirimwa chemaepuro chine kara tsvuku, mashizha egirini, mutanda wacho webhurawuni nemashizha mamwe eredhi."
ID_YQCOJH,"Masamusa akawanda kwazvo ane ruvara rweyero. Akatsvetwa pachinhu chakafara uye akaiswa miriwo yakasiyana siyana yakachekwa chekwa. Pane madomasi, bhurokori, bonyeni neremoni."
ID_YQXMBU,Awa tomoni ndako moko esili te esengeli ba bongisa yango ekomi ya paka ekomi esali mikolo ebele esengeli ba sala eloko ba bengi renovation po esi ebebi esi ekomi ya kala.
ID_YRDTWP,Ba nzete ya milayi na langi ya pondu.
ID_YRXNJR,Motuka oyo ezali neti ya sika kasi ozomona ezali motuka neti eza kitoko pe makasi mingi yango eza na langi ya mwindu eza pe na langi ya mbwe.
ID_YSXMAC,Na esika na komi awa ba ndeko na omoni eza na amwa nzela moko ya mabele na pembeni na nzela na mabele na moni eza obele ba mituka mibale etelemi wana ba mituka oyo eza na langi ya mayi ya pondu.
ID_YSXZVS,Motuka moko ya monene etelemi eza na langi ya motane eza pe na milongo ya langi ya mosaka na nsima na yango eza na langi ya pembe eza na bapina ya minene na se na yango pe eza na langi ya pembe.
ID_YTBYDD,Boye ezali balabala ozomona mituka na bato pe baza pembeni ya mituka yango ya monene yango eza na langi ya pembe kasi ndako yango eza molai kasi eza neti ya kobetela boye yango eza neti ya kala eza na langi ya mbwe.
ID_YTIZJS,Gonye rine ruvara rwebhurauni rakasimudza musoro uye rine dumbu rinoratidza kuti rakaguta uye rakaiswa panotefetera pane ruvara ruchena.
ID_YUBNIJ,Na bilili oyo nali komona na sani oyo na moni pondu na moni ba kwanga na moni pe ba misuni ebele biloko ya kolia oyo eza ya kitoko.
ID_YUELGH,Awa nazo mona logo bakomi luxur beauty land.
ID_YUFIOJ,Awa na moni eza esika batekiselaka biloko mingi liboso na ngai nazo mona na kati ya etagere ba milangi ebele bazo zela bato baya kosomba.
ID_YXYKJA,Na esika tokomi awa na moni bazo lakisa nga ba ndeko eza obele esika bazo tekisa ba biloko oyo bakomiaka na yango na kati ya kelasi oyo ba benga yango ba cre oyo eza ba cre ya ndenge na ndenge ya ba langi ya pembe ya motane.
ID_ZABUUU,Mureza wenyika yemuAfurica Une ruvara rutsvuku kurudyi neruvara rweyero kubva kumusoro kuri kuruboshwe ichiteverwa negirinhi.
ID_ZCEOXY,Ndako kasi eza ndako ya molai ya monene kasi ndako yango eza na lopango moko eza na lopango yango eza mwindu yango ndako yango eza neti mwa ya kala eza sika te eza esika bato ba fandaka esika bato ba fandaka.
ID_ZCKRYZ,Ba konzi ya mapinga mibale bafandi na buroa moko alati teni ezali na langi ya moindo pe asimbi vere na maboko mosusu alati teni oyo ezali na langi ya pembe.
ID_ZDNNEM,Awa balakisi ngai bana mibale mibale bafandi baza na kati ya ndako bana mibali.
ID_ZDVLXF,Poto na moni na moni eza photo ya sapato bato ba lataka ya mwasi.
ID_ZFGUDY,Sango hombe rine miti mizhinji yakasvibira uye rinoratidza kuva neivhu dzvuku. Rine sora rakaoma uye pari kuonekwa chikomo chine miti mizhinji.
ID_ZFITUP,Na foto oyo nali komona balakisinga eza na kati ya lopango ya langi ya motani pe na moni ba ndako mibale moko eza na ba langi ya moindo na mosaka mosusu eza na ba langi ya pembe pe na moni biloko libanda ba basin na ba lipapa.
ID_ZFMADM,Na bilili oyo nali komona ba ndeko mibali baza ba konzi batelemi ba mosusu ba jeune bafandi na se te nali komona balakisi ba moko balati makulu ngulu.
ID_ZGAKHJ,Likolo ya caro ya pembe mapapa ya bilenge basi na langi ya moyindo moko emati likolo ya mosusu nyonso ezali obele pembe makomami na langi ya lilala.
ID_ZGDMMV,Zvidhori zvakawanda kwazvo zvakapfekedzwa zvuma kuitira kuti vanotenga vaone kutarisa uye zvindori zvakawaridzwa pasi zvichiitira kutengeswa.
ID_ZHLJBD,Ruva rakadzvarirwa muchinhu chinenge vhiri remapuranga. Chivhiri ichi chakatsigirwa nedombo kune rumwe rutivi. Kuseri kweruva iri kune matombo nezvimwe zvinhu zvakadonha pasi uye kune chitsiga chemuti.
ID_ZHXHFH,Foto elakisi biso mwa motuka ya monene pe eza motuka camion pe na moni likolo bato baza ebele babimi mwa voyage moko ya mboka pe na moni motuka oyo kombo na yango penze ezalaki motuka moko ya kitoko pe ezalaki motuka moko ya makasi mpona ba voyage pe mpona komema biloko mingi.
ID_ZJIPOW,Rin'i yakabatwa muruoko memunhu ichiratidza nzara dzakachikwa zvakanaka. Ringi iri ruvara rwesirivha nechekumusoro ine ruvara rwegoridhe. Kumashure kuri kuonekwa nzvimbo yekurongedzera mabhuku ine ruvara rwebhurawuni.
ID_ZJNTLH,Miti yakachekwa nechinoshandisa kuchekwa miti yacho inonzi so uye zvisimbi zvakasiyana.
ID_ZNCIGH,Chitoro chinotengeswa hembe dzechimanje manje nemabhegi echimanje manje. Pana mai vakatakura bhegi ravo ravakaisa kuruboshwe rakagadzirwa zvechimanje manje nejira pakati rikaiswa mufananidzo uripo wakanaka.
ID_ZNLWNB,Na elili oyo eza liboso nangai awa nazali komona mutuka mutuka moko ya munene mutuka oyo eza mutuka oyo ememaka batu oyo namonoko ya lopoto ba bengi bus pe bus yango ezali bongo na langi ya pembe.
ID_ZOCOTL,Motuka monene pune na yango etoboka etelemi liboso ya esika oyo eza na bendele bendele yango ya lange ya pondu ya mosaka na ya motane motuka yango eza ya lange ya mosaka liboso na yango eza na nzete ya mbila.
ID_ZOGMYL,Ndege huru iri mudenga. Yakaburitsa mavhiri ayo kuratidza kuti inoda kumhara. Ichena uye yakanyorwa namavara matema parutivi payo.
ID_ZOIAKV,Milangi mibale ya savon pona kosokola nzoto milangi mibale ya savon ya mai pona kosokola nzoto.
ID_ZPCTZV,Vatambi vange vachitamba mutambo. Vari kuratidza kuti vakunda pamutambo uyu. Vapihwa masetifiketi uye vane menduru dzavari kuratidzira.
ID_ZPDKPY,Shangu idzi dzitema uyezve dzinoratidza kuti dzakasonewa. Nechekumashure kwadzo dzinoratidza kuti dzakuperera pasi nokufamba.
ID_ZPQRJW,Kasi ezali suki ba kangi mwasi oo suki ya kitoko mingi ezali suki ya kolala kasi yango mpe eza molai mingi te eza kaka mokuse yango eza kokanga ye kitoko mingi eza na langi ya mwindu boye.
ID_ZSCIPF,Vatambi vesipoti yekiriketi vari munhandare yavo yekutambira kiriketi nevamwe vakapfeka nhumbi dzakafanana dzinobvira kumusoro dzichidzira zasi uyezve vakapfeka mabhurugwa matema namasinika akasimba.
ID_ZSRKOJ,Tiri kuona mireza yenyika dzakasiyana siyana. Pane imba inoratidza kuti panosangana vanhu vachiita misangano vanobva kwakasiyana siyana kana kuti wemapato akasiyana siyana. Tichiona mishina inoratidza kuti inogona kushandiswa kutumira nhau nezvivhitivhiti.
ID_ZSWGRX,"Michero inopa hutano uye inodzivirira kubva kuzvirwere inoti maranjisi, mabhanana, tsangamidzi uye makerotsi."
ID_ZSWMQN,Eza ba manga ba manga yango eza etondi basin ba manga yango eteli eza ya kotela mosusu eza na se pembe na basin ba manga yango kitoko makasi elengi pe.
ID_ZTKFTF,Maruva akagadzirwa zvakanaka uye miti inoyevedza. Motokari akamira nedzimwe motokari dziri nechekure nemiti mihombe.
ID_ZUCSAV,Chitoro chakaiswa mataira anopenya machena. Pane marokwe nehembe dzechikadzi dziri kubudikira dziri kutengeswa. Nechekumberi kunewo zvakaita samabhachi nemasutu ayo akaiswa mumapepa ari kutengeswa.
ID_ZUWDYE,Na bilili oyo nali komona balabala ya moindo na moni ba fleur pembeni na balabala oyo pe na moni ndako ya molai pe ya kitoko balakisi nga awa.
ID_ZVCYRR,Patapata rakaiswa pasi pane ruvara repfumbu. iro patapata iri riri repurasitiki kune rimwe divi uyezve tambo yepamusoro iri yepurasitiki rimwe divi riri puranga. Patapata iri rinoratidza kuti rakapfekwa kwenguva yakareba.
ID_ZVIXHA,Imba yokurarira ine mubhedha wakaiswa zvokufuka. Jira rakadhizainwa zvakanaka nemaruva akasiyana siyana. Kune makabhodhi kumadziro ekurongedzera mbatya nezvimwewo zvinhu. Kune rumwe rutivi kune fafitera nemaketeni.
ID_ZWVNEU,Awa na moni eza na kati ya zamba liboso na ngai nazo mona ba nyama mibale oyo ba bengaka na monoko ya lopoto singe.
ID_ZXGTRS,Na eleko nazo mona awa na misu na nga ba ndeko na moni naza na katikati ya lopango lopango oyo na moni eza na mwa porte moko ya langi ya motane pembeni ya porte wana na moni koza mwa nzete moko boye ya monene epi.
ID_ZZXYLS,Na esika oyo tomoni baza kolakisa biso eloko ba bengi trombone fantaisie declic ezali na kati ezali ba biloko oyo ya ba langi mingi na kati wana tozali komona ezali ba bic nde ezali na kati.
